// src/core/hw/ds_forwarder_stub.h
//
// The 3DS-side stub app embedded in every DS forwarder CIA (see
// tools/make_ds_forwarder.py and citra_qt/ds_forwarder_registry.h).
// Its C source lives in tools/make_ds_forwarder.py's STUB_MAIN_C -- it
// prints a short "should have redirected" message and exits on START,
// and is byte-for-byte identical for every forwarder regardless of
// which DS ROM it targets, since GMainWindow::BootGame() intercepts
// the launch by title ID before this code would ever really run.
// Because it never varies, it's compiled once (arm-none-eabi-gcc via
// devkitARM, matching tools/make_ds_forwarder.py's build_stub_elf(),
// then arm-none-eabi-strip'd) and checked in here as a plain byte
// array, following the same precedent as default_keys.h -- so nothing
// that packages a DS forwarder (SweepDSEmuNDSBrewer, and eventually
// tools/make_ds_forwarder.py itself) needs a devkitARM install.

#pragma once

#include <cstddef>

namespace HW {

constexpr unsigned char ds_forwarder_stub_elf[] = {
    0x7F, 0x45, 0x4C, 0x46, 0x01, 0x01, 0x01, 0x00, 0x00, 0x00, 0x00, 0x00, 0x00, 0x00, 0x00, 0x00,
    0x02, 0x00, 0x28, 0x00, 0x01, 0x00, 0x00, 0x00, 0x00, 0x00, 0x10, 0x00, 0x34, 0x00, 0x00, 0x00,
    0x48, 0xCE, 0x01, 0x00, 0x00, 0x04, 0x00, 0x05, 0x34, 0x00, 0x20, 0x00, 0x03, 0x00, 0x28, 0x00,
    0x0E, 0x00, 0x0D, 0x00, 0x01, 0x00, 0x00, 0x00, 0x00, 0x10, 0x00, 0x00, 0x00, 0x00, 0x10, 0x00,
    0x00, 0x00, 0x10, 0x00, 0x3C, 0x77, 0x01, 0x00, 0x3C, 0x77, 0x01, 0x00, 0x05, 0x00, 0x00, 0x00,
    0x00, 0x10, 0x00, 0x00, 0x01, 0x00, 0x00, 0x00, 0x00, 0x90, 0x01, 0x00, 0x00, 0x80, 0x11, 0x00,
    0x00, 0x80, 0x11, 0x00, 0xA0, 0x15, 0x00, 0x00, 0xA0, 0x15, 0x00, 0x00, 0x04, 0x00, 0x00, 0x00,
    0x00, 0x10, 0x00, 0x00, 0x01, 0x00, 0x00, 0x00, 0x00, 0xB0, 0x01, 0x00, 0x00, 0xA0, 0x11, 0x00,
    0x00, 0xA0, 0x11, 0x00, 0xA8, 0x1D, 0x00, 0x00, 0xD0, 0x4B, 0x00, 0x00, 0x06, 0x00, 0x00, 0x00,
    0x00, 0x10, 0x00, 0x00, 0x00, 0x00, 0x00, 0x00, 0x00, 0x00, 0x00, 0x00, 0x00, 0x00, 0x00, 0x00,
    0x00, 0x00, 0x00, 0x00, 0x00, 0x00, 0x00, 0x00, 0x00, 0x00, 0x00, 0x00, 0x00, 0x00, 0x00, 0x00,
    0x00, 0x00, 0x00, 0x00, 0x00, 0x00, 0x00, 0x00, 0x00, 0x00, 0x00, 0x00, 0x00, 0x00, 0x00, 0x00,
    0x00, 0x00, 0x00, 0x00, 0x00, 0x00, 0x00, 0x00, 0x00, 0x00, 0x00, 0x00, 0x00, 0x00, 0x00, 0x00,
    0x00, 0x00, 0x00, 0x00, 0x00, 0x00, 0x00, 0x00, 0x00, 0x00, 0x00, 0x00, 0x00, 0x00, 0x00, 0x00,
    0x00, 0x00, 0x00, 0x00, 0x00, 0x00, 0x00, 0x00, 0x00, 0x00, 0x00, 0x00, 0x00, 0x00, 0x00, 0x00,
    0x00, 0x00, 0x00, 0x00, 0x00, 0x00, 0x00, 0x00, 0x00, 0x00, 0x00, 0x00, 0x00, 0x00, 0x00, 0x00,
    0x00, 0x00, 0x00, 0x00, 0x00, 0x00, 0x00, 0x00, 0x00, 0x00, 0x00, 0x00, 0x00, 0x00, 0x00, 0x00,
    0x00, 0x00, 0x00, 0x00, 0x00, 0x00, 0x00, 0x00, 0x00, 0x00, 0x00, 0x00, 0x00, 0x00, 0x00, 0x00,
    0x00, 0x00, 0x00, 0x00, 0x00, 0x00, 0x00, 0x00, 0x00, 0x00, 0x00, 0x00, 0x00, 0x00, 0x00, 0x00,
    0x00, 0x00, 0x00, 0x00, 0x00, 0x00, 0x00, 0x00, 0x00, 0x00, 0x00, 0x00, 0x00, 0x00, 0x00, 0x00,
    0x00, 0x00, 0x00, 0x00, 0x00, 0x00, 0x00, 0x00, 0x00, 0x00, 0x00, 0x00, 0x00, 0x00, 0x00, 0x00,
    0x00, 0x00, 0x00, 0x00, 0x00, 0x00, 0x00, 0x00, 0x00, 0x00, 0x00, 0x00, 0x00, 0x00, 0x00, 0x00,
    0x00, 0x00, 0x00, 0x00, 0x00, 0x00, 0x00, 0x00, 0x00, 0x00, 0x00, 0x00, 0x00, 0x00, 0x00, 0x00,
    0x00, 0x00, 0x00, 0x00, 0x00, 0x00, 0x00, 0x00, 0x00, 0x00, 0x00, 0x00, 0x00, 0x00, 0x00, 0x00,
    0x00, 0x00, 0x00, 0x00, 0x00, 0x00, 0x00, 0x00, 0x00, 0x00, 0x00, 0x00, 0x00, 0x00, 0x00, 0x00,
    0x00, 0x00, 0x00, 0x00, 0x00, 0x00, 0x00, 0x00, 0x00, 0x00, 0x00, 0x00, 0x00, 0x00, 0x00, 0x00,
    0x00, 0x00, 0x00, 0x00, 0x00, 0x00, 0x00, 0x00, 0x00, 0x00, 0x00, 0x00, 0x00, 0x00, 0x00, 0x00,
    0x00, 0x00, 0x00, 0x00, 0x00, 0x00, 0x00, 0x00, 0x00, 0x00, 0x00, 0x00, 0x00, 0x00, 0x00, 0x00,
    0x00, 0x00, 0x00, 0x00, 0x00, 0x00, 0x00, 0x00, 0x00, 0x00, 0x00, 0x00, 0x00, 0x00, 0x00, 0x00,
    0x00, 0x00, 0x00, 0x00, 0x00, 0x00, 0x00, 0x00, 0x00, 0x00, 0x00, 0x00, 0x00, 0x00, 0x00, 0x00,
    0x00, 0x00, 0x00, 0x00, 0x00, 0x00, 0x00, 0x00, 0x00, 0x00, 0x00, 0x00, 0x00, 0x00, 0x00, 0x00,
    0x00, 0x00, 0x00, 0x00, 0x00, 0x00, 0x00, 0x00, 0x00, 0x00, 0x00, 0x00, 0x00, 0x00, 0x00, 0x00,
    0x00, 0x00, 0x00, 0x00, 0x00, 0x00, 0x00, 0x00, 0x00, 0x00, 0x00, 0x00, 0x00, 0x00, 0x00, 0x00,
    0x00, 0x00, 0x00, 0x00, 0x00, 0x00, 0x00, 0x00, 0x00, 0x00, 0x00, 0x00, 0x00, 0x00, 0x00, 0x00,
    0x00, 0x00, 0x00, 0x00, 0x00, 0x00, 0x00, 0x00, 0x00, 0x00, 0x00, 0x00, 0x00, 0x00, 0x00, 0x00,
    0x00, 0x00, 0x00, 0x00, 0x00, 0x00, 0x00, 0x00, 0x00, 0x00, 0x00, 0x00, 0x00, 0x00, 0x00, 0x00,
    0x00, 0x00, 0x00, 0x00, 0x00, 0x00, 0x00, 0x00, 0x00, 0x00, 0x00, 0x00, 0x00, 0x00, 0x00, 0x00,
    0x00, 0x00, 0x00, 0x00, 0x00, 0x00, 0x00, 0x00, 0x00, 0x00, 0x00, 0x00, 0x00, 0x00, 0x00, 0x00,
    0x00, 0x00, 0x00, 0x00, 0x00, 0x00, 0x00, 0x00, 0x00, 0x00, 0x00, 0x00, 0x00, 0x00, 0x00, 0x00,
    0x00, 0x00, 0x00, 0x00, 0x00, 0x00, 0x00, 0x00, 0x00, 0x00, 0x00, 0x00, 0x00, 0x00, 0x00, 0x00,
    0x00, 0x00, 0x00, 0x00, 0x00, 0x00, 0x00, 0x00, 0x00, 0x00, 0x00, 0x00, 0x00, 0x00, 0x00, 0x00,
    0x00, 0x00, 0x00, 0x00, 0x00, 0x00, 0x00, 0x00, 0x00, 0x00, 0x00, 0x00, 0x00, 0x00, 0x00, 0x00,
    0x00, 0x00, 0x00, 0x00, 0x00, 0x00, 0x00, 0x00, 0x00, 0x00, 0x00, 0x00, 0x00, 0x00, 0x00, 0x00,
    0x00, 0x00, 0x00, 0x00, 0x00, 0x00, 0x00, 0x00, 0x00, 0x00, 0x00, 0x00, 0x00, 0x00, 0x00, 0x00,
    0x00, 0x00, 0x00, 0x00, 0x00, 0x00, 0x00, 0x00, 0x00, 0x00, 0x00, 0x00, 0x00, 0x00, 0x00, 0x00,
    0x00, 0x00, 0x00, 0x00, 0x00, 0x00, 0x00, 0x00, 0x00, 0x00, 0x00, 0x00, 0x00, 0x00, 0x00, 0x00,
    0x00, 0x00, 0x00, 0x00, 0x00, 0x00, 0x00, 0x00, 0x00, 0x00, 0x00, 0x00, 0x00, 0x00, 0x00, 0x00,
    0x00, 0x00, 0x00, 0x00, 0x00, 0x00, 0x00, 0x00, 0x00, 0x00, 0x00, 0x00, 0x00, 0x00, 0x00, 0x00,
    0x00, 0x00, 0x00, 0x00, 0x00, 0x00, 0x00, 0x00, 0x00, 0x00, 0x00, 0x00, 0x00, 0x00, 0x00, 0x00,
    0x00, 0x00, 0x00, 0x00, 0x00, 0x00, 0x00, 0x00, 0x00, 0x00, 0x00, 0x00, 0x00, 0x00, 0x00, 0x00,
    0x00, 0x00, 0x00, 0x00, 0x00, 0x00, 0x00, 0x00, 0x00, 0x00, 0x00, 0x00, 0x00, 0x00, 0x00, 0x00,
    0x00, 0x00, 0x00, 0x00, 0x00, 0x00, 0x00, 0x00, 0x00, 0x00, 0x00, 0x00, 0x00, 0x00, 0x00, 0x00,
    0x00, 0x00, 0x00, 0x00, 0x00, 0x00, 0x00, 0x00, 0x00, 0x00, 0x00, 0x00, 0x00, 0x00, 0x00, 0x00,
    0x00, 0x00, 0x00, 0x00, 0x00, 0x00, 0x00, 0x00, 0x00, 0x00, 0x00, 0x00, 0x00, 0x00, 0x00, 0x00,
    0x00, 0x00, 0x00, 0x00, 0x00, 0x00, 0x00, 0x00, 0x00, 0x00, 0x00, 0x00, 0x00, 0x00, 0x00, 0x00,
    0x00, 0x00, 0x00, 0x00, 0x00, 0x00, 0x00, 0x00, 0x00, 0x00, 0x00, 0x00, 0x00, 0x00, 0x00, 0x00,
    0x00, 0x00, 0x00, 0x00, 0x00, 0x00, 0x00, 0x00, 0x00, 0x00, 0x00, 0x00, 0x00, 0x00, 0x00, 0x00,
    0x00, 0x00, 0x00, 0x00, 0x00, 0x00, 0x00, 0x00, 0x00, 0x00, 0x00, 0x00, 0x00, 0x00, 0x00, 0x00,
    0x00, 0x00, 0x00, 0x00, 0x00, 0x00, 0x00, 0x00, 0x00, 0x00, 0x00, 0x00, 0x00, 0x00, 0x00, 0x00,
    0x00, 0x00, 0x00, 0x00, 0x00, 0x00, 0x00, 0x00, 0x00, 0x00, 0x00, 0x00, 0x00, 0x00, 0x00, 0x00,
    0x00, 0x00, 0x00, 0x00, 0x00, 0x00, 0x00, 0x00, 0x00, 0x00, 0x00, 0x00, 0x00, 0x00, 0x00, 0x00,
    0x00, 0x00, 0x00, 0x00, 0x00, 0x00, 0x00, 0x00, 0x00, 0x00, 0x00, 0x00, 0x00, 0x00, 0x00, 0x00,
    0x00, 0x00, 0x00, 0x00, 0x00, 0x00, 0x00, 0x00, 0x00, 0x00, 0x00, 0x00, 0x00, 0x00, 0x00, 0x00,
    0x00, 0x00, 0x00, 0x00, 0x00, 0x00, 0x00, 0x00, 0x00, 0x00, 0x00, 0x00, 0x00, 0x00, 0x00, 0x00,
    0x00, 0x00, 0x00, 0x00, 0x00, 0x00, 0x00, 0x00, 0x00, 0x00, 0x00, 0x00, 0x00, 0x00, 0x00, 0x00,
    0x00, 0x00, 0x00, 0x00, 0x00, 0x00, 0x00, 0x00, 0x00, 0x00, 0x00, 0x00, 0x00, 0x00, 0x00, 0x00,
    0x00, 0x00, 0x00, 0x00, 0x00, 0x00, 0x00, 0x00, 0x00, 0x00, 0x00, 0x00, 0x00, 0x00, 0x00, 0x00,
    0x00, 0x00, 0x00, 0x00, 0x00, 0x00, 0x00, 0x00, 0x00, 0x00, 0x00, 0x00, 0x00, 0x00, 0x00, 0x00,
    0x00, 0x00, 0x00, 0x00, 0x00, 0x00, 0x00, 0x00, 0x00, 0x00, 0x00, 0x00, 0x00, 0x00, 0x00, 0x00,
    0x00, 0x00, 0x00, 0x00, 0x00, 0x00, 0x00, 0x00, 0x00, 0x00, 0x00, 0x00, 0x00, 0x00, 0x00, 0x00,
    0x00, 0x00, 0x00, 0x00, 0x00, 0x00, 0x00, 0x00, 0x00, 0x00, 0x00, 0x00, 0x00, 0x00, 0x00, 0x00,
    0x00, 0x00, 0x00, 0x00, 0x00, 0x00, 0x00, 0x00, 0x00, 0x00, 0x00, 0x00, 0x00, 0x00, 0x00, 0x00,
    0x00, 0x00, 0x00, 0x00, 0x00, 0x00, 0x00, 0x00, 0x00, 0x00, 0x00, 0x00, 0x00, 0x00, 0x00, 0x00,
    0x00, 0x00, 0x00, 0x00, 0x00, 0x00, 0x00, 0x00, 0x00, 0x00, 0x00, 0x00, 0x00, 0x00, 0x00, 0x00,
    0x00, 0x00, 0x00, 0x00, 0x00, 0x00, 0x00, 0x00, 0x00, 0x00, 0x00, 0x00, 0x00, 0x00, 0x00, 0x00,
    0x00, 0x00, 0x00, 0x00, 0x00, 0x00, 0x00, 0x00, 0x00, 0x00, 0x00, 0x00, 0x00, 0x00, 0x00, 0x00,
    0x00, 0x00, 0x00, 0x00, 0x00, 0x00, 0x00, 0x00, 0x00, 0x00, 0x00, 0x00, 0x00, 0x00, 0x00, 0x00,
    0x00, 0x00, 0x00, 0x00, 0x00, 0x00, 0x00, 0x00, 0x00, 0x00, 0x00, 0x00, 0x00, 0x00, 0x00, 0x00,
    0x00, 0x00, 0x00, 0x00, 0x00, 0x00, 0x00, 0x00, 0x00, 0x00, 0x00, 0x00, 0x00, 0x00, 0x00, 0x00,
    0x00, 0x00, 0x00, 0x00, 0x00, 0x00, 0x00, 0x00, 0x00, 0x00, 0x00, 0x00, 0x00, 0x00, 0x00, 0x00,
    0x00, 0x00, 0x00, 0x00, 0x00, 0x00, 0x00, 0x00, 0x00, 0x00, 0x00, 0x00, 0x00, 0x00, 0x00, 0x00,
    0x00, 0x00, 0x00, 0x00, 0x00, 0x00, 0x00, 0x00, 0x00, 0x00, 0x00, 0x00, 0x00, 0x00, 0x00, 0x00,
    0x00, 0x00, 0x00, 0x00, 0x00, 0x00, 0x00, 0x00, 0x00, 0x00, 0x00, 0x00, 0x00, 0x00, 0x00, 0x00,
    0x00, 0x00, 0x00, 0x00, 0x00, 0x00, 0x00, 0x00, 0x00, 0x00, 0x00, 0x00, 0x00, 0x00, 0x00, 0x00,
    0x00, 0x00, 0x00, 0x00, 0x00, 0x00, 0x00, 0x00, 0x00, 0x00, 0x00, 0x00, 0x00, 0x00, 0x00, 0x00,
    0x00, 0x00, 0x00, 0x00, 0x00, 0x00, 0x00, 0x00, 0x00, 0x00, 0x00, 0x00, 0x00, 0x00, 0x00, 0x00,
    0x00, 0x00, 0x00, 0x00, 0x00, 0x00, 0x00, 0x00, 0x00, 0x00, 0x00, 0x00, 0x00, 0x00, 0x00, 0x00,
    0x00, 0x00, 0x00, 0x00, 0x00, 0x00, 0x00, 0x00, 0x00, 0x00, 0x00, 0x00, 0x00, 0x00, 0x00, 0x00,
    0x00, 0x00, 0x00, 0x00, 0x00, 0x00, 0x00, 0x00, 0x00, 0x00, 0x00, 0x00, 0x00, 0x00, 0x00, 0x00,
    0x00, 0x00, 0x00, 0x00, 0x00, 0x00, 0x00, 0x00, 0x00, 0x00, 0x00, 0x00, 0x00, 0x00, 0x00, 0x00,
    0x00, 0x00, 0x00, 0x00, 0x00, 0x00, 0x00, 0x00, 0x00, 0x00, 0x00, 0x00, 0x00, 0x00, 0x00, 0x00,
    0x00, 0x00, 0x00, 0x00, 0x00, 0x00, 0x00, 0x00, 0x00, 0x00, 0x00, 0x00, 0x00, 0x00, 0x00, 0x00,
    0x00, 0x00, 0x00, 0x00, 0x00, 0x00, 0x00, 0x00, 0x00, 0x00, 0x00, 0x00, 0x00, 0x00, 0x00, 0x00,
    0x00, 0x00, 0x00, 0x00, 0x00, 0x00, 0x00, 0x00, 0x00, 0x00, 0x00, 0x00, 0x00, 0x00, 0x00, 0x00,
    0x00, 0x00, 0x00, 0x00, 0x00, 0x00, 0x00, 0x00, 0x00, 0x00, 0x00, 0x00, 0x00, 0x00, 0x00, 0x00,
    0x00, 0x00, 0x00, 0x00, 0x00, 0x00, 0x00, 0x00, 0x00, 0x00, 0x00, 0x00, 0x00, 0x00, 0x00, 0x00,
    0x00, 0x00, 0x00, 0x00, 0x00, 0x00, 0x00, 0x00, 0x00, 0x00, 0x00, 0x00, 0x00, 0x00, 0x00, 0x00,
    0x00, 0x00, 0x00, 0x00, 0x00, 0x00, 0x00, 0x00, 0x00, 0x00, 0x00, 0x00, 0x00, 0x00, 0x00, 0x00,
    0x00, 0x00, 0x00, 0x00, 0x00, 0x00, 0x00, 0x00, 0x00, 0x00, 0x00, 0x00, 0x00, 0x00, 0x00, 0x00,
    0x00, 0x00, 0x00, 0x00, 0x00, 0x00, 0x00, 0x00, 0x00, 0x00, 0x00, 0x00, 0x00, 0x00, 0x00, 0x00,
    0x00, 0x00, 0x00, 0x00, 0x00, 0x00, 0x00, 0x00, 0x00, 0x00, 0x00, 0x00, 0x00, 0x00, 0x00, 0x00,
    0x00, 0x00, 0x00, 0x00, 0x00, 0x00, 0x00, 0x00, 0x00, 0x00, 0x00, 0x00, 0x00, 0x00, 0x00, 0x00,
    0x00, 0x00, 0x00, 0x00, 0x00, 0x00, 0x00, 0x00, 0x00, 0x00, 0x00, 0x00, 0x00, 0x00, 0x00, 0x00,
    0x00, 0x00, 0x00, 0x00, 0x00, 0x00, 0x00, 0x00, 0x00, 0x00, 0x00, 0x00, 0x00, 0x00, 0x00, 0x00,
    0x00, 0x00, 0x00, 0x00, 0x00, 0x00, 0x00, 0x00, 0x00, 0x00, 0x00, 0x00, 0x00, 0x00, 0x00, 0x00,
    0x00, 0x00, 0x00, 0x00, 0x00, 0x00, 0x00, 0x00, 0x00, 0x00, 0x00, 0x00, 0x00, 0x00, 0x00, 0x00,
    0x00, 0x00, 0x00, 0x00, 0x00, 0x00, 0x00, 0x00, 0x00, 0x00, 0x00, 0x00, 0x00, 0x00, 0x00, 0x00,
    0x00, 0x00, 0x00, 0x00, 0x00, 0x00, 0x00, 0x00, 0x00, 0x00, 0x00, 0x00, 0x00, 0x00, 0x00, 0x00,
    0x00, 0x00, 0x00, 0x00, 0x00, 0x00, 0x00, 0x00, 0x00, 0x00, 0x00, 0x00, 0x00, 0x00, 0x00, 0x00,
    0x00, 0x00, 0x00, 0x00, 0x00, 0x00, 0x00, 0x00, 0x00, 0x00, 0x00, 0x00, 0x00, 0x00, 0x00, 0x00,
    0x00, 0x00, 0x00, 0x00, 0x00, 0x00, 0x00, 0x00, 0x00, 0x00, 0x00, 0x00, 0x00, 0x00, 0x00, 0x00,
    0x00, 0x00, 0x00, 0x00, 0x00, 0x00, 0x00, 0x00, 0x00, 0x00, 0x00, 0x00, 0x00, 0x00, 0x00, 0x00,
    0x00, 0x00, 0x00, 0x00, 0x00, 0x00, 0x00, 0x00, 0x00, 0x00, 0x00, 0x00, 0x00, 0x00, 0x00, 0x00,
    0x00, 0x00, 0x00, 0x00, 0x00, 0x00, 0x00, 0x00, 0x00, 0x00, 0x00, 0x00, 0x00, 0x00, 0x00, 0x00,
    0x00, 0x00, 0x00, 0x00, 0x00, 0x00, 0x00, 0x00, 0x00, 0x00, 0x00, 0x00, 0x00, 0x00, 0x00, 0x00,
    0x00, 0x00, 0x00, 0x00, 0x00, 0x00, 0x00, 0x00, 0x00, 0x00, 0x00, 0x00, 0x00, 0x00, 0x00, 0x00,
    0x00, 0x00, 0x00, 0x00, 0x00, 0x00, 0x00, 0x00, 0x00, 0x00, 0x00, 0x00, 0x00, 0x00, 0x00, 0x00,
    0x00, 0x00, 0x00, 0x00, 0x00, 0x00, 0x00, 0x00, 0x00, 0x00, 0x00, 0x00, 0x00, 0x00, 0x00, 0x00,
    0x00, 0x00, 0x00, 0x00, 0x00, 0x00, 0x00, 0x00, 0x00, 0x00, 0x00, 0x00, 0x00, 0x00, 0x00, 0x00,
    0x00, 0x00, 0x00, 0x00, 0x00, 0x00, 0x00, 0x00, 0x00, 0x00, 0x00, 0x00, 0x00, 0x00, 0x00, 0x00,
    0x00, 0x00, 0x00, 0x00, 0x00, 0x00, 0x00, 0x00, 0x00, 0x00, 0x00, 0x00, 0x00, 0x00, 0x00, 0x00,
    0x00, 0x00, 0x00, 0x00, 0x00, 0x00, 0x00, 0x00, 0x00, 0x00, 0x00, 0x00, 0x00, 0x00, 0x00, 0x00,
    0x00, 0x00, 0x00, 0x00, 0x00, 0x00, 0x00, 0x00, 0x00, 0x00, 0x00, 0x00, 0x00, 0x00, 0x00, 0x00,
    0x00, 0x00, 0x00, 0x00, 0x00, 0x00, 0x00, 0x00, 0x00, 0x00, 0x00, 0x00, 0x00, 0x00, 0x00, 0x00,
    0x00, 0x00, 0x00, 0x00, 0x00, 0x00, 0x00, 0x00, 0x00, 0x00, 0x00, 0x00, 0x00, 0x00, 0x00, 0x00,
    0x00, 0x00, 0x00, 0x00, 0x00, 0x00, 0x00, 0x00, 0x00, 0x00, 0x00, 0x00, 0x00, 0x00, 0x00, 0x00,
    0x00, 0x00, 0x00, 0x00, 0x00, 0x00, 0x00, 0x00, 0x00, 0x00, 0x00, 0x00, 0x00, 0x00, 0x00, 0x00,
    0x00, 0x00, 0x00, 0x00, 0x00, 0x00, 0x00, 0x00, 0x00, 0x00, 0x00, 0x00, 0x00, 0x00, 0x00, 0x00,
    0x00, 0x00, 0x00, 0x00, 0x00, 0x00, 0x00, 0x00, 0x00, 0x00, 0x00, 0x00, 0x00, 0x00, 0x00, 0x00,
    0x00, 0x00, 0x00, 0x00, 0x00, 0x00, 0x00, 0x00, 0x00, 0x00, 0x00, 0x00, 0x00, 0x00, 0x00, 0x00,
    0x00, 0x00, 0x00, 0x00, 0x00, 0x00, 0x00, 0x00, 0x00, 0x00, 0x00, 0x00, 0x00, 0x00, 0x00, 0x00,
    0x00, 0x00, 0x00, 0x00, 0x00, 0x00, 0x00, 0x00, 0x00, 0x00, 0x00, 0x00, 0x00, 0x00, 0x00, 0x00,
    0x00, 0x00, 0x00, 0x00, 0x00, 0x00, 0x00, 0x00, 0x00, 0x00, 0x00, 0x00, 0x00, 0x00, 0x00, 0x00,
    0x00, 0x00, 0x00, 0x00, 0x00, 0x00, 0x00, 0x00, 0x00, 0x00, 0x00, 0x00, 0x00, 0x00, 0x00, 0x00,
    0x00, 0x00, 0x00, 0x00, 0x00, 0x00, 0x00, 0x00, 0x00, 0x00, 0x00, 0x00, 0x00, 0x00, 0x00, 0x00,
    0x00, 0x00, 0x00, 0x00, 0x00, 0x00, 0x00, 0x00, 0x00, 0x00, 0x00, 0x00, 0x00, 0x00, 0x00, 0x00,
    0x00, 0x00, 0x00, 0x00, 0x00, 0x00, 0x00, 0x00, 0x00, 0x00, 0x00, 0x00, 0x00, 0x00, 0x00, 0x00,
    0x00, 0x00, 0x00, 0x00, 0x00, 0x00, 0x00, 0x00, 0x00, 0x00, 0x00, 0x00, 0x00, 0x00, 0x00, 0x00,
    0x00, 0x00, 0x00, 0x00, 0x00, 0x00, 0x00, 0x00, 0x00, 0x00, 0x00, 0x00, 0x00, 0x00, 0x00, 0x00,
    0x00, 0x00, 0x00, 0x00, 0x00, 0x00, 0x00, 0x00, 0x00, 0x00, 0x00, 0x00, 0x00, 0x00, 0x00, 0x00,
    0x00, 0x00, 0x00, 0x00, 0x00, 0x00, 0x00, 0x00, 0x00, 0x00, 0x00, 0x00, 0x00, 0x00, 0x00, 0x00,
    0x00, 0x00, 0x00, 0x00, 0x00, 0x00, 0x00, 0x00, 0x00, 0x00, 0x00, 0x00, 0x00, 0x00, 0x00, 0x00,
    0x00, 0x00, 0x00, 0x00, 0x00, 0x00, 0x00, 0x00, 0x00, 0x00, 0x00, 0x00, 0x00, 0x00, 0x00, 0x00,
    0x00, 0x00, 0x00, 0x00, 0x00, 0x00, 0x00, 0x00, 0x00, 0x00, 0x00, 0x00, 0x00, 0x00, 0x00, 0x00,
    0x00, 0x00, 0x00, 0x00, 0x00, 0x00, 0x00, 0x00, 0x00, 0x00, 0x00, 0x00, 0x00, 0x00, 0x00, 0x00,
    0x00, 0x00, 0x00, 0x00, 0x00, 0x00, 0x00, 0x00, 0x00, 0x00, 0x00, 0x00, 0x00, 0x00, 0x00, 0x00,
    0x00, 0x00, 0x00, 0x00, 0x00, 0x00, 0x00, 0x00, 0x00, 0x00, 0x00, 0x00, 0x00, 0x00, 0x00, 0x00,
    0x00, 0x00, 0x00, 0x00, 0x00, 0x00, 0x00, 0x00, 0x00, 0x00, 0x00, 0x00, 0x00, 0x00, 0x00, 0x00,
    0x00, 0x00, 0x00, 0x00, 0x00, 0x00, 0x00, 0x00, 0x00, 0x00, 0x00, 0x00, 0x00, 0x00, 0x00, 0x00,
    0x00, 0x00, 0x00, 0x00, 0x00, 0x00, 0x00, 0x00, 0x00, 0x00, 0x00, 0x00, 0x00, 0x00, 0x00, 0x00,
    0x00, 0x00, 0x00, 0x00, 0x00, 0x00, 0x00, 0x00, 0x00, 0x00, 0x00, 0x00, 0x00, 0x00, 0x00, 0x00,
    0x00, 0x00, 0x00, 0x00, 0x00, 0x00, 0x00, 0x00, 0x00, 0x00, 0x00, 0x00, 0x00, 0x00, 0x00, 0x00,
    0x00, 0x00, 0x00, 0x00, 0x00, 0x00, 0x00, 0x00, 0x00, 0x00, 0x00, 0x00, 0x00, 0x00, 0x00, 0x00,
    0x00, 0x00, 0x00, 0x00, 0x00, 0x00, 0x00, 0x00, 0x00, 0x00, 0x00, 0x00, 0x00, 0x00, 0x00, 0x00,
    0x00, 0x00, 0x00, 0x00, 0x00, 0x00, 0x00, 0x00, 0x00, 0x00, 0x00, 0x00, 0x00, 0x00, 0x00, 0x00,
    0x00, 0x00, 0x00, 0x00, 0x00, 0x00, 0x00, 0x00, 0x00, 0x00, 0x00, 0x00, 0x00, 0x00, 0x00, 0x00,
    0x00, 0x00, 0x00, 0x00, 0x00, 0x00, 0x00, 0x00, 0x00, 0x00, 0x00, 0x00, 0x00, 0x00, 0x00, 0x00,
    0x00, 0x00, 0x00, 0x00, 0x00, 0x00, 0x00, 0x00, 0x00, 0x00, 0x00, 0x00, 0x00, 0x00, 0x00, 0x00,
    0x00, 0x00, 0x00, 0x00, 0x00, 0x00, 0x00, 0x00, 0x00, 0x00, 0x00, 0x00, 0x00, 0x00, 0x00, 0x00,
    0x00, 0x00, 0x00, 0x00, 0x00, 0x00, 0x00, 0x00, 0x00, 0x00, 0x00, 0x00, 0x00, 0x00, 0x00, 0x00,
    0x00, 0x00, 0x00, 0x00, 0x00, 0x00, 0x00, 0x00, 0x00, 0x00, 0x00, 0x00, 0x00, 0x00, 0x00, 0x00,
    0x00, 0x00, 0x00, 0x00, 0x00, 0x00, 0x00, 0x00, 0x00, 0x00, 0x00, 0x00, 0x00, 0x00, 0x00, 0x00,
    0x00, 0x00, 0x00, 0x00, 0x00, 0x00, 0x00, 0x00, 0x00, 0x00, 0x00, 0x00, 0x00, 0x00, 0x00, 0x00,
    0x00, 0x00, 0x00, 0x00, 0x00, 0x00, 0x00, 0x00, 0x00, 0x00, 0x00, 0x00, 0x00, 0x00, 0x00, 0x00,
    0x00, 0x00, 0x00, 0x00, 0x00, 0x00, 0x00, 0x00, 0x00, 0x00, 0x00, 0x00, 0x00, 0x00, 0x00, 0x00,
    0x00, 0x00, 0x00, 0x00, 0x00, 0x00, 0x00, 0x00, 0x00, 0x00, 0x00, 0x00, 0x00, 0x00, 0x00, 0x00,
    0x00, 0x00, 0x00, 0x00, 0x00, 0x00, 0x00, 0x00, 0x00, 0x00, 0x00, 0x00, 0x00, 0x00, 0x00, 0x00,
    0x00, 0x00, 0x00, 0x00, 0x00, 0x00, 0x00, 0x00, 0x00, 0x00, 0x00, 0x00, 0x00, 0x00, 0x00, 0x00,
    0x00, 0x00, 0x00, 0x00, 0x00, 0x00, 0x00, 0x00, 0x00, 0x00, 0x00, 0x00, 0x00, 0x00, 0x00, 0x00,
    0x00, 0x00, 0x00, 0x00, 0x00, 0x00, 0x00, 0x00, 0x00, 0x00, 0x00, 0x00, 0x00, 0x00, 0x00, 0x00,
    0x00, 0x00, 0x00, 0x00, 0x00, 0x00, 0x00, 0x00, 0x00, 0x00, 0x00, 0x00, 0x00, 0x00, 0x00, 0x00,
    0x00, 0x00, 0x00, 0x00, 0x00, 0x00, 0x00, 0x00, 0x00, 0x00, 0x00, 0x00, 0x00, 0x00, 0x00, 0x00,
    0x00, 0x00, 0x00, 0x00, 0x00, 0x00, 0x00, 0x00, 0x00, 0x00, 0x00, 0x00, 0x00, 0x00, 0x00, 0x00,
    0x00, 0x00, 0x00, 0x00, 0x00, 0x00, 0x00, 0x00, 0x00, 0x00, 0x00, 0x00, 0x00, 0x00, 0x00, 0x00,
    0x00, 0x00, 0x00, 0x00, 0x00, 0x00, 0x00, 0x00, 0x00, 0x00, 0x00, 0x00, 0x00, 0x00, 0x00, 0x00,
    0x00, 0x00, 0x00, 0x00, 0x00, 0x00, 0x00, 0x00, 0x00, 0x00, 0x00, 0x00, 0x00, 0x00, 0x00, 0x00,
    0x00, 0x00, 0x00, 0x00, 0x00, 0x00, 0x00, 0x00, 0x00, 0x00, 0x00, 0x00, 0x00, 0x00, 0x00, 0x00,
    0x00, 0x00, 0x00, 0x00, 0x00, 0x00, 0x00, 0x00, 0x00, 0x00, 0x00, 0x00, 0x00, 0x00, 0x00, 0x00,
    0x00, 0x00, 0x00, 0x00, 0x00, 0x00, 0x00, 0x00, 0x00, 0x00, 0x00, 0x00, 0x00, 0x00, 0x00, 0x00,
    0x00, 0x00, 0x00, 0x00, 0x00, 0x00, 0x00, 0x00, 0x00, 0x00, 0x00, 0x00, 0x00, 0x00, 0x00, 0x00,
    0x00, 0x00, 0x00, 0x00, 0x00, 0x00, 0x00, 0x00, 0x00, 0x00, 0x00, 0x00, 0x00, 0x00, 0x00, 0x00,
    0x00, 0x00, 0x00, 0x00, 0x00, 0x00, 0x00, 0x00, 0x00, 0x00, 0x00, 0x00, 0x00, 0x00, 0x00, 0x00,
    0x00, 0x00, 0x00, 0x00, 0x00, 0x00, 0x00, 0x00, 0x00, 0x00, 0x00, 0x00, 0x00, 0x00, 0x00, 0x00,
    0x00, 0x00, 0x00, 0x00, 0x00, 0x00, 0x00, 0x00, 0x00, 0x00, 0x00, 0x00, 0x00, 0x00, 0x00, 0x00,
    0x00, 0x00, 0x00, 0x00, 0x00, 0x00, 0x00, 0x00, 0x00, 0x00, 0x00, 0x00, 0x00, 0x00, 0x00, 0x00,
    0x00, 0x00, 0x00, 0x00, 0x00, 0x00, 0x00, 0x00, 0x00, 0x00, 0x00, 0x00, 0x00, 0x00, 0x00, 0x00,
    0x00, 0x00, 0x00, 0x00, 0x00, 0x00, 0x00, 0x00, 0x00, 0x00, 0x00, 0x00, 0x00, 0x00, 0x00, 0x00,
    0x00, 0x00, 0x00, 0x00, 0x00, 0x00, 0x00, 0x00, 0x00, 0x00, 0x00, 0x00, 0x00, 0x00, 0x00, 0x00,
    0x00, 0x00, 0x00, 0x00, 0x00, 0x00, 0x00, 0x00, 0x00, 0x00, 0x00, 0x00, 0x00, 0x00, 0x00, 0x00,
    0x00, 0x00, 0x00, 0x00, 0x00, 0x00, 0x00, 0x00, 0x00, 0x00, 0x00, 0x00, 0x00, 0x00, 0x00, 0x00,
    0x00, 0x00, 0x00, 0x00, 0x00, 0x00, 0x00, 0x00, 0x00, 0x00, 0x00, 0x00, 0x00, 0x00, 0x00, 0x00,
    0x00, 0x00, 0x00, 0x00, 0x00, 0x00, 0x00, 0x00, 0x00, 0x00, 0x00, 0x00, 0x00, 0x00, 0x00, 0x00,
    0x00, 0x00, 0x00, 0x00, 0x00, 0x00, 0x00, 0x00, 0x00, 0x00, 0x00, 0x00, 0x00, 0x00, 0x00, 0x00,
    0x00, 0x00, 0x00, 0x00, 0x00, 0x00, 0x00, 0x00, 0x00, 0x00, 0x00, 0x00, 0x00, 0x00, 0x00, 0x00,
    0x00, 0x00, 0x00, 0x00, 0x00, 0x00, 0x00, 0x00, 0x00, 0x00, 0x00, 0x00, 0x00, 0x00, 0x00, 0x00,
    0x00, 0x00, 0x00, 0x00, 0x00, 0x00, 0x00, 0x00, 0x00, 0x00, 0x00, 0x00, 0x00, 0x00, 0x00, 0x00,
    0x00, 0x00, 0x00, 0x00, 0x00, 0x00, 0x00, 0x00, 0x00, 0x00, 0x00, 0x00, 0x00, 0x00, 0x00, 0x00,
    0x00, 0x00, 0x00, 0x00, 0x00, 0x00, 0x00, 0x00, 0x00, 0x00, 0x00, 0x00, 0x00, 0x00, 0x00, 0x00,
    0x00, 0x00, 0x00, 0x00, 0x00, 0x00, 0x00, 0x00, 0x00, 0x00, 0x00, 0x00, 0x00, 0x00, 0x00, 0x00,
    0x00, 0x00, 0x00, 0x00, 0x00, 0x00, 0x00, 0x00, 0x00, 0x00, 0x00, 0x00, 0x00, 0x00, 0x00, 0x00,
    0x00, 0x00, 0x00, 0x00, 0x00, 0x00, 0x00, 0x00, 0x00, 0x00, 0x00, 0x00, 0x00, 0x00, 0x00, 0x00,
    0x00, 0x00, 0x00, 0x00, 0x00, 0x00, 0x00, 0x00, 0x00, 0x00, 0x00, 0x00, 0x00, 0x00, 0x00, 0x00,
    0x00, 0x00, 0x00, 0x00, 0x00, 0x00, 0x00, 0x00, 0x00, 0x00, 0x00, 0x00, 0x00, 0x00, 0x00, 0x00,
    0x00, 0x00, 0x00, 0x00, 0x00, 0x00, 0x00, 0x00, 0x00, 0x00, 0x00, 0x00, 0x00, 0x00, 0x00, 0x00,
    0x00, 0x00, 0x00, 0x00, 0x00, 0x00, 0x00, 0x00, 0x00, 0x00, 0x00, 0x00, 0x00, 0x00, 0x00, 0x00,
    0x00, 0x00, 0x00, 0x00, 0x00, 0x00, 0x00, 0x00, 0x00, 0x00, 0x00, 0x00, 0x00, 0x00, 0x00, 0x00,
    0x00, 0x00, 0x00, 0x00, 0x00, 0x00, 0x00, 0x00, 0x00, 0x00, 0x00, 0x00, 0x00, 0x00, 0x00, 0x00,
    0x00, 0x00, 0x00, 0x00, 0x00, 0x00, 0x00, 0x00, 0x00, 0x00, 0x00, 0x00, 0x00, 0x00, 0x00, 0x00,
    0x00, 0x00, 0x00, 0x00, 0x00, 0x00, 0x00, 0x00, 0x00, 0x00, 0x00, 0x00, 0x00, 0x00, 0x00, 0x00,
    0x00, 0x00, 0x00, 0x00, 0x00, 0x00, 0x00, 0x00, 0x00, 0x00, 0x00, 0x00, 0x00, 0x00, 0x00, 0x00,
    0x00, 0x00, 0x00, 0x00, 0x00, 0x00, 0x00, 0x00, 0x00, 0x00, 0x00, 0x00, 0x00, 0x00, 0x00, 0x00,
    0x00, 0x00, 0x00, 0x00, 0x00, 0x00, 0x00, 0x00, 0x00, 0x00, 0x00, 0x00, 0x00, 0x00, 0x00, 0x00,
    0x00, 0x00, 0x00, 0x00, 0x00, 0x00, 0x00, 0x00, 0x00, 0x00, 0x00, 0x00, 0x00, 0x00, 0x00, 0x00,
    0x00, 0x00, 0x00, 0x00, 0x00, 0x00, 0x00, 0x00, 0x00, 0x00, 0x00, 0x00, 0x00, 0x00, 0x00, 0x00,
    0x00, 0x00, 0x00, 0x00, 0x00, 0x00, 0x00, 0x00, 0x00, 0x00, 0x00, 0x00, 0x00, 0x00, 0x00, 0x00,
    0x00, 0x00, 0x00, 0x00, 0x00, 0x00, 0x00, 0x00, 0x00, 0x00, 0x00, 0x00, 0x00, 0x00, 0x00, 0x00,
    0x00, 0x00, 0x00, 0x00, 0x00, 0x00, 0x00, 0x00, 0x00, 0x00, 0x00, 0x00, 0x00, 0x00, 0x00, 0x00,
    0x00, 0x00, 0x00, 0x00, 0x00, 0x00, 0x00, 0x00, 0x00, 0x00, 0x00, 0x00, 0x00, 0x00, 0x00, 0x00,
    0x00, 0x00, 0x00, 0x00, 0x00, 0x00, 0x00, 0x00, 0x00, 0x00, 0x00, 0x00, 0x00, 0x00, 0x00, 0x00,
    0x00, 0x00, 0x00, 0x00, 0x00, 0x00, 0x00, 0x00, 0x00, 0x00, 0x00, 0x00, 0x00, 0x00, 0x00, 0x00,
    0x00, 0x00, 0x00, 0x00, 0x00, 0x00, 0x00, 0x00, 0x00, 0x00, 0x00, 0x00, 0x00, 0x00, 0x00, 0x00,
    0x00, 0x00, 0x00, 0x00, 0x00, 0x00, 0x00, 0x00, 0x00, 0x00, 0x00, 0x00, 0x00, 0x00, 0x00, 0x00,
    0x00, 0x00, 0x00, 0x00, 0x00, 0x00, 0x00, 0x00, 0x00, 0x00, 0x00, 0x00, 0x00, 0x00, 0x00, 0x00,
    0x00, 0x00, 0x00, 0x00, 0x00, 0x00, 0x00, 0x00, 0x00, 0x00, 0x00, 0x00, 0x00, 0x00, 0x00, 0x00,
    0x00, 0x00, 0x00, 0x00, 0x00, 0x00, 0x00, 0x00, 0x00, 0x00, 0x00, 0x00, 0x00, 0x00, 0x00, 0x00,
    0x00, 0x00, 0x00, 0x00, 0x00, 0x00, 0x00, 0x00, 0x00, 0x00, 0x00, 0x00, 0x00, 0x00, 0x00, 0x00,
    0x00, 0x00, 0x00, 0x00, 0x00, 0x00, 0x00, 0x00, 0x00, 0x00, 0x00, 0x00, 0x00, 0x00, 0x00, 0x00,
    0x00, 0x00, 0x00, 0x00, 0x00, 0x00, 0x00, 0x00, 0x00, 0x00, 0x00, 0x00, 0x00, 0x00, 0x00, 0x00,
    0x00, 0x00, 0x00, 0x00, 0x00, 0x00, 0x00, 0x00, 0x00, 0x00, 0x00, 0x00, 0x00, 0x00, 0x00, 0x00,
    0x00, 0x00, 0x00, 0x00, 0x00, 0x00, 0x00, 0x00, 0x00, 0x00, 0x00, 0x00, 0x00, 0x00, 0x00, 0x00,
    0x00, 0x00, 0x00, 0x00, 0x00, 0x00, 0x00, 0x00, 0x00, 0x00, 0x00, 0x00, 0x00, 0x00, 0x00, 0x00,
    0x00, 0x00, 0x00, 0x00, 0x00, 0x00, 0x00, 0x00, 0x00, 0x00, 0x00, 0x00, 0x00, 0x00, 0x00, 0x00,
    0x00, 0x00, 0x00, 0x00, 0x00, 0x00, 0x00, 0x00, 0x00, 0x00, 0x00, 0x00, 0x00, 0x00, 0x00, 0x00,
    0x00, 0x00, 0x00, 0x00, 0x00, 0x00, 0x00, 0x00, 0x00, 0x00, 0x00, 0x00, 0x00, 0x00, 0x00, 0x00,
    0x00, 0x00, 0x00, 0x00, 0x00, 0x00, 0x00, 0x00, 0x00, 0x00, 0x00, 0x00, 0x00, 0x00, 0x00, 0x00,
    0x00, 0x00, 0x00, 0x00, 0x00, 0x00, 0x00, 0x00, 0x00, 0x00, 0x00, 0x00, 0x00, 0x00, 0x00, 0x00,
    0x00, 0x00, 0x00, 0x00, 0x00, 0x00, 0x00, 0x00, 0x00, 0x00, 0x00, 0x00, 0x00, 0x00, 0x00, 0x00,
    0x00, 0x00, 0x00, 0x00, 0x00, 0x00, 0x00, 0x00, 0x00, 0x00, 0x00, 0x00, 0x00, 0x00, 0x00, 0x00,
    0x00, 0x00, 0x00, 0x00, 0x00, 0x00, 0x00, 0x00, 0x00, 0x00, 0x00, 0x00, 0x00, 0x00, 0x00, 0x00,
    0x00, 0x00, 0x00, 0x00, 0x00, 0x00, 0x00, 0x00, 0x00, 0x00, 0x00, 0x00, 0x00, 0x00, 0x00, 0x00,
    0x00, 0x00, 0x00, 0x00, 0x00, 0x00, 0x00, 0x00, 0x00, 0x00, 0x00, 0x00, 0x00, 0x00, 0x00, 0x00,
    0x00, 0x00, 0x00, 0x00, 0x00, 0x00, 0x00, 0x00, 0x00, 0x00, 0x00, 0x00, 0x00, 0x00, 0x00, 0x00,
    0x00, 0x00, 0x00, 0x00, 0x00, 0x00, 0x00, 0x00, 0x00, 0x00, 0x00, 0x00, 0x00, 0x00, 0x00, 0x00,
    0x00, 0x00, 0x00, 0x00, 0x00, 0x00, 0x00, 0x00, 0x00, 0x00, 0x00, 0x00, 0x00, 0x00, 0x00, 0x00,
    0x00, 0x00, 0x00, 0x00, 0x00, 0x00, 0x00, 0x00, 0x00, 0x00, 0x00, 0x00, 0x00, 0x00, 0x00, 0x00,
    0x00, 0x00, 0x00, 0x00, 0x00, 0x00, 0x00, 0x00, 0x00, 0x00, 0x00, 0x00, 0x00, 0x00, 0x00, 0x00,
    0x00, 0x00, 0x00, 0x00, 0x00, 0x00, 0x00, 0x00, 0x00, 0x00, 0x00, 0x00, 0x00, 0x00, 0x00, 0x00,
    0x00, 0x00, 0x00, 0x00, 0x00, 0x00, 0x00, 0x00, 0x00, 0x00, 0x00, 0x00, 0x00, 0x00, 0x00, 0x00,
    0x00, 0x00, 0x00, 0x00, 0x00, 0x00, 0x00, 0x00, 0x00, 0x00, 0x00, 0x00, 0x00, 0x00, 0x00, 0x00,
    0x00, 0x00, 0x00, 0x00, 0x00, 0x00, 0x00, 0x00, 0x00, 0x00, 0x00, 0x00, 0x00, 0x00, 0x00, 0x00,
    0x00, 0x00, 0x00, 0x00, 0x00, 0x00, 0x00, 0x00, 0x00, 0x00, 0x00, 0x00, 0x00, 0x00, 0x00, 0x00,
    0x00, 0x00, 0x00, 0x00, 0x00, 0x00, 0x00, 0x00, 0x00, 0x00, 0x00, 0x00, 0x00, 0x00, 0x00, 0x00,
    0x00, 0x00, 0x00, 0x00, 0x00, 0x00, 0x00, 0x00, 0x00, 0x00, 0x00, 0x00, 0x00, 0x00, 0x00, 0x00,
    0x00, 0x00, 0x00, 0x00, 0x00, 0x00, 0x00, 0x00, 0x00, 0x00, 0x00, 0x00, 0x00, 0x00, 0x00, 0x00,
    0x00, 0x00, 0x00, 0x00, 0x00, 0x00, 0x00, 0x00, 0x00, 0x00, 0x00, 0x00, 0x00, 0x00, 0x00, 0x00,
    0x00, 0x00, 0x00, 0x00, 0x00, 0x00, 0x00, 0x00, 0x00, 0x00, 0x00, 0x00, 0x00, 0x00, 0x00, 0x00,
    0x06, 0x00, 0x00, 0xEA, 0x5F, 0x70, 0x72, 0x6D, 0x00, 0x00, 0x00, 0x00, 0x00, 0x03, 0x00, 0x00,
    0x00, 0x00, 0x80, 0x01, 0x00, 0x00, 0x00, 0x02, 0x00, 0x00, 0x00, 0x00, 0x00, 0x00, 0x00, 0x00,
    0x0E, 0x40, 0xA0, 0xE1, 0x50, 0x00, 0x9F, 0xE5, 0x50, 0x10, 0x9F, 0xE5, 0x00, 0x10, 0x41, 0xE0,
    0x08, 0x00, 0x00, 0xEB, 0x04, 0x00, 0xA0, 0xE1, 0xF2, 0x16, 0x00, 0xEB, 0x40, 0x00, 0x9F, 0xE5,
    0x40, 0x10, 0x9F, 0xE5, 0x00, 0x00, 0x90, 0xE5, 0x00, 0x10, 0x91, 0xE5, 0x38, 0x30, 0x9F, 0xE5,
    0x38, 0xE0, 0x9F, 0xE5, 0x13, 0xFF, 0x2F, 0xE1, 0x03, 0x20, 0xA0, 0xE3, 0x02, 0x10, 0x81, 0xE0,
    0x02, 0x10, 0xD1, 0xE1, 0x1E, 0xFF, 0x2F, 0x01, 0x00, 0x20, 0xA0, 0xE3, 0x04, 0x00, 0xA0, 0xE8,
    0x04, 0x10, 0x51, 0xE2, 0xFC, 0xFF, 0xFF, 0x1A, 0x1E, 0xFF, 0x2F, 0xE1, 0xA8, 0xBD, 0x11, 0x00,
    0xD0, 0xEB, 0x11, 0x00, 0x30, 0xD3, 0x11, 0x00, 0x2C, 0xD3, 0x11, 0x00, 0x58, 0x09, 0x10, 0x00,
    0x78, 0xC9, 0x10, 0x00, 0x0D, 0xC0, 0xA0, 0xE1, 0xF8, 0xDF, 0x2D, 0xE9, 0x04, 0xB0, 0x4C, 0xE2,
    0x28, 0xD0, 0x4B, 0xE2, 0xF0, 0x6F, 0x9D, 0xE8, 0x1E, 0xFF, 0x2F, 0xE1, 0x00, 0x00, 0x51, 0xE3,
    0x81, 0x00, 0x00, 0x0A, 0x01, 0xC0, 0x20, 0xE0, 0x00, 0x10, 0x61, 0x42, 0x01, 0x20, 0x51, 0xE2,
    0x70, 0x00, 0x00, 0x0A, 0x00, 0x30, 0xB0, 0xE1, 0x00, 0x30, 0x60, 0x42, 0x01, 0x00, 0x53, 0xE1,
    0x6F, 0x00, 0x00, 0x9A, 0x02, 0x00, 0x11, 0xE1, 0x71, 0x00, 0x00, 0x0A, 0x13, 0x2F, 0x6F, 0xE1,
    0x11, 0x0F, 0x6F, 0xE1, 0x02, 0x20, 0x40, 0xE0, 0x1F, 0x20, 0x72, 0xE2, 0x82, 0x20, 0x82, 0x10,
    0x00, 0x00, 0xA0, 0xE3, 0x02, 0xF1, 0x8F, 0x10, 0x00, 0xF0, 0x20, 0xE3, 0x81, 0x0F, 0x53, 0xE1,
    0x00, 0x00, 0xA0, 0xE0, 0x81, 0x3F, 0x43, 0x20, 0x01, 0x0F, 0x53, 0xE1, 0x00, 0x00, 0xA0, 0xE0,
    0x01, 0x3F, 0x43, 0x20, 0x81, 0x0E, 0x53, 0xE1, 0x00, 0x00, 0xA0, 0xE0, 0x81, 0x3E, 0x43, 0x20,
    0x01, 0x0E, 0x53, 0xE1, 0x00, 0x00, 0xA0, 0xE0, 0x01, 0x3E, 0x43, 0x20, 0x81, 0x0D, 0x53, 0xE1,
    0x00, 0x00, 0xA0, 0xE0, 0x81, 0x3D, 0x43, 0x20, 0x01, 0x0D, 0x53, 0xE1, 0x00, 0x00, 0xA0, 0xE0,
    0x01, 0x3D, 0x43, 0x20, 0x81, 0x0C, 0x53, 0xE1, 0x00, 0x00, 0xA0, 0xE0, 0x81, 0x3C, 0x43, 0x20,
    0x01, 0x0C, 0x53, 0xE1, 0x00, 0x00, 0xA0, 0xE0, 0x01, 0x3C, 0x43, 0x20, 0x81, 0x0B, 0x53, 0xE1,
    0x00, 0x00, 0xA0, 0xE0, 0x81, 0x3B, 0x43, 0x20, 0x01, 0x0B, 0x53, 0xE1, 0x00, 0x00, 0xA0, 0xE0,
    0x01, 0x3B, 0x43, 0x20, 0x81, 0x0A, 0x53, 0xE1, 0x00, 0x00, 0xA0, 0xE0, 0x81, 0x3A, 0x43, 0x20,
    0x01, 0x0A, 0x53, 0xE1, 0x00, 0x00, 0xA0, 0xE0, 0x01, 0x3A, 0x43, 0x20, 0x81, 0x09, 0x53, 0xE1,
    0x00, 0x00, 0xA0, 0xE0, 0x81, 0x39, 0x43, 0x20, 0x01, 0x09, 0x53, 0xE1, 0x00, 0x00, 0xA0, 0xE0,
    0x01, 0x39, 0x43, 0x20, 0x81, 0x08, 0x53, 0xE1, 0x00, 0x00, 0xA0, 0xE0, 0x81, 0x38, 0x43, 0x20,
    0x01, 0x08, 0x53, 0xE1, 0x00, 0x00, 0xA0, 0xE0, 0x01, 0x38, 0x43, 0x20, 0x81, 0x07, 0x53, 0xE1,
    0x00, 0x00, 0xA0, 0xE0, 0x81, 0x37, 0x43, 0x20, 0x01, 0x07, 0x53, 0xE1, 0x00, 0x00, 0xA0, 0xE0,
    0x01, 0x37, 0x43, 0x20, 0x81, 0x06, 0x53, 0xE1, 0x00, 0x00, 0xA0, 0xE0, 0x81, 0x36, 0x43, 0x20,
    0x01, 0x06, 0x53, 0xE1, 0x00, 0x00, 0xA0, 0xE0, 0x01, 0x36, 0x43, 0x20, 0x81, 0x05, 0x53, 0xE1,
    0x00, 0x00, 0xA0, 0xE0, 0x81, 0x35, 0x43, 0x20, 0x01, 0x05, 0x53, 0xE1, 0x00, 0x00, 0xA0, 0xE0,
    0x01, 0x35, 0x43, 0x20, 0x81, 0x04, 0x53, 0xE1, 0x00, 0x00, 0xA0, 0xE0, 0x81, 0x34, 0x43, 0x20,
    0x01, 0x04, 0x53, 0xE1, 0x00, 0x00, 0xA0, 0xE0, 0x01, 0x34, 0x43, 0x20, 0x81, 0x03, 0x53, 0xE1,
    0x00, 0x00, 0xA0, 0xE0, 0x81, 0x33, 0x43, 0x20, 0x01, 0x03, 0x53, 0xE1, 0x00, 0x00, 0xA0, 0xE0,
    0x01, 0x33, 0x43, 0x20, 0x81, 0x02, 0x53, 0xE1, 0x00, 0x00, 0xA0, 0xE0, 0x81, 0x32, 0x43, 0x20,
    0x01, 0x02, 0x53, 0xE1, 0x00, 0x00, 0xA0, 0xE0, 0x01, 0x32, 0x43, 0x20, 0x81, 0x01, 0x53, 0xE1,
    0x00, 0x00, 0xA0, 0xE0, 0x81, 0x31, 0x43, 0x20, 0x01, 0x01, 0x53, 0xE1, 0x00, 0x00, 0xA0, 0xE0,
    0x01, 0x31, 0x43, 0x20, 0x81, 0x00, 0x53, 0xE1, 0x00, 0x00, 0xA0, 0xE0, 0x81, 0x30, 0x43, 0x20,
    0x01, 0x00, 0x53, 0xE1, 0x00, 0x00, 0xA0, 0xE0, 0x01, 0x30, 0x43, 0x20, 0x00, 0x00, 0x5C, 0xE3,
    0x00, 0x00, 0x60, 0x42, 0x1E, 0xFF, 0x2F, 0xE1, 0x00, 0x00, 0x3C, 0xE1, 0x00, 0x00, 0x60, 0x42,
    0x1E, 0xFF, 0x2F, 0xE1, 0x00, 0x00, 0xA0, 0x33, 0xCC, 0x0F, 0xA0, 0x01, 0x01, 0x00, 0x80, 0x03,
    0x1E, 0xFF, 0x2F, 0xE1, 0x11, 0x2F, 0x6F, 0xE1, 0x1F, 0x20, 0x62, 0xE2, 0x00, 0x00, 0x5C, 0xE3,
    0x33, 0x02, 0xA0, 0xE1, 0x00, 0x00, 0x60, 0x42, 0x1E, 0xFF, 0x2F, 0xE1, 0x00, 0x00, 0x50, 0xE3,
    0x02, 0x01, 0xE0, 0xC3, 0x02, 0x01, 0xA0, 0xB3, 0x07, 0x00, 0x00, 0xEA, 0x00, 0x00, 0x51, 0xE3,
    0xF9, 0xFF, 0xFF, 0x0A, 0x03, 0x40, 0x2D, 0xE9, 0x75, 0xFF, 0xFF, 0xEB, 0x06, 0x40, 0xBD, 0xE8,
    0x92, 0x00, 0x03, 0xE0, 0x03, 0x10, 0x41, 0xE0, 0x1E, 0xFF, 0x2F, 0xE1, 0x1E, 0xFF, 0x2F, 0xE1,
    0x00, 0x00, 0x53, 0xE3, 0x00, 0x00, 0x52, 0x03, 0x04, 0x00, 0x00, 0x1A, 0x00, 0x00, 0x51, 0xE3,
    0x00, 0x00, 0x50, 0x03, 0x00, 0x10, 0xE0, 0x13, 0x00, 0x00, 0xE0, 0x13, 0xF6, 0xFF, 0xFF, 0xEA,
    0x08, 0xD0, 0x4D, 0xE2, 0x00, 0x60, 0x2D, 0xE9, 0x44, 0x29, 0x00, 0xEB, 0x04, 0xE0, 0x9D, 0xE5,
    0x08, 0xD0, 0x8D, 0xE2, 0x0C, 0x00, 0xBD, 0xE8, 0x1E, 0xFF, 0x2F, 0xE1, 0x00, 0x00, 0x00, 0x00,
    0x00, 0x00, 0x00, 0x00, 0x00, 0x00, 0x00, 0x00, 0x00, 0x00, 0x00, 0x00, 0x00, 0x00, 0x00, 0x00,
    0x03, 0x00, 0x42, 0xE0, 0x1E, 0xFF, 0x2F, 0xE1, 0x00, 0x20, 0xD0, 0xE5, 0x00, 0x30, 0xD1, 0xE5,
    0x01, 0x00, 0x52, 0xE3, 0x03, 0x00, 0x52, 0x21, 0xF8, 0xFF, 0xFF, 0x1A, 0xF0, 0x41, 0x6D, 0xE1,
    0x01, 0x40, 0x80, 0xE1, 0xF8, 0x60, 0xCD, 0xE1, 0x00, 0xC0, 0xE0, 0xE3, 0x07, 0x00, 0x14, 0xE3,
    0x13, 0x00, 0x00, 0x0A, 0x01, 0x40, 0x20, 0xE0, 0x07, 0x00, 0x14, 0xE3, 0x3C, 0x00, 0x00, 0x1A,
    0x07, 0x40, 0x00, 0xE2, 0x07, 0x00, 0xC0, 0xE3, 0x03, 0x50, 0x04, 0xE2, 0x07, 0x10, 0xC1, 0xE3,
    0x85, 0x51, 0xA0, 0xE1, 0xD0, 0x21, 0xC0, 0xE0, 0x04, 0x00, 0x14, 0xE3, 0xD0, 0x61, 0xC1, 0xE0,
    0x1C, 0x45, 0xE0, 0xE1, 0x04, 0x20, 0x82, 0xE1, 0x04, 0x60, 0x86, 0xE1, 0x06, 0x00, 0x00, 0x0A,
    0x04, 0x30, 0x83, 0xE1, 0x0C, 0x20, 0xA0, 0xE1, 0x04, 0x70, 0x87, 0xE1, 0x0C, 0x60, 0xA0, 0xE1,
    0x01, 0x00, 0x00, 0xEA, 0xD0, 0x21, 0xC0, 0xE0, 0xD0, 0x61, 0xC1, 0xE0, 0x9C, 0x5F, 0x52, 0xE6,
    0x06, 0x40, 0x22, 0xE0, 0xBC, 0x4F, 0x84, 0xE6, 0x9C, 0x5F, 0x53, 0xE6, 0x07, 0x50, 0x23, 0xE0,
    0xBC, 0x5F, 0x85, 0xE6, 0x04, 0x50, 0x95, 0xE1, 0x09, 0x00, 0x00, 0x1A, 0xD8, 0x20, 0x40, 0xE1,
    0xD8, 0x60, 0x41, 0xE1, 0x9C, 0x5F, 0x52, 0xE6, 0x06, 0x40, 0x22, 0xE0, 0xBC, 0x4F, 0x84, 0xE6,
    0x9C, 0x5F, 0x53, 0xE6, 0x07, 0x50, 0x23, 0xE0, 0xBC, 0x5F, 0x85, 0xE6, 0x04, 0x50, 0x95, 0xE1,
    0xEB, 0xFF, 0xFF, 0x0A, 0x00, 0x00, 0x54, 0xE3, 0x0A, 0x00, 0x00, 0x1A, 0x35, 0x5F, 0xBF, 0xE6,
    0x15, 0x4F, 0x6F, 0xE1, 0x07, 0x40, 0xC4, 0xE3, 0x37, 0x14, 0xA0, 0xE1, 0xD8, 0x60, 0xCD, 0xE1,
    0x33, 0x34, 0xA0, 0xE1, 0xFF, 0x00, 0x03, 0xE2, 0xFF, 0x10, 0x01, 0xE2, 0xD0, 0x41, 0xCD, 0xE0,
    0x01, 0x00, 0x40, 0xE0, 0x1E, 0xFF, 0x2F, 0xE1, 0x34, 0x4F, 0xBF, 0xE6, 0x14, 0x4F, 0x6F, 0xE1,
    0x07, 0x40, 0xC4, 0xE3, 0x36, 0x14, 0xA0, 0xE1, 0xD8, 0x60, 0xCD, 0xE1, 0x32, 0x24, 0xA0, 0xE1,
    0xFF, 0x00, 0x02, 0xE2, 0xFF, 0x10, 0x01, 0xE2, 0xD0, 0x41, 0xCD, 0xE0, 0x01, 0x00, 0x40, 0xE0,
    0x1E, 0xFF, 0x2F, 0xE1, 0x03, 0x00, 0x14, 0xE3, 0x22, 0x00, 0x00, 0x1A, 0x03, 0x40, 0x10, 0xE2,
    0x17, 0x00, 0x00, 0x1A, 0x08, 0x20, 0x90, 0xE4, 0x08, 0x30, 0x91, 0xE4, 0x9C, 0x5F, 0x52, 0xE6,
    0x03, 0x50, 0x22, 0xE0, 0xBC, 0x5F, 0x85, 0xE6, 0x00, 0x00, 0x55, 0xE3, 0x06, 0x00, 0x00, 0x1A,
    0x04, 0x20, 0x10, 0xE5, 0x04, 0x30, 0x11, 0xE5, 0x9C, 0x5F, 0x52, 0xE6, 0x03, 0x50, 0x22, 0xE0,
    0xBC, 0x5F, 0x85, 0xE6, 0x00, 0x00, 0x55, 0xE3, 0xF1, 0xFF, 0xFF, 0x0A, 0x35, 0x5F, 0xBF, 0xE6,
    0x15, 0x4F, 0x6F, 0xE1, 0x07, 0x40, 0xC4, 0xE3, 0x33, 0x14, 0xA0, 0xE1, 0x32, 0x24, 0xA0, 0xE1,
    0xFF, 0x00, 0x02, 0xE2, 0xFF, 0x10, 0x01, 0xE2, 0xD0, 0x41, 0xCD, 0xE0, 0x01, 0x00, 0x40, 0xE0,
    0x1E, 0xFF, 0x2F, 0xE1, 0x84, 0x41, 0xA0, 0xE1, 0x03, 0x00, 0xC0, 0xE3, 0x08, 0x20, 0x90, 0xE4,
    0x03, 0x10, 0xC1, 0xE3, 0x08, 0x30, 0x91, 0xE4, 0x1C, 0x44, 0xE0, 0xE1, 0x04, 0x20, 0x82, 0xE1,
    0x04, 0x30, 0x83, 0xE1, 0xE0, 0xFF, 0xFF, 0xEA, 0x03, 0x40, 0x10, 0xE2, 0x13, 0x00, 0x00, 0x0A,
    0x04, 0x10, 0x41, 0xE0, 0x03, 0x00, 0xC0, 0xE3, 0x84, 0x4F, 0xB0, 0xE1, 0x04, 0x20, 0x90, 0xE4,
    0x05, 0x00, 0x00, 0x0A, 0x0C, 0x00, 0x00, 0x2A, 0x02, 0x30, 0xD1, 0xE5, 0x72, 0x48, 0xEF, 0xE6,
    0x01, 0x00, 0x54, 0xE3, 0x03, 0x00, 0x54, 0x21, 0x04, 0x00, 0x00, 0x1A, 0x03, 0x30, 0xD1, 0xE5,
    0x72, 0x4C, 0xEF, 0xE6, 0x01, 0x00, 0x54, 0xE3, 0x03, 0x00, 0x54, 0x21, 0x02, 0x00, 0x00, 0x0A,
    0x03, 0x00, 0x44, 0xE0, 0x10, 0x40, 0x9D, 0xE4, 0x1E, 0xFF, 0x2F, 0xE1, 0x04, 0x10, 0x81, 0xE2,
    0x04, 0x20, 0x90, 0xE4, 0x81, 0x4F, 0xB0, 0xE1, 0x03, 0x10, 0xC1, 0xE3, 0x04, 0x30, 0x91, 0xE4,
    0x32, 0x00, 0x00, 0x8A, 0x19, 0x00, 0x00, 0x2A, 0xFF, 0x44, 0xC2, 0xE3, 0x9C, 0x5F, 0x52, 0xE6,
    0x23, 0x54, 0x34, 0xE0, 0xBC, 0x5F, 0x85, 0xE6, 0x07, 0x00, 0x00, 0x1A, 0x00, 0x00, 0x55, 0xE3,
    0x04, 0x30, 0x91, 0x04, 0x06, 0x00, 0x00, 0x1A, 0x02, 0x40, 0x24, 0xE0, 0x03, 0x0C, 0x54, 0xE1,
    0x09, 0x00, 0x00, 0x1A, 0x04, 0x20, 0x90, 0xE4, 0xF2, 0xFF, 0xFF, 0xEA, 0x23, 0x34, 0xA0, 0xE1,
    0x3A, 0x00, 0x00, 0xEA, 0xFF, 0x54, 0xD5, 0xE3, 0x35, 0x00, 0x00, 0x1A, 0x00, 0x00, 0xD1, 0xE5,
    0xD0, 0x41, 0xCD, 0xE0, 0x00, 0x00, 0x60, 0xE2, 0x1E, 0xFF, 0x2F, 0xE1, 0x22, 0x2C, 0xA0, 0xE1,
    0xFF, 0x30, 0x03, 0xE2, 0x31, 0x00, 0x00, 0xEA, 0x00, 0xF0, 0x20, 0xE3, 0x00, 0xF0, 0x20, 0xE3,
    0x2C, 0x48, 0x02, 0xE0, 0x9C, 0x5F, 0x52, 0xE6, 0x23, 0x58, 0x34, 0xE0, 0xBC, 0x5F, 0x85, 0xE6,
    0x07, 0x00, 0x00, 0x1A, 0x00, 0x00, 0x55, 0xE3, 0x04, 0x30, 0x91, 0x04, 0x06, 0x00, 0x00, 0x1A,
    0x02, 0x40, 0x24, 0xE0, 0x03, 0x08, 0x54, 0xE1, 0x08, 0x00, 0x00, 0x1A, 0x04, 0x20, 0x90, 0xE4,
    0xF2, 0xFF, 0xFF, 0xEA, 0x23, 0x38, 0xA0, 0xE1, 0x20, 0x00, 0x00, 0xEA, 0x2C, 0x58, 0x15, 0xE0,
    0x1B, 0x00, 0x00, 0x1A, 0xB0, 0x30, 0xD1, 0xE1, 0x22, 0x28, 0xA0, 0xE1, 0x1B, 0x00, 0x00, 0xEA,
    0x22, 0x28, 0xA0, 0xE1, 0x2C, 0x38, 0x03, 0xE0, 0x18, 0x00, 0x00, 0xEA, 0x00, 0xF0, 0x20, 0xE3,
    0xFF, 0x40, 0x02, 0xE2, 0x9C, 0x5F, 0x52, 0xE6, 0x23, 0x5C, 0x34, 0xE0, 0xBC, 0x5F, 0x85, 0xE6,
    0x07, 0x00, 0x00, 0x1A, 0x00, 0x00, 0x55, 0xE3, 0x04, 0x30, 0x91, 0x04, 0x06, 0x00, 0x00, 0x1A,
    0x02, 0x40, 0x24, 0xE0, 0x03, 0x04, 0x54, 0xE1, 0x06, 0x00, 0x00, 0x1A, 0x04, 0x20, 0x90, 0xE4,
    0xF2, 0xFF, 0xFF, 0xEA, 0x23, 0x3C, 0xA0, 0xE1, 0x08, 0x00, 0x00, 0xEA, 0xFF, 0x00, 0x15, 0xE3,
    0x03, 0x00, 0x00, 0x1A, 0x00, 0x30, 0x91, 0xE5, 0x22, 0x24, 0xA0, 0xE1, 0xFF, 0x34, 0xC3, 0xE3,
    0x02, 0x00, 0x00, 0xEA, 0x00, 0x00, 0xA0, 0xE3, 0xD0, 0x41, 0xCD, 0xE0, 0x1E, 0xFF, 0x2F, 0xE1,
    0x32, 0x2F, 0xBF, 0xE6, 0x33, 0x3F, 0xBF, 0xE6, 0x9C, 0x4F, 0x52, 0xE6, 0x03, 0x40, 0x22, 0xE0,
    0xBC, 0x5F, 0x84, 0xE6, 0x15, 0x4F, 0x6F, 0xE1, 0x12, 0x24, 0xA0, 0xE1, 0x13, 0x34, 0xA0, 0xE1,
    0x22, 0x0C, 0xA0, 0xE1, 0xD0, 0x41, 0xCD, 0xE0, 0x23, 0x0C, 0x40, 0xE0, 0x1E, 0xFF, 0x2F, 0xE1,
    0x01, 0x20, 0x51, 0xE2, 0x1E, 0xFF, 0x2F, 0x01, 0x74, 0x00, 0x00, 0x3A, 0x01, 0x00, 0x50, 0xE1,
    0x6B, 0x00, 0x00, 0x9A, 0x02, 0x00, 0x11, 0xE1, 0x6C, 0x00, 0x00, 0x0A, 0x10, 0x3F, 0x6F, 0xE1,
    0x11, 0x2F, 0x6F, 0xE1, 0x03, 0x30, 0x42, 0xE0, 0x1F, 0x30, 0x73, 0xE2, 0x83, 0x30, 0x83, 0x10,
    0x00, 0x20, 0xA0, 0xE3, 0x03, 0xF1, 0x8F, 0x10, 0x00, 0xF0, 0x20, 0xE3, 0x81, 0x0F, 0x50, 0xE1,
    0x02, 0x20, 0xA2, 0xE0, 0x81, 0x0F, 0x40, 0x20, 0x01, 0x0F, 0x50, 0xE1, 0x02, 0x20, 0xA2, 0xE0,
    0x01, 0x0F, 0x40, 0x20, 0x81, 0x0E, 0x50, 0xE1, 0x02, 0x20, 0xA2, 0xE0, 0x81, 0x0E, 0x40, 0x20,
    0x01, 0x0E, 0x50, 0xE1, 0x02, 0x20, 0xA2, 0xE0, 0x01, 0x0E, 0x40, 0x20, 0x81, 0x0D, 0x50, 0xE1,
    0x02, 0x20, 0xA2, 0xE0, 0x81, 0x0D, 0x40, 0x20, 0x01, 0x0D, 0x50, 0xE1, 0x02, 0x20, 0xA2, 0xE0,
    0x01, 0x0D, 0x40, 0x20, 0x81, 0x0C, 0x50, 0xE1, 0x02, 0x20, 0xA2, 0xE0, 0x81, 0x0C, 0x40, 0x20,
    0x01, 0x0C, 0x50, 0xE1, 0x02, 0x20, 0xA2, 0xE0, 0x01, 0x0C, 0x40, 0x20, 0x81, 0x0B, 0x50, 0xE1,
    0x02, 0x20, 0xA2, 0xE0, 0x81, 0x0B, 0x40, 0x20, 0x01, 0x0B, 0x50, 0xE1, 0x02, 0x20, 0xA2, 0xE0,
    0x01, 0x0B, 0x40, 0x20, 0x81, 0x0A, 0x50, 0xE1, 0x02, 0x20, 0xA2, 0xE0, 0x81, 0x0A, 0x40, 0x20,
    0x01, 0x0A, 0x50, 0xE1, 0x02, 0x20, 0xA2, 0xE0, 0x01, 0x0A, 0x40, 0x20, 0x81, 0x09, 0x50, 0xE1,
    0x02, 0x20, 0xA2, 0xE0, 0x81, 0x09, 0x40, 0x20, 0x01, 0x09, 0x50, 0xE1, 0x02, 0x20, 0xA2, 0xE0,
    0x01, 0x09, 0x40, 0x20, 0x81, 0x08, 0x50, 0xE1, 0x02, 0x20, 0xA2, 0xE0, 0x81, 0x08, 0x40, 0x20,
    0x01, 0x08, 0x50, 0xE1, 0x02, 0x20, 0xA2, 0xE0, 0x01, 0x08, 0x40, 0x20, 0x81, 0x07, 0x50, 0xE1,
    0x02, 0x20, 0xA2, 0xE0, 0x81, 0x07, 0x40, 0x20, 0x01, 0x07, 0x50, 0xE1, 0x02, 0x20, 0xA2, 0xE0,
    0x01, 0x07, 0x40, 0x20, 0x81, 0x06, 0x50, 0xE1, 0x02, 0x20, 0xA2, 0xE0, 0x81, 0x06, 0x40, 0x20,
    0x01, 0x06, 0x50, 0xE1, 0x02, 0x20, 0xA2, 0xE0, 0x01, 0x06, 0x40, 0x20, 0x81, 0x05, 0x50, 0xE1,
    0x02, 0x20, 0xA2, 0xE0, 0x81, 0x05, 0x40, 0x20, 0x01, 0x05, 0x50, 0xE1, 0x02, 0x20, 0xA2, 0xE0,
    0x01, 0x05, 0x40, 0x20, 0x81, 0x04, 0x50, 0xE1, 0x02, 0x20, 0xA2, 0xE0, 0x81, 0x04, 0x40, 0x20,
    0x01, 0x04, 0x50, 0xE1, 0x02, 0x20, 0xA2, 0xE0, 0x01, 0x04, 0x40, 0x20, 0x81, 0x03, 0x50, 0xE1,
    0x02, 0x20, 0xA2, 0xE0, 0x81, 0x03, 0x40, 0x20, 0x01, 0x03, 0x50, 0xE1, 0x02, 0x20, 0xA2, 0xE0,
    0x01, 0x03, 0x40, 0x20, 0x81, 0x02, 0x50, 0xE1, 0x02, 0x20, 0xA2, 0xE0, 0x81, 0x02, 0x40, 0x20,
    0x01, 0x02, 0x50, 0xE1, 0x02, 0x20, 0xA2, 0xE0, 0x01, 0x02, 0x40, 0x20, 0x81, 0x01, 0x50, 0xE1,
    0x02, 0x20, 0xA2, 0xE0, 0x81, 0x01, 0x40, 0x20, 0x01, 0x01, 0x50, 0xE1, 0x02, 0x20, 0xA2, 0xE0,
    0x01, 0x01, 0x40, 0x20, 0x81, 0x00, 0x50, 0xE1, 0x02, 0x20, 0xA2, 0xE0, 0x81, 0x00, 0x40, 0x20,
    0x01, 0x00, 0x50, 0xE1, 0x02, 0x20, 0xA2, 0xE0, 0x01, 0x00, 0x40, 0x20, 0x02, 0x00, 0xA0, 0xE1,
    0x1E, 0xFF, 0x2F, 0xE1, 0x01, 0x00, 0xA0, 0x03, 0x00, 0x00, 0xA0, 0x13, 0x1E, 0xFF, 0x2F, 0xE1,
    0x11, 0x2F, 0x6F, 0xE1, 0x1F, 0x20, 0x62, 0xE2, 0x30, 0x02, 0xA0, 0xE1, 0x1E, 0xFF, 0x2F, 0xE1,
    0x00, 0x00, 0x50, 0xE3, 0x00, 0x00, 0xE0, 0x13, 0x8B, 0xFE, 0xFF, 0xEA, 0x00, 0x00, 0x51, 0xE3,
    0xFA, 0xFF, 0xFF, 0x0A, 0x03, 0x40, 0x2D, 0xE9, 0x80, 0xFF, 0xFF, 0xEB, 0x06, 0x40, 0xBD, 0xE8,
    0x92, 0x00, 0x03, 0xE0, 0x03, 0x10, 0x41, 0xE0, 0x1E, 0xFF, 0x2F, 0xE1, 0x3C, 0x30, 0x9F, 0xE5,
    0x00, 0x20, 0xD3, 0xE5, 0x00, 0x00, 0x52, 0xE3, 0x1E, 0xFF, 0x2F, 0x11, 0x30, 0x20, 0x9F, 0xE5,
    0x00, 0x00, 0x52, 0xE3, 0x06, 0x00, 0x00, 0x0A, 0x10, 0x40, 0x2D, 0xE9, 0x24, 0x00, 0x9F, 0xE5,
    0x00, 0xF0, 0x20, 0xE3, 0x01, 0x20, 0xA0, 0xE3, 0x10, 0x30, 0x9F, 0xE5, 0x00, 0x20, 0xC3, 0xE5,
    0x10, 0x80, 0xBD, 0xE8, 0x01, 0x20, 0xA0, 0xE3, 0x00, 0x20, 0xC3, 0xE5, 0x1E, 0xFF, 0x2F, 0xE1,
    0xA8, 0xBD, 0x11, 0x00, 0x00, 0x00, 0x00, 0x00, 0xA0, 0x95, 0x11, 0x00, 0x18, 0x30, 0x9F, 0xE5,
    0x00, 0x00, 0x53, 0xE3, 0x1E, 0xFF, 0x2F, 0x01, 0x10, 0x40, 0x2D, 0xE9, 0x0C, 0x10, 0x9F, 0xE5,
    0x0C, 0x00, 0x9F, 0xE5, 0x00, 0xF0, 0x20, 0xE3, 0x10, 0x80, 0xBD, 0xE8, 0x00, 0x00, 0x00, 0x00,
    0xAC, 0xBD, 0x11, 0x00, 0xA0, 0x95, 0x11, 0x00, 0x10, 0x40, 0x2D, 0xE9, 0x66, 0x05, 0x00, 0xEB,
    0x00, 0x10, 0xA0, 0xE3, 0x01, 0x00, 0xA0, 0xE1, 0x51, 0x04, 0x00, 0xEB, 0x40, 0x00, 0x9F, 0xE5,
    0xC8, 0x28, 0x00, 0xEB, 0x08, 0x00, 0x00, 0xEA, 0x14, 0x12, 0x00, 0xEB, 0xBB, 0x12, 0x00, 0xEB,
    0x08, 0x00, 0x10, 0xE3, 0x07, 0x00, 0x00, 0x1A, 0xB5, 0x05, 0x00, 0xEB, 0xF4, 0x05, 0x00, 0xEB,
    0x01, 0x10, 0xA0, 0xE3, 0x02, 0x00, 0xA0, 0xE3, 0x5C, 0x10, 0x00, 0xEB, 0x65, 0x0B, 0x00, 0xEB,
    0x00, 0x00, 0x50, 0xE3, 0xF3, 0xFF, 0xFF, 0x1A, 0x57, 0x05, 0x00, 0xEB, 0x00, 0x00, 0xA0, 0xE3,
    0x10, 0x80, 0xBD, 0xE8, 0x0C, 0x80, 0x11, 0x00, 0xB4, 0x31, 0x9F, 0xE5, 0x00, 0xC0, 0x93, 0xE5,
    0xB4, 0x30, 0xDC, 0xE1, 0x03, 0x00, 0x50, 0xE0, 0x1E, 0xFF, 0x2F, 0x41, 0xB6, 0x30, 0xDC, 0xE1,
    0x00, 0x00, 0x53, 0xE1, 0x1E, 0xFF, 0x2F, 0xB1, 0xF0, 0x4F, 0x2D, 0xE9, 0x3C, 0x30, 0x9C, 0xE5,
    0x00, 0xE0, 0x9C, 0xE5, 0x02, 0x0C, 0x13, 0xE3, 0xB8, 0x23, 0xDC, 0xE1, 0xBA, 0x13, 0xDC, 0xE1,
    0x0C, 0xD0, 0x4D, 0xE2, 0x80, 0x91, 0x8E, 0xE0, 0x07, 0x00, 0x00, 0x1A, 0x74, 0x41, 0x9F, 0xE5,
    0x04, 0x00, 0x13, 0xE1, 0x08, 0x20, 0x82, 0x12, 0x72, 0x20, 0xFF, 0x16, 0x53, 0x00, 0x00, 0x0A,
    0x64, 0x41, 0x9F, 0xE5, 0x82, 0x20, 0xA0, 0xE1, 0xB2, 0x20, 0x94, 0xE1, 0x01, 0x0B, 0x13, 0xE3,
    0x06, 0x00, 0x00, 0x1A, 0x08, 0x40, 0x81, 0xE2, 0x74, 0x40, 0xFF, 0xE6, 0x01, 0x0A, 0x13, 0xE3,
    0x04, 0x10, 0xA0, 0x11, 0x40, 0x41, 0x9F, 0xE5, 0x81, 0x10, 0xA0, 0xE1, 0xB1, 0x10, 0x94, 0xE1,
    0x80, 0xE1, 0xDE, 0xE7, 0x01, 0x00, 0xA0, 0xE1, 0x40, 0x40, 0x03, 0xE2, 0x00, 0x00, 0x54, 0xE3,
    0x02, 0x10, 0xA0, 0x01, 0x00, 0x20, 0xA0, 0x01, 0x08, 0x00, 0x13, 0xE3, 0x07, 0xA0, 0xD9, 0x05,
    0xFF, 0xA0, 0xA0, 0x13, 0x01, 0x0C, 0x13, 0xE3, 0x01, 0x40, 0xD9, 0xE5, 0x02, 0x50, 0xD9, 0xE5,
    0x04, 0x60, 0xD9, 0xE5, 0x05, 0x70, 0xD9, 0xE5, 0x06, 0x80, 0xD9, 0xE5, 0x80, 0x30, 0xA0, 0xE3,
    0xFF, 0x90, 0xA0, 0x13, 0x28, 0xB0, 0x9C, 0xE5, 0x10, 0x00, 0x9C, 0xE5, 0x03, 0x90, 0xD9, 0x05,
    0x0B, 0x00, 0x80, 0xE0, 0x80, 0x01, 0xA0, 0xE1, 0xF8, 0x00, 0x60, 0xE2, 0x24, 0xB0, 0x9C, 0xE5,
    0x04, 0x00, 0x8D, 0xE5, 0x0C, 0x00, 0x9C, 0xE5, 0x0B, 0x00, 0x80, 0xE0, 0x02, 0xB0, 0x40, 0xE2,
    0x08, 0x00, 0x9C, 0xE5, 0x04, 0xC0, 0x9D, 0xE5, 0x0B, 0xB2, 0x6B, 0xE0, 0x8B, 0xC3, 0x8C, 0xE0,
    0x8C, 0x00, 0x80, 0xE0, 0x0F, 0xBC, 0x80, 0xE2, 0x03, 0x00, 0x1A, 0xE1, 0x02, 0xC0, 0xA0, 0x01,
    0x01, 0xC0, 0xA0, 0x11, 0x08, 0x00, 0x13, 0xE1, 0xB0, 0xC0, 0xC0, 0xE1, 0x02, 0xC0, 0xA0, 0x01,
    0x01, 0xC0, 0xA0, 0x11, 0x07, 0x00, 0x13, 0xE1, 0xB2, 0xC0, 0xC0, 0xE1, 0x02, 0xC0, 0xA0, 0x01,
    0x01, 0xC0, 0xA0, 0x11, 0x06, 0x00, 0x13, 0xE1, 0xB4, 0xC0, 0xC0, 0xE1, 0x02, 0xC0, 0xA0, 0x01,
    0x01, 0xC0, 0xA0, 0x11, 0x03, 0x00, 0x19, 0xE1, 0xB6, 0xC0, 0xC0, 0xE1, 0x02, 0xC0, 0xA0, 0x01,
    0x01, 0xC0, 0xA0, 0x11, 0x05, 0x00, 0x13, 0xE1, 0xB8, 0xC0, 0xC0, 0xE1, 0x02, 0xC0, 0xA0, 0x01,
    0x01, 0xC0, 0xA0, 0x11, 0x04, 0x00, 0x13, 0xE1, 0xBA, 0xC0, 0xC0, 0xE1, 0x02, 0xC0, 0xA0, 0x01,
    0x01, 0xC0, 0xA0, 0x11, 0x0E, 0x00, 0x13, 0xE1, 0xBC, 0xC0, 0xC0, 0xE1, 0x02, 0xC0, 0xA0, 0x01,
    0x01, 0xC0, 0xA0, 0x11, 0xBE, 0xC0, 0xC0, 0xE1, 0x1E, 0x0E, 0x80, 0xE2, 0x00, 0x00, 0x5B, 0xE1,
    0xA3, 0x30, 0xA0, 0xE1, 0xDB, 0xFF, 0xFF, 0x1A, 0x0C, 0xD0, 0x8D, 0xE2, 0xF0, 0x8F, 0xBD, 0xE8,
    0x10, 0x40, 0x82, 0xE2, 0x02, 0x00, 0x13, 0xE3, 0x74, 0x40, 0xFF, 0xE6, 0x04, 0x20, 0xA0, 0x11,
    0xA6, 0xFF, 0xFF, 0xEA, 0x04, 0xA0, 0x11, 0x00, 0x01, 0x08, 0x00, 0x00, 0xCC, 0x85, 0x11, 0x00,
    0x00, 0x10, 0x50, 0xE2, 0x1E, 0xFF, 0x2F, 0x01, 0x58, 0x21, 0x9F, 0xE5, 0x10, 0x40, 0x2D, 0xE9,
    0x00, 0x00, 0x92, 0xE5, 0x08, 0xD0, 0x4D, 0xE2, 0x40, 0x30, 0x90, 0xE5, 0x00, 0x00, 0x53, 0xE3,
    0x05, 0x00, 0x00, 0x0A, 0x04, 0x10, 0x8D, 0xE5, 0x33, 0xFF, 0x2F, 0xE1, 0x00, 0x00, 0x50, 0xE3,
    0x04, 0x10, 0x9D, 0xE5, 0x2C, 0x21, 0x9F, 0xE5, 0x12, 0x00, 0x00, 0x1A, 0x28, 0x01, 0x9F, 0xE5,
    0x08, 0x30, 0x41, 0xE2, 0x05, 0x00, 0x53, 0xE3, 0x02, 0x00, 0x00, 0x8A, 0x03, 0x30, 0xD0, 0xE7,
    0x03, 0xF1, 0x8F, 0xE0, 0x00, 0xF0, 0x20, 0xE3, 0x00, 0x30, 0x92, 0xE5, 0x0C, 0xC0, 0x93, 0xE5,
    0x2C, 0x00, 0x93, 0xE5, 0x00, 0x00, 0x5C, 0xE1, 0x36, 0x00, 0x00, 0xCA, 0x01, 0x00, 0xA0, 0xE1,
    0x04, 0x30, 0x8D, 0xE5, 0x6F, 0xFF, 0xFF, 0xEB, 0x04, 0x30, 0x9D, 0xE5, 0x0C, 0x20, 0x93, 0xE5,
    0x01, 0x20, 0x82, 0xE2, 0x0C, 0x20, 0x83, 0xE5, 0x08, 0xD0, 0x8D, 0xE2, 0x10, 0x80, 0xBD, 0xE8,
    0x68, 0x03, 0x00, 0xEB, 0xCC, 0x20, 0x9F, 0xE5, 0x01, 0x10, 0xA0, 0xE3, 0x00, 0x30, 0x92, 0xE5,
    0x0C, 0x10, 0x83, 0xE5, 0x08, 0xD0, 0x8D, 0xE2, 0x10, 0x40, 0xBD, 0xE8, 0x0C, 0x05, 0x00, 0xEA,
    0x00, 0x20, 0x92, 0xE5, 0x0C, 0x30, 0x92, 0xE5, 0x01, 0x30, 0x43, 0xE2, 0x00, 0x00, 0x53, 0xE3,
    0x0C, 0x30, 0x82, 0xE5, 0x07, 0x00, 0x00, 0xCA, 0x10, 0x30, 0x92, 0xE5, 0x01, 0x00, 0x53, 0xE3,
    0x01, 0x30, 0xA0, 0xD3, 0x2C, 0x10, 0x92, 0xC5, 0x01, 0x30, 0x43, 0xC2, 0x0C, 0x10, 0x82, 0xC5,
    0x10, 0x30, 0x82, 0xC5, 0x0C, 0x30, 0x82, 0xD5, 0x20, 0x00, 0xA0, 0xE3, 0x08, 0xD0, 0x8D, 0xE2,
    0x10, 0x40, 0xBD, 0xE8, 0x4F, 0xFF, 0xFF, 0xEA, 0x00, 0x20, 0x92, 0xE5, 0x34, 0x30, 0x92, 0xE5,
    0x0C, 0x00, 0x92, 0xE5, 0x03, 0x10, 0xA0, 0xE1, 0x01, 0x00, 0x40, 0xE2, 0x04, 0x30, 0x8D, 0xE5,
    0x8D, 0xFD, 0xFF, 0xEB, 0x04, 0x30, 0x9D, 0xE5, 0x01, 0x30, 0x43, 0xE0, 0x00, 0x40, 0x53, 0xE2,
    0xD8, 0xFF, 0xFF, 0xDA, 0x00, 0x30, 0xA0, 0xE3, 0x20, 0x00, 0xA0, 0xE3, 0x04, 0x30, 0x8D, 0xE5,
    0xB2, 0xFF, 0xFF, 0xEB, 0x04, 0x30, 0x9D, 0xE5, 0x01, 0x30, 0x83, 0xE2, 0x03, 0x00, 0x54, 0xE1,
    0xF8, 0xFF, 0xFF, 0x1A, 0xCF, 0xFF, 0xFF, 0xEA, 0x01, 0x00, 0xA0, 0xE3, 0x0C, 0x00, 0x83, 0xE5,
    0x04, 0x10, 0x8D, 0xE5, 0x37, 0x03, 0x00, 0xEB, 0x08, 0x20, 0x9F, 0xE5, 0x04, 0x10, 0x9D, 0xE5,
    0x00, 0x30, 0x92, 0xE5, 0xC0, 0xFF, 0xFF, 0xEA, 0x04, 0xA0, 0x11, 0x00, 0xE9, 0x82, 0x11, 0x00,
    0xF0, 0x4F, 0x2D, 0xE9, 0x00, 0x40, 0x52, 0xE2, 0x0C, 0xD0, 0x4D, 0xE2, 0x20, 0x03, 0x00, 0x0A,
    0x00, 0x00, 0x53, 0xE3, 0x45, 0x01, 0x00, 0x0A, 0x03, 0x90, 0xA0, 0xE1, 0x00, 0x80, 0xA0, 0xE3,
    0x74, 0x5C, 0x9F, 0xE5, 0x74, 0x7C, 0x9F, 0xE5, 0x03, 0x60, 0x84, 0xE0, 0x09, 0x00, 0x00, 0xEA,
    0x00, 0x00, 0x53, 0xE3, 0x05, 0x00, 0x00, 0x1A, 0x1B, 0x00, 0x5A, 0xE3, 0x01, 0x30, 0xA0, 0x03,
    0x61, 0x30, 0xC5, 0x05, 0x01, 0x00, 0x00, 0x0A, 0x0A, 0x00, 0xA0, 0xE1, 0x8F, 0xFF, 0xFF, 0xEB,
    0x06, 0x00, 0x54, 0xE1, 0x15, 0x00, 0x00, 0x0A, 0x61, 0x30, 0xD5, 0xE5, 0x01, 0xA0, 0xD4, 0xE4,
    0x01, 0x00, 0x53, 0xE3, 0x08, 0x00, 0x00, 0x0A, 0x02, 0x00, 0x53, 0xE3, 0xEF, 0xFF, 0xFF, 0x1A,
    0x30, 0xA0, 0x4A, 0xE2, 0x45, 0x00, 0x5A, 0xE3, 0x32, 0x00, 0x00, 0x8A, 0x0A, 0x30, 0x8A, 0xE0,
    0xB3, 0x30, 0x97, 0xE1, 0x03, 0xF1, 0x8F, 0xE0, 0x00, 0xF0, 0x20, 0xE3, 0x5B, 0x00, 0x5A, 0xE3,
    0x09, 0x00, 0x00, 0x0A, 0x1B, 0x00, 0xA0, 0xE3, 0x7C, 0xFF, 0xFF, 0xEB, 0x0A, 0x00, 0xA0, 0xE1,
    0x7A, 0xFF, 0xFF, 0xEB, 0x06, 0x00, 0x54, 0xE1, 0x61, 0x80, 0xC5, 0xE5, 0xE9, 0xFF, 0xFF, 0x1A,
    0x09, 0x00, 0xA0, 0xE1, 0x0C, 0xD0, 0x8D, 0xE2, 0xF0, 0x8F, 0xBD, 0xE8, 0x02, 0x3C, 0xA0, 0xE3,
    0x40, 0x20, 0xA0, 0xE3, 0x00, 0x10, 0xA0, 0xE3, 0xD4, 0x0B, 0x9F, 0xE5, 0xB0, 0x36, 0xC5, 0xE1,
    0xA9, 0x28, 0x00, 0xEB, 0x00, 0x30, 0xA0, 0xE3, 0x0C, 0x30, 0x85, 0xE5, 0xC4, 0x3B, 0x9F, 0xE5,
    0x00, 0x30, 0x93, 0xE5, 0xBA, 0x23, 0xD3, 0xE1, 0x08, 0x20, 0x85, 0xE5, 0xB8, 0x23, 0xD3, 0xE1,
    0x3C, 0x30, 0x93, 0xE5, 0x04, 0x20, 0x85, 0xE5, 0x00, 0x30, 0x85, 0xE5, 0xD3, 0xFF, 0xFF, 0xEA,
    0x14, 0x20, 0x95, 0xE5, 0x10, 0x30, 0x95, 0xE5, 0x03, 0x10, 0x92, 0xE1, 0x0D, 0x00, 0x00, 0x4A,
    0x00, 0x00, 0x52, 0xE3, 0x01, 0x20, 0xA0, 0x03, 0x00, 0x00, 0x53, 0xE3, 0x01, 0x30, 0xA0, 0x03,
    0x80, 0x1B, 0x9F, 0xE5, 0x00, 0x10, 0x91, 0xE5, 0x30, 0xC0, 0x91, 0xE5, 0x2C, 0x00, 0x91, 0xE5,
    0x0C, 0x00, 0x53, 0xE1, 0x0C, 0x30, 0xA0, 0xA1, 0x02, 0x00, 0x50, 0xE1, 0x02, 0x00, 0xA0, 0xA1,
    0x10, 0x30, 0x81, 0xE5, 0x0C, 0x00, 0x81, 0xE5, 0x00, 0x30, 0xA0, 0xE3, 0x61, 0x30, 0xC5, 0xE5,
    0xBE, 0xFF, 0xFF, 0xEA, 0x01, 0x30, 0xA0, 0xE3, 0x60, 0x30, 0xC5, 0xE5, 0x0C, 0x30, 0x95, 0xE5,
    0x04, 0x30, 0x83, 0xE2, 0x03, 0x21, 0x95, 0xE7, 0x02, 0x21, 0x82, 0xE0, 0x82, 0xA0, 0x8A, 0xE0,
    0x03, 0xA1, 0x85, 0xE7, 0xB5, 0xFF, 0xFF, 0xEA, 0x60, 0x30, 0xD5, 0xE5, 0x00, 0x00, 0x53, 0xE3,
    0x02, 0x00, 0x00, 0x1A, 0x0C, 0x30, 0x95, 0xE5, 0x00, 0x00, 0x53, 0xE3, 0x32, 0x01, 0x00, 0x0A,
    0x10, 0x10, 0x95, 0xE5, 0x0C, 0x3B, 0x9F, 0xE5, 0x00, 0x00, 0xA0, 0xE3, 0x00, 0x20, 0x93, 0xE5,
    0x10, 0x30, 0x92, 0xE5, 0x01, 0x30, 0x43, 0xE0, 0x01, 0x00, 0x53, 0xE3, 0x01, 0x30, 0xA0, 0xB3,
    0x10, 0x30, 0x82, 0xE5, 0x61, 0x00, 0xC5, 0xE5, 0xA4, 0xFF, 0xFF, 0xEA, 0x60, 0x30, 0xD5, 0xE5,
    0x00, 0x00, 0x53, 0xE3, 0x02, 0x00, 0x00, 0x1A, 0x0C, 0x30, 0x95, 0xE5, 0x00, 0x00, 0x53, 0xE3,
    0x1E, 0x01, 0x00, 0x0A, 0x10, 0x30, 0x95, 0xE5, 0xC8, 0x2A, 0x9F, 0xE5, 0x00, 0x00, 0xA0, 0xE3,
    0x00, 0x20, 0x92, 0xE5, 0x10, 0x10, 0x92, 0xE5, 0x01, 0x30, 0x83, 0xE0, 0x30, 0x10, 0x92, 0xE5,
    0x01, 0x00, 0x53, 0xE1, 0x01, 0x30, 0xA0, 0xA1, 0x10, 0x30, 0x82, 0xE5, 0x61, 0x00, 0xC5, 0xE5,
    0x92, 0xFF, 0xFF, 0xEA, 0x60, 0x30, 0xD5, 0xE5, 0x00, 0x00, 0x53, 0xE3, 0x02, 0x00, 0x00, 0x1A,
    0x0C, 0x30, 0x95, 0xE5, 0x00, 0x00, 0x53, 0xE3, 0x15, 0x01, 0x00, 0x0A, 0x10, 0x30, 0x95, 0xE5,
    0x80, 0x2A, 0x9F, 0xE5, 0x00, 0x00, 0xA0, 0xE3, 0x00, 0x20, 0x92, 0xE5, 0x0C, 0x10, 0x92, 0xE5,
    0x01, 0x30, 0x83, 0xE0, 0x2C, 0x10, 0x92, 0xE5, 0x01, 0x00, 0x53, 0xE1, 0x01, 0x30, 0xA0, 0xA1,
    0x0C, 0x30, 0x82, 0xE5, 0x61, 0x00, 0xC5, 0xE5, 0x80, 0xFF, 0xFF, 0xEA, 0x00, 0x20, 0xA0, 0xE3,
    0x50, 0x3A, 0x9F, 0xE5, 0x00, 0x30, 0x93, 0xE5, 0x18, 0x10, 0x93, 0xE5, 0x10, 0x10, 0x83, 0xE5,
    0x14, 0x10, 0x93, 0xE5, 0x0C, 0x10, 0x83, 0xE5, 0x61, 0x20, 0xC5, 0xE5, 0x77, 0xFF, 0xFF, 0xEA,
    0x60, 0x30, 0xD5, 0xE5, 0x00, 0x00, 0x53, 0xE3, 0x02, 0x00, 0x00, 0x1A, 0x0C, 0x30, 0x95, 0xE5,
    0x00, 0x00, 0x53, 0xE3, 0xF7, 0x00, 0x00, 0x0A, 0x10, 0x10, 0x95, 0xE5, 0x14, 0x3A, 0x9F, 0xE5,
    0x00, 0x00, 0xA0, 0xE3, 0x00, 0x20, 0x93, 0xE5, 0x0C, 0x30, 0x92, 0xE5, 0x01, 0x30, 0x43, 0xE0,
    0x01, 0x00, 0x53, 0xE3, 0x01, 0x30, 0xA0, 0xB3, 0x0C, 0x30, 0x82, 0xE5, 0x61, 0x00, 0xC5, 0xE5,
    0x66, 0xFF, 0xFF, 0xEA, 0x0C, 0x30, 0x95, 0xE5, 0x00, 0x00, 0x53, 0xE3, 0x03, 0x00, 0x00, 0x1A,
    0x60, 0x30, 0xD5, 0xE5, 0x00, 0x00, 0x53, 0xE3, 0x10, 0x30, 0x85, 0x05, 0xC2, 0x00, 0x00, 0x0A,
    0x10, 0x30, 0x95, 0xE5, 0x02, 0x00, 0x53, 0xE3, 0x19, 0x02, 0x00, 0x0A, 0x22, 0x00, 0x00, 0xCA,
    0x00, 0x00, 0x53, 0xE3, 0xBC, 0x00, 0x00, 0x0A, 0x01, 0x00, 0x53, 0xE3, 0x1E, 0x00, 0x00, 0x1A,
    0xB0, 0xA9, 0x9F, 0xE5, 0x00, 0x10, 0x9A, 0xE5, 0x0C, 0xC0, 0x91, 0xE5, 0x10, 0x00, 0x91, 0xE5,
    0x0C, 0x30, 0x81, 0xE5, 0x10, 0x30, 0x81, 0xE5, 0x2C, 0x30, 0x91, 0xE5, 0x93, 0xC0, 0x23, 0xE0,
    0x00, 0x00, 0x53, 0xE3, 0x12, 0x00, 0x00, 0xDA, 0x06, 0xB0, 0xA0, 0xE1, 0x00, 0x40, 0x8D, 0xE5,
    0x04, 0x90, 0x8D, 0xE5, 0x0A, 0x40, 0xA0, 0xE1, 0x0C, 0x60, 0xA0, 0xE1, 0x00, 0xA0, 0xA0, 0xE1,
    0x00, 0x90, 0xA0, 0xE3, 0x20, 0x00, 0xA0, 0xE3, 0xD4, 0xFE, 0xFF, 0xEB, 0x00, 0x10, 0x94, 0xE5,
    0x01, 0x90, 0x89, 0xE2, 0x2C, 0x30, 0x91, 0xE5, 0x93, 0x6A, 0x23, 0xE0, 0x09, 0x00, 0x53, 0xE1,
    0xF7, 0xFF, 0xFF, 0xCA, 0x10, 0x02, 0x9D, 0xE8, 0x06, 0xC0, 0xA0, 0xE1, 0x0A, 0x00, 0xA0, 0xE1,
    0x0B, 0x60, 0xA0, 0xE1, 0x0C, 0xC0, 0x81, 0xE5, 0x10, 0x00, 0x81, 0xE5, 0x00, 0x04, 0x00, 0xEB,
    0x00, 0x30, 0xA0, 0xE3, 0x61, 0x30, 0xC5, 0xE5, 0x34, 0xFF, 0xFF, 0xEA, 0x0C, 0x30, 0x95, 0xE5,
    0x60, 0x20, 0xD5, 0xE5, 0x00, 0x00, 0x53, 0xE3, 0x6B, 0x00, 0x00, 0x1A, 0x00, 0x00, 0x52, 0xE3,
    0x86, 0x00, 0x00, 0x0A, 0x01, 0x30, 0x83, 0xE2, 0x08, 0x29, 0x9F, 0xE5, 0x00, 0x00, 0x53, 0xE3,
    0x00, 0x10, 0x92, 0xE5, 0xBA, 0xC3, 0xD1, 0xE1, 0xB8, 0x03, 0xD1, 0xE1, 0x3C, 0x20, 0x91, 0xE5,
    0x08, 0xC0, 0x85, 0xE5, 0x04, 0x00, 0x85, 0xE5, 0x00, 0x20, 0x85, 0xE5, 0x54, 0x00, 0x00, 0xDA,
    0x00, 0xA0, 0xA0, 0xE3, 0xE0, 0xC8, 0x9F, 0xE5, 0x50, 0x00, 0x95, 0xE5, 0x03, 0x31, 0x8C, 0xE0,
    0x04, 0xE0, 0xBC, 0xE5, 0xD4, 0x28, 0x9F, 0xE5, 0x6B, 0x00, 0x5E, 0xE3, 0x44, 0x00, 0x00, 0x8A,
    0x0E, 0x20, 0x82, 0xE0, 0xBE, 0x20, 0x92, 0xE1, 0x02, 0xF1, 0x8F, 0xE0, 0x00, 0xF0, 0x20, 0xE3,
    0x60, 0x30, 0xD5, 0xE5, 0x00, 0x00, 0x53, 0xE3, 0x03, 0x00, 0x00, 0x0A, 0x0C, 0x30, 0x95, 0xE5,
    0x0F, 0x00, 0x53, 0xE3, 0x01, 0x30, 0x83, 0xD2, 0x0C, 0x30, 0x85, 0xD5, 0x00, 0x30, 0xA0, 0xE3,
    0x60, 0x30, 0xC5, 0xE5, 0x0D, 0xFF, 0xFF, 0xEA, 0x0C, 0x30, 0x95, 0xE5, 0x00, 0x00, 0x53, 0xE3,
    0x03, 0x00, 0x00, 0x1A, 0x60, 0x30, 0xD5, 0xE5, 0x00, 0x00, 0x53, 0xE3, 0x10, 0x30, 0x85, 0x05,
    0x44, 0x00, 0x00, 0x0A, 0x10, 0x30, 0x95, 0xE5, 0x02, 0x00, 0x53, 0xE3, 0x99, 0x01, 0x00, 0x0A,
    0xC9, 0xFF, 0xFF, 0xCA, 0x00, 0x00, 0x53, 0xE3, 0x3E, 0x00, 0x00, 0x0A, 0x01, 0x00, 0x53, 0xE3,
    0xC5, 0xFF, 0xFF, 0x1A, 0x4C, 0xA8, 0x9F, 0xE5, 0x00, 0x20, 0x9A, 0xE5, 0x0C, 0x10, 0x92, 0xE5,
    0x0C, 0x30, 0x82, 0xE5, 0x01, 0x00, 0x51, 0xE3, 0x0F, 0x00, 0x00, 0xDA, 0x00, 0x60, 0x8D, 0xE5,
    0x01, 0xB0, 0xA0, 0xE1, 0x00, 0x60, 0xA0, 0xE3, 0x04, 0x90, 0x8D, 0xE5, 0x04, 0x90, 0xA0, 0xE1,
    0x01, 0x40, 0x41, 0xE2, 0x20, 0x00, 0xA0, 0xE3, 0x01, 0x60, 0x86, 0xE2, 0x7F, 0xFE, 0xFF, 0xEB,
    0x04, 0x00, 0x56, 0xE1, 0xFA, 0xFF, 0xFF, 0x1A, 0x0B, 0x10, 0xA0, 0xE1, 0x09, 0x40, 0xA0, 0xE1,
    0x00, 0x60, 0x9D, 0xE5, 0x04, 0x90, 0x9D, 0xE5, 0x00, 0x20, 0x9A, 0xE5, 0x0C, 0x10, 0x82, 0xE5,
    0xAD, 0xFF, 0xFF, 0xEA, 0x00, 0x20, 0xA0, 0xE3, 0xE8, 0x37, 0x9F, 0xE5, 0x00, 0x30, 0x93, 0xE5,
    0x10, 0x10, 0x93, 0xE5, 0x18, 0x10, 0x83, 0xE5, 0x0C, 0x10, 0x93, 0xE5, 0x14, 0x10, 0x83, 0xE5,
    0x61, 0x20, 0xC5, 0xE5, 0xDD, 0xFE, 0xFF, 0xEA, 0x00, 0x20, 0x95, 0xE5, 0x64, 0xE0, 0x4E, 0xE2,
    0x01, 0x2B, 0xC2, 0xE3, 0x02, 0x20, 0xC2, 0xE3, 0x01, 0x2A, 0x82, 0xE3, 0x08, 0xE0, 0x85, 0xE5,
    0x00, 0x20, 0x85, 0xE5, 0x0C, 0x00, 0x53, 0xE1, 0xB4, 0xFF, 0xFF, 0x1A, 0x00, 0x00, 0x5A, 0xE3,
    0x00, 0x00, 0x00, 0x0A, 0x50, 0x00, 0x85, 0xE5, 0xB8, 0xC0, 0xD5, 0xE1, 0xB4, 0x00, 0xD5, 0xE1,
    0x00, 0x20, 0x95, 0xE5, 0x00, 0x30, 0xA0, 0xE3, 0xBA, 0xC3, 0xC1, 0xE1, 0xB8, 0x03, 0xC1, 0xE1,
    0x3C, 0x20, 0x81, 0xE5, 0x0C, 0x30, 0x85, 0xE5, 0x61, 0x30, 0xC5, 0xE5, 0xC7, 0xFE, 0xFF, 0xEA,
    0x03, 0x00, 0xA0, 0xE1, 0x0C, 0xD0, 0x8D, 0xE2, 0xF0, 0x8F, 0xBD, 0xE8, 0x00, 0x00, 0x52, 0xE3,
    0x94, 0xFF, 0xFF, 0x0A, 0x92, 0xFF, 0xFF, 0xEA, 0x58, 0xA7, 0x9F, 0xE5, 0x00, 0x10, 0x9A, 0xE5,
    0x0C, 0x00, 0x91, 0xE5, 0x2C, 0x30, 0x91, 0xE5, 0x00, 0x00, 0x53, 0xE1, 0x11, 0x00, 0x00, 0xBA,
    0x06, 0xB0, 0xA0, 0xE1, 0x00, 0x90, 0x8D, 0xE5, 0x00, 0x60, 0xA0, 0xE3, 0x04, 0x90, 0xA0, 0xE1,
    0x0A, 0x40, 0xA0, 0xE1, 0x00, 0xA0, 0xA0, 0xE1, 0x20, 0x00, 0xA0, 0xE3, 0x43, 0xFE, 0xFF, 0xEB,
    0x00, 0x10, 0x94, 0xE5, 0x01, 0x60, 0x86, 0xE2, 0x2C, 0x30, 0x91, 0xE5, 0x0A, 0x30, 0x43, 0xE0,
    0x03, 0x00, 0x56, 0xE1, 0xF7, 0xFF, 0xFF, 0xDA, 0x0A, 0x00, 0xA0, 0xE1, 0x0B, 0x60, 0xA0, 0xE1,
    0x09, 0x40, 0xA0, 0xE1, 0x00, 0x90, 0x9D, 0xE5, 0x0C, 0x00, 0x81, 0xE5, 0x6E, 0xFF, 0xFF, 0xEA,
    0x10, 0x30, 0x85, 0xE5, 0xEC, 0x36, 0x9F, 0xE5, 0x00, 0x10, 0x93, 0xE5, 0x01, 0x30, 0xA0, 0xE3,
    0xBA, 0x23, 0xD1, 0xE1, 0x08, 0x20, 0x85, 0xE5, 0xB8, 0x23, 0xD1, 0xE1, 0x04, 0x20, 0x85, 0xE5,
    0x3C, 0x20, 0x91, 0xE5, 0x00, 0x20, 0x85, 0xE5, 0x78, 0xFF, 0xFF, 0xEA, 0xC4, 0xA6, 0x9F, 0xE5,
    0x00, 0x10, 0x9A, 0xE5, 0x2C, 0x30, 0x91, 0xE5, 0x0C, 0xC0, 0x91, 0xE5, 0x10, 0x00, 0x91, 0xE5,
    0x30, 0x20, 0x91, 0xE5, 0x92, 0x03, 0x02, 0xE0, 0x93, 0xC0, 0x23, 0xE0, 0x03, 0x00, 0x52, 0xE1,
    0x57, 0xFF, 0xFF, 0xDA, 0x06, 0xB0, 0xA0, 0xE1, 0x00, 0x40, 0x8D, 0xE5, 0x04, 0x90, 0x8D, 0xE5,
    0x0A, 0x40, 0xA0, 0xE1, 0x0C, 0x60, 0xA0, 0xE1, 0x00, 0xA0, 0xA0, 0xE1, 0x00, 0x90, 0xA0, 0xE3,
    0x20, 0x00, 0xA0, 0xE3, 0x19, 0xFE, 0xFF, 0xEB, 0x00, 0x10, 0x94, 0xE5, 0x01, 0x90, 0x89, 0xE2,
    0x2C, 0x00, 0x91, 0xE5, 0x30, 0x30, 0x91, 0xE5, 0x93, 0x00, 0x03, 0xE0, 0x90, 0x6A, 0x20, 0xE0,
    0x00, 0x30, 0x43, 0xE0, 0x09, 0x00, 0x53, 0xE1, 0xF4, 0xFF, 0xFF, 0xCA, 0x40, 0xFF, 0xFF, 0xEA,
    0x01, 0x30, 0xA0, 0xE3, 0x10, 0x30, 0x85, 0xE5, 0xDE, 0xFE, 0xFF, 0xEA, 0x01, 0x10, 0xA0, 0xE3,
    0x10, 0x10, 0x85, 0xE5, 0xCA, 0xFE, 0xFF, 0xEA, 0x01, 0x10, 0xA0, 0xE3, 0x10, 0x10, 0x85, 0xE5,
    0x05, 0xFF, 0xFF, 0xEA, 0x01, 0x30, 0xA0, 0xE3, 0x10, 0x30, 0x85, 0xE5, 0xE7, 0xFE, 0xFF, 0xEA,
    0x00, 0x20, 0x95, 0xE5, 0x5A, 0xE0, 0x4E, 0xE2, 0x01, 0x2B, 0xC2, 0xE3, 0x02, 0x20, 0xC2, 0xE3,
    0x02, 0x2B, 0x82, 0xE3, 0x04, 0xE0, 0x85, 0xE5, 0x00, 0x20, 0x85, 0xE5, 0x94, 0xFF, 0xFF, 0xEA,
    0x00, 0x20, 0x95, 0xE5, 0x28, 0xE0, 0x4E, 0xE2, 0x01, 0x2B, 0xC2, 0xE3, 0x08, 0xE0, 0x85, 0xE5,
    0x00, 0x20, 0x85, 0xE5, 0x8E, 0xFF, 0xFF, 0xEA, 0x00, 0x20, 0x95, 0xE5, 0x1E, 0xE0, 0x4E, 0xE2,
    0x02, 0x2C, 0xC2, 0xE3, 0x04, 0xE0, 0x85, 0xE5, 0x00, 0x20, 0x85, 0xE5, 0x88, 0xFF, 0xFF, 0xEA,
    0x00, 0x20, 0xA0, 0xE3, 0x08, 0x20, 0x85, 0xE5, 0x00, 0x20, 0x95, 0xE5, 0x01, 0x2B, 0xC2, 0xE3,
    0x00, 0x20, 0x85, 0xE5, 0x82, 0xFF, 0xFF, 0xEA, 0x0C, 0x00, 0x53, 0xE1, 0x64, 0x01, 0x00, 0x0A,
    0x04, 0x00, 0x9C, 0xE5, 0x04, 0x20, 0x8C, 0xE2, 0x05, 0x00, 0x50, 0xE3, 0xC3, 0x00, 0x00, 0x0A,
    0x02, 0x00, 0x50, 0xE3, 0x37, 0x01, 0x00, 0x0A, 0x02, 0x00, 0x53, 0xE1, 0x5C, 0x01, 0x00, 0x0A,
    0x00, 0x00, 0xA0, 0xE3, 0x01, 0xA0, 0xA0, 0xE3, 0x04, 0xE0, 0x92, 0xE5, 0x04, 0xC0, 0x82, 0xE2,
    0x8C, 0x25, 0x9F, 0xE5, 0x6B, 0x00, 0x5E, 0xE3, 0x71, 0xFF, 0xFF, 0x8A, 0x0E, 0x20, 0x82, 0xE0,
    0xFE, 0x20, 0x92, 0xE1, 0x02, 0xF1, 0x8F, 0xE0, 0x00, 0xF0, 0x20, 0xE3, 0x00, 0x20, 0x95, 0xE5,
    0x01, 0x2C, 0xC2, 0xE3, 0x00, 0x20, 0x85, 0xE5, 0x69, 0xFF, 0xFF, 0xEA, 0x07, 0x20, 0xA0, 0xE3,
    0x04, 0x20, 0x85, 0xE5, 0x00, 0x20, 0x95, 0xE5, 0x02, 0x2C, 0xC2, 0xE3, 0x00, 0x20, 0x85, 0xE5,
    0x63, 0xFF, 0xFF, 0xEA, 0x00, 0x20, 0x95, 0xE5, 0x40, 0x20, 0xC2, 0xE3, 0x00, 0x20, 0x85, 0xE5,
    0x5F, 0xFF, 0xFF, 0xEA, 0x00, 0x20, 0x95, 0xE5, 0x30, 0x20, 0xC2, 0xE3, 0x00, 0x20, 0x85, 0xE5,
    0x5B, 0xFF, 0xFF, 0xEA, 0x00, 0x20, 0x95, 0xE5, 0x08, 0x20, 0xC2, 0xE3, 0x00, 0x20, 0x85, 0xE5,
    0x57, 0xFF, 0xFF, 0xEA, 0x00, 0x20, 0x95, 0xE5, 0x04, 0x20, 0xC2, 0xE3, 0x00, 0x20, 0x85, 0xE5,
    0x53, 0xFF, 0xFF, 0xEA, 0x00, 0x20, 0x95, 0xE5, 0x03, 0x20, 0xC2, 0xE3, 0x00, 0x20, 0x85, 0xE5,
    0x4F, 0xFF, 0xFF, 0xEA, 0x00, 0x20, 0x95, 0xE5, 0x01, 0x20, 0xC2, 0xE3, 0x00, 0x20, 0x85, 0xE5,
    0x4B, 0xFF, 0xFF, 0xEA, 0x00, 0x20, 0x95, 0xE5, 0x01, 0x2C, 0x82, 0xE3, 0x00, 0x20, 0x85, 0xE5,
    0x47, 0xFF, 0xFF, 0xEA, 0x00, 0x20, 0x95, 0xE5, 0x80, 0x20, 0x82, 0xE3, 0x00, 0x20, 0x85, 0xE5,
    0x43, 0xFF, 0xFF, 0xEA, 0x00, 0x20, 0x95, 0xE5, 0x40, 0x20, 0x82, 0xE3, 0x00, 0x20, 0x85, 0xE5,
    0x3F, 0xFF, 0xFF, 0xEA, 0x00, 0x20, 0x95, 0xE5, 0x10, 0x20, 0xC2, 0xE3, 0x20, 0x20, 0x82, 0xE3,
    0x00, 0x20, 0x85, 0xE5, 0x3A, 0xFF, 0xFF, 0xEA, 0x00, 0x20, 0x95, 0xE5, 0x20, 0x20, 0xC2, 0xE3,
    0x10, 0x20, 0x82, 0xE3, 0x00, 0x20, 0x85, 0xE5, 0x35, 0xFF, 0xFF, 0xEA, 0x00, 0x20, 0x95, 0xE5,
    0x08, 0x20, 0x82, 0xE3, 0x00, 0x20, 0x85, 0xE5, 0x31, 0xFF, 0xFF, 0xEA, 0x00, 0x20, 0x95, 0xE5,
    0x04, 0x20, 0x82, 0xE3, 0x00, 0x20, 0x85, 0xE5, 0x2D, 0xFF, 0xFF, 0xEA, 0x00, 0x20, 0x95, 0xE5,
    0x01, 0x20, 0xC2, 0xE3, 0x02, 0x20, 0x82, 0xE3, 0x00, 0x20, 0x85, 0xE5, 0x28, 0xFF, 0xFF, 0xEA,
    0x0C, 0x00, 0x53, 0xE1, 0x0A, 0x01, 0x00, 0x0A, 0x04, 0x00, 0x9C, 0xE5, 0x04, 0x20, 0x8C, 0xE2,
    0x05, 0x00, 0x50, 0xE3, 0x43, 0x00, 0x00, 0x0A, 0x02, 0x00, 0x50, 0xE3, 0xA5, 0xFF, 0xFF, 0x1A,
    0x03, 0x00, 0x52, 0xE1, 0x02, 0x01, 0x00, 0x0A, 0x00, 0x20, 0xA0, 0xE3, 0x08, 0xE0, 0x9C, 0xE5,
    0x08, 0xC0, 0x8C, 0xE2, 0x02, 0x01, 0x85, 0xE0, 0x02, 0x00, 0x52, 0xE3, 0x54, 0xE0, 0x80, 0xE5,
    0x01, 0x00, 0x82, 0xE2, 0x23, 0x00, 0x00, 0x0A, 0x0C, 0x00, 0x53, 0xE1, 0x18, 0xFF, 0xFF, 0x0A,
    0x04, 0xE0, 0x9C, 0xE5, 0x00, 0x01, 0x85, 0xE0, 0x54, 0xE0, 0x80, 0xE5, 0x04, 0x00, 0x8C, 0xE2,
    0x03, 0x00, 0x50, 0xE1, 0x02, 0x20, 0x82, 0xE2, 0xF3, 0x00, 0x00, 0x0A, 0x08, 0xE0, 0xBC, 0xE5,
    0xEF, 0xFF, 0xFF, 0xEA, 0x00, 0x20, 0x95, 0xE5, 0x0C, 0x00, 0x53, 0xE1, 0x02, 0x20, 0xC2, 0xE3,
    0x01, 0x20, 0x82, 0xE3, 0x00, 0x20, 0x85, 0xE5, 0xBC, 0xFE, 0xFF, 0x1A, 0x06, 0xFF, 0xFF, 0xEA,
    0x00, 0x20, 0xA0, 0xE3, 0x07, 0xE0, 0xA0, 0xE3, 0x0C, 0x00, 0x53, 0xE1, 0x04, 0x40, 0x85, 0xE8,
    0x08, 0x20, 0x85, 0xE5, 0x00, 0xFF, 0xFF, 0x0A, 0x04, 0xE0, 0xBC, 0xE5, 0x87, 0xFF, 0xFF, 0xEA,
    0x00, 0x20, 0x95, 0xE5, 0x02, 0x20, 0xC2, 0xE3, 0x01, 0x20, 0x82, 0xE3, 0x00, 0x20, 0x85, 0xE5,
    0xF7, 0xFE, 0xFF, 0xEA, 0x00, 0x20, 0xA0, 0xE3, 0x07, 0xE0, 0xA0, 0xE3, 0x08, 0x20, 0x85, 0xE5,
    0x04, 0x40, 0x85, 0xE8, 0xF2, 0xFE, 0xFF, 0xEA, 0x58, 0x20, 0x95, 0xE5, 0x54, 0xE0, 0x95, 0xE5,
    0x82, 0x21, 0xA0, 0xE1, 0x0E, 0xE4, 0xA0, 0xE1, 0x3E, 0xEB, 0x0E, 0xE2, 0x7E, 0x2E, 0x02, 0xE2,
    0x0E, 0x20, 0x82, 0xE1, 0x5C, 0xE0, 0x95, 0xE5, 0x0C, 0x00, 0x53, 0xE1, 0x0E, 0xEC, 0xA0, 0xE1,
    0xAE, 0x2D, 0x82, 0xE1, 0x04, 0x20, 0x85, 0xE5, 0x00, 0x20, 0x95, 0xE5, 0x02, 0x2C, 0x82, 0xE3,
    0x00, 0x20, 0x85, 0xE5, 0xC4, 0x00, 0x00, 0x0A, 0x04, 0xE0, 0x9C, 0xE5, 0x01, 0xA0, 0xA0, 0xE3,
    0x04, 0xC0, 0x8C, 0xE2, 0x69, 0xFF, 0xFF, 0xEA, 0x03, 0x00, 0x52, 0xE1, 0xC0, 0x00, 0x00, 0x0A,
    0x08, 0x00, 0x9C, 0xE5, 0x08, 0x20, 0x8C, 0xE2, 0x0F, 0x00, 0x50, 0xE3, 0x04, 0x00, 0x00, 0xCA,
    0x04, 0x00, 0x85, 0xE5, 0x00, 0x00, 0x95, 0xE5, 0x02, 0x0C, 0xC0, 0xE3, 0x00, 0x00, 0x85, 0xE5,
    0x58, 0xFF, 0xFF, 0xEA, 0xE7, 0x00, 0x50, 0xE3, 0x56, 0x00, 0x00, 0xCA, 0x04, 0xC3, 0x9F, 0xE5,
    0x10, 0x00, 0x40, 0xE2, 0x9C, 0xE0, 0x8C, 0xE0, 0x00, 0xB0, 0x95, 0xE5, 0xF8, 0xE2, 0x9F, 0xE5,
    0x02, 0xBC, 0x8B, 0xE3, 0x00, 0xB0, 0x85, 0xE5, 0x1F, 0xB1, 0xCC, 0xE3, 0xAC, 0xB1, 0x8B, 0xE0,
    0x0B, 0x01, 0x40, 0xE0, 0x9E, 0xE0, 0x8B, 0xE0, 0xE0, 0xA2, 0x9F, 0xE5, 0xAC, 0xE1, 0xDA, 0xE7,
    0x2B, 0xC1, 0xA0, 0xE1, 0x8C, 0xC0, 0x8C, 0xE0, 0x8C, 0xC0, 0x40, 0xE0, 0x0C, 0x00, 0xDA, 0xE7,
    0xAE, 0xE1, 0xA0, 0xE1, 0x2B, 0xC1, 0xDA, 0xE7, 0x8E, 0xE5, 0xA0, 0xE1, 0xA0, 0x01, 0x8E, 0xE1,
    0x2C, 0xC1, 0xA0, 0xE1, 0x8C, 0x02, 0x80, 0xE1, 0x04, 0x00, 0x85, 0xE5, 0x3D, 0xFF, 0xFF, 0xEA,
    0x02, 0x00, 0x53, 0xE1, 0x9A, 0x00, 0x00, 0x0A, 0x08, 0x00, 0x9C, 0xE5, 0x08, 0x20, 0x8C, 0xE2,
    0x0F, 0x00, 0x50, 0xE3, 0x04, 0x00, 0x00, 0xCA, 0x08, 0x00, 0x85, 0xE5, 0x00, 0x00, 0x95, 0xE5,
    0x01, 0x0B, 0xC0, 0xE3, 0x00, 0x00, 0x85, 0xE5, 0x32, 0xFF, 0xFF, 0xEA, 0xE7, 0x00, 0x50, 0xE3,
    0x59, 0x00, 0x00, 0xCA, 0x6C, 0xC2, 0x9F, 0xE5, 0x10, 0x00, 0x40, 0xE2, 0x9C, 0xE0, 0x8C, 0xE0,
    0x00, 0xB0, 0x95, 0xE5, 0x60, 0xE2, 0x9F, 0xE5, 0x01, 0xBB, 0x8B, 0xE3, 0x00, 0xB0, 0x85, 0xE5,
    0x1F, 0xB1, 0xCC, 0xE3, 0xAC, 0xB1, 0x8B, 0xE0, 0x0B, 0x01, 0x40, 0xE0, 0x9E, 0xE0, 0x8B, 0xE0,
    0x48, 0xA2, 0x9F, 0xE5, 0xAC, 0xE1, 0xDA, 0xE7, 0x2B, 0xC1, 0xA0, 0xE1, 0x8C, 0xC0, 0x8C, 0xE0,
    0x8C, 0xC0, 0x40, 0xE0, 0x0C, 0x00, 0xDA, 0xE7, 0xAE, 0xE1, 0xA0, 0xE1, 0x2B, 0xC1, 0xDA, 0xE7,
    0x8E, 0xE5, 0xA0, 0xE1, 0xA0, 0x01, 0x8E, 0xE1, 0x2C, 0xC1, 0xA0, 0xE1, 0x8C, 0x02, 0x80, 0xE1,
    0x08, 0x00, 0x85, 0xE5, 0x17, 0xFF, 0xFF, 0xEA, 0x01, 0x30, 0xA0, 0xE3, 0xF4, 0xA1, 0x9F, 0xE5,
    0x00, 0x20, 0x9A, 0xE5, 0x2C, 0x10, 0x92, 0xE5, 0x0C, 0x00, 0x92, 0xE5, 0x00, 0x00, 0x51, 0xE3,
    0x0C, 0x30, 0x82, 0xE5, 0x0D, 0x00, 0x00, 0xDA, 0x00, 0x90, 0x8D, 0xE5, 0x00, 0xB0, 0xA0, 0xE1,
    0x04, 0x90, 0xA0, 0xE1, 0x00, 0x40, 0xA0, 0xE3, 0x20, 0x00, 0xA0, 0xE3, 0xEB, 0xFC, 0xFF, 0xEB,
    0x00, 0x20, 0x9A, 0xE5, 0x01, 0x40, 0x84, 0xE2, 0x2C, 0x10, 0x92, 0xE5, 0x01, 0x00, 0x54, 0xE1,
    0xF8, 0xFF, 0xFF, 0xBA, 0x0B, 0x00, 0xA0, 0xE1, 0x09, 0x40, 0xA0, 0xE1, 0x00, 0x90, 0x9D, 0xE5,
    0x0C, 0x00, 0x82, 0xE5, 0x18, 0xFE, 0xFF, 0xEA, 0xFF, 0x00, 0x50, 0xE3, 0xFD, 0xFE, 0xFF, 0xCA,
    0xAC, 0xC1, 0x9F, 0xE5, 0x00, 0x00, 0x8C, 0xE0, 0xE8, 0x00, 0x50, 0xE5, 0x00, 0xC0, 0x95, 0xE5,
    0xA0, 0xE1, 0xA0, 0xE1, 0x02, 0xCC, 0x8C, 0xE3, 0x00, 0xC0, 0x85, 0xE5, 0x20, 0xC1, 0xA0, 0xE1,
    0x8E, 0x05, 0xA0, 0xE1, 0x8C, 0x02, 0x80, 0xE1, 0x0E, 0x00, 0x80, 0xE1, 0x04, 0x00, 0x85, 0xE5,
    0xF0, 0xFE, 0xFF, 0xEA, 0x01, 0x10, 0xA0, 0xE3, 0x58, 0xA1, 0x9F, 0xE5, 0x00, 0x20, 0x9A, 0xE5,
    0x30, 0x30, 0x92, 0xE5, 0x2C, 0x00, 0x92, 0xE5, 0x10, 0x10, 0x82, 0xE5, 0x90, 0x03, 0x03, 0xE0,
    0x00, 0x00, 0x53, 0xE3, 0x0C, 0x10, 0x82, 0xE5, 0x0B, 0x00, 0x00, 0xDA, 0x04, 0xB0, 0xA0, 0xE1,
    0x00, 0x40, 0xA0, 0xE3, 0x20, 0x00, 0xA0, 0xE3, 0xC4, 0xFC, 0xFF, 0xEB, 0x00, 0x20, 0x9A, 0xE5,
    0x01, 0x40, 0x84, 0xE2, 0x30, 0x30, 0x92, 0xE5, 0x2C, 0x00, 0x92, 0xE5, 0x90, 0x03, 0x03, 0xE0,
    0x04, 0x00, 0x53, 0xE1, 0xF6, 0xFF, 0xFF, 0xCA, 0x0B, 0x40, 0xA0, 0xE1, 0x01, 0x30, 0xA0, 0xE3,
    0x10, 0x30, 0x82, 0xE5, 0x0C, 0x30, 0x82, 0xE5, 0xEF, 0xFD, 0xFF, 0xEA, 0xFF, 0x00, 0x50, 0xE3,
    0xD4, 0xFE, 0xFF, 0xCA, 0x08, 0xC1, 0x9F, 0xE5, 0x00, 0x00, 0x8C, 0xE0, 0xE8, 0x00, 0x50, 0xE5,
    0x00, 0xC0, 0x95, 0xE5, 0xA0, 0xE1, 0xA0, 0xE1, 0x01, 0xCB, 0x8C, 0xE3, 0x00, 0xC0, 0x85, 0xE5,
    0x20, 0xC1, 0xA0, 0xE1, 0x8E, 0x05, 0xA0, 0xE1, 0x8C, 0x02, 0x80, 0xE1, 0x0E, 0x00, 0x80, 0xE1,
    0x08, 0x00, 0x85, 0xE5, 0xC7, 0xFE, 0xFF, 0xEA, 0x02, 0x00, 0x53, 0xE1, 0x24, 0x00, 0x00, 0x0A,
    0x00, 0x20, 0xA0, 0xE3, 0x08, 0xE0, 0x9C, 0xE5, 0x08, 0xC0, 0x8C, 0xE2, 0x02, 0x01, 0x85, 0xE0,
    0x02, 0x00, 0x52, 0xE3, 0x54, 0xE0, 0x80, 0xE5, 0x01, 0x00, 0x82, 0xE2, 0x0A, 0x00, 0x00, 0x0A,
    0x0C, 0x00, 0x53, 0xE1, 0x3A, 0xFE, 0xFF, 0x0A, 0x04, 0xE0, 0x9C, 0xE5, 0x00, 0x01, 0x85, 0xE0,
    0x54, 0xE0, 0x80, 0xE5, 0x04, 0x00, 0x8C, 0xE2, 0x00, 0x00, 0x53, 0xE1, 0x02, 0x20, 0x82, 0xE2,
    0x15, 0x00, 0x00, 0x0A, 0x08, 0xE0, 0xBC, 0xE5, 0xEF, 0xFF, 0xFF, 0xEA, 0x58, 0x20, 0x95, 0xE5,
    0x54, 0xE0, 0x95, 0xE5, 0x82, 0x21, 0xA0, 0xE1, 0x0E, 0xE4, 0xA0, 0xE1, 0x3E, 0xEB, 0x0E, 0xE2,
    0x7E, 0x2E, 0x02, 0xE2, 0x0E, 0x20, 0x82, 0xE1, 0x5C, 0xE0, 0x95, 0xE5, 0x0C, 0x00, 0x53, 0xE1,
    0x0E, 0xEC, 0xA0, 0xE1, 0xAE, 0x2D, 0x82, 0xE1, 0x08, 0x20, 0x85, 0xE5, 0x00, 0x20, 0x95, 0xE5,
    0x01, 0x2B, 0x82, 0xE3, 0x00, 0x20, 0x85, 0xE5, 0x3A, 0xFF, 0xFF, 0x1A, 0x03, 0x00, 0xA0, 0xE3,
    0x1F, 0xFE, 0xFF, 0xEA, 0x00, 0x00, 0xA0, 0xE3, 0x1D, 0xFE, 0xFF, 0xEA, 0x02, 0x00, 0xA0, 0xE1,
    0x1B, 0xFE, 0xFF, 0xEA, 0x00, 0x00, 0xE0, 0xE3, 0x05, 0xFD, 0xFF, 0xEA, 0xC4, 0xBD, 0x11, 0x00,
    0xF0, 0x82, 0x11, 0x00, 0xD4, 0xBD, 0x11, 0x00, 0x04, 0xA0, 0x11, 0x00, 0xD0, 0xBD, 0x11, 0x00,
    0x7C, 0x83, 0x11, 0x00, 0x54, 0x84, 0x11, 0x00, 0x39, 0x8E, 0xE3, 0x38, 0xAB, 0xAA, 0xAA, 0xAA,
    0xC4, 0x85, 0x11, 0x00, 0xAC, 0x85, 0x11, 0x00, 0xF0, 0x41, 0x2D, 0xE9, 0xEC, 0x40, 0x9F, 0xE5,
    0x00, 0x50, 0x94, 0xE5, 0x10, 0x30, 0x95, 0xE5, 0x30, 0x20, 0x95, 0xE5, 0x01, 0x30, 0x83, 0xE2,
    0x02, 0x00, 0x53, 0xE1, 0x10, 0x30, 0x85, 0xE5, 0xF0, 0x81, 0xBD, 0xD8, 0x2C, 0x80, 0x95, 0xE5,
    0x10, 0x20, 0x85, 0xE5, 0x00, 0x00, 0x58, 0xE3, 0x2C, 0x00, 0x00, 0xDA, 0x01, 0x00, 0x52, 0xE3,
    0x88, 0x81, 0xA0, 0xE1, 0x1B, 0x00, 0x00, 0xDA, 0x00, 0x70, 0xA0, 0xE3, 0x01, 0x20, 0x42, 0xE2,
    0x02, 0xE1, 0xA0, 0xE1, 0x24, 0x20, 0x95, 0xE5, 0x28, 0x30, 0x95, 0xE5, 0x01, 0x20, 0x42, 0xE2,
    0x83, 0x31, 0xA0, 0xE1, 0x02, 0x22, 0x62, 0xE0, 0x08, 0x60, 0x95, 0xE5, 0x82, 0x33, 0x63, 0xE0,
    0xEF, 0x30, 0x83, 0xE2, 0x83, 0x60, 0x86, 0xE0, 0x00, 0x10, 0xA0, 0xE3, 0x10, 0xC0, 0x86, 0xE2,
    0x03, 0x30, 0xC6, 0xE3, 0x03, 0xC0, 0xCC, 0xE3, 0x03, 0xC0, 0x4C, 0xE0, 0x00, 0x20, 0x93, 0xE5,
    0x01, 0x10, 0x81, 0xE2, 0x0C, 0x00, 0x83, 0xE0, 0x01, 0x00, 0x5E, 0xE1, 0x04, 0x30, 0x43, 0xE2,
    0x00, 0x20, 0x80, 0xE5, 0xF8, 0xFF, 0xFF, 0x1A, 0x01, 0x70, 0x87, 0xE2, 0x07, 0x00, 0x58, 0xE1,
    0x1E, 0x6E, 0x86, 0xE2, 0xEF, 0xFF, 0xFF, 0x1A, 0x01, 0x30, 0xA0, 0xE3, 0x00, 0x60, 0xA0, 0xE3,
    0x0C, 0x70, 0x95, 0xE5, 0x0C, 0x30, 0x85, 0xE5, 0x20, 0x00, 0xA0, 0xE3, 0x3F, 0xFC, 0xFF, 0xEB,
    0x00, 0x50, 0x94, 0xE5, 0x01, 0x60, 0x86, 0xE2, 0x2C, 0x30, 0x95, 0xE5, 0x03, 0x00, 0x56, 0xE1,
    0xF8, 0xFF, 0xFF, 0xBA, 0x0C, 0x70, 0x85, 0xE5, 0xF0, 0x41, 0xBD, 0xE8, 0x70, 0x01, 0x00, 0xEA,
    0x01, 0x30, 0xA0, 0xE3, 0x0C, 0x70, 0x95, 0xE5, 0x0C, 0x30, 0x85, 0xE5, 0xF8, 0xFF, 0xFF, 0xEA,
    0x04, 0xA0, 0x11, 0x00, 0xF0, 0x41, 0x2D, 0xE9, 0x5C, 0x51, 0x9F, 0xE5, 0x00, 0x70, 0xA0, 0xE1,
    0x00, 0x30, 0xD5, 0xE5, 0x01, 0x40, 0xA0, 0xE1, 0x00, 0x00, 0x53, 0xE3, 0x34, 0x00, 0x00, 0x1A,
    0x01, 0x60, 0xA0, 0xE3, 0x44, 0x51, 0x9F, 0xE5, 0x00, 0x00, 0x54, 0xE3, 0x00, 0x40, 0x95, 0x05,
    0x48, 0x20, 0xA0, 0xE3, 0x38, 0x11, 0x9F, 0xE5, 0x04, 0x00, 0xA0, 0xE1, 0x00, 0x40, 0x85, 0x15,
    0xD3, 0x23, 0x00, 0xEB, 0x02, 0x10, 0xA0, 0xE3, 0x07, 0x00, 0xA0, 0xE1, 0x44, 0x60, 0xC4, 0xE5,
    0x85, 0x00, 0x00, 0xEB, 0x00, 0x10, 0xA0, 0xE3, 0x07, 0x00, 0xA0, 0xE1, 0xC0, 0x00, 0x00, 0xEB,
    0xA7, 0x01, 0x00, 0xEB, 0x06, 0x10, 0xA0, 0xE1, 0x02, 0x00, 0xA0, 0xE3, 0xFB, 0x0B, 0x00, 0xEB,
    0x00, 0x30, 0xA0, 0xE3, 0x07, 0x00, 0xA0, 0xE1, 0x03, 0x20, 0xA0, 0xE1, 0x03, 0x10, 0xA0, 0xE1,
    0x23, 0x01, 0x00, 0xEB, 0x00, 0x00, 0x57, 0xE3, 0x08, 0x00, 0x84, 0xE5, 0x2F, 0x00, 0x00, 0x0A,
    0x01, 0x10, 0xA0, 0xE3, 0x00, 0x20, 0x95, 0xE5, 0x30, 0x30, 0x92, 0xE5, 0x2C, 0x00, 0x92, 0xE5,
    0x0C, 0x10, 0x82, 0xE5, 0x90, 0x03, 0x03, 0xE0, 0x00, 0x00, 0x53, 0xE3, 0x10, 0x10, 0x82, 0xE5,
    0x09, 0x00, 0x00, 0xDA, 0x00, 0x40, 0xA0, 0xE3, 0x20, 0x00, 0xA0, 0xE3, 0x03, 0xFC, 0xFF, 0xEB,
    0x00, 0x20, 0x95, 0xE5, 0x01, 0x40, 0x84, 0xE2, 0x30, 0x30, 0x92, 0xE5, 0x2C, 0x10, 0x92, 0xE5,
    0x91, 0x03, 0x03, 0xE0, 0x04, 0x00, 0x53, 0xE1, 0xF6, 0xFF, 0xFF, 0xCA, 0x01, 0x30, 0xA0, 0xE3,
    0x0C, 0x30, 0x82, 0xE5, 0x10, 0x30, 0x82, 0xE5, 0x31, 0x01, 0x00, 0xEB, 0x00, 0x00, 0x95, 0xE5,
    0xF0, 0x81, 0xBD, 0xE8, 0x7C, 0x20, 0x9F, 0xE5, 0x7C, 0x30, 0x9F, 0xE5, 0x04, 0x20, 0x83, 0xE5,
    0x08, 0x20, 0x83, 0xE5, 0x52, 0x55, 0x00, 0xEB, 0x00, 0x30, 0xA0, 0xE3, 0x02, 0x20, 0xA0, 0xE3,
    0x03, 0x10, 0xA0, 0xE1, 0x08, 0x00, 0x90, 0xE5, 0x31, 0x29, 0x00, 0xEB, 0x4C, 0x55, 0x00, 0xEB,
    0x00, 0x30, 0xA0, 0xE3, 0x02, 0x20, 0xA0, 0xE3, 0x03, 0x10, 0xA0, 0xE1, 0x0C, 0x00, 0x90, 0xE5,
    0x2B, 0x29, 0x00, 0xEB, 0x64, 0x20, 0xA0, 0xE3, 0x00, 0x10, 0xA0, 0xE3, 0x3C, 0x00, 0x9F, 0xE5,
    0x1D, 0x25, 0x00, 0xEB, 0x00, 0x30, 0xA0, 0xE3, 0x00, 0x30, 0xC5, 0xE5, 0xB3, 0xFF, 0xFF, 0xEA,
    0x3E, 0x00, 0x00, 0xEB, 0x00, 0x00, 0x50, 0xE3, 0x32, 0x30, 0xA0, 0x03, 0x64, 0x30, 0xA0, 0x13,
    0x1C, 0x30, 0x84, 0xE5, 0x2C, 0x30, 0x84, 0xE5, 0xC8, 0xFF, 0xFF, 0xEA, 0x00, 0xA0, 0x11, 0x00,
    0x04, 0xA0, 0x11, 0x00, 0x08, 0xA0, 0x11, 0x00, 0x2C, 0x85, 0x11, 0x00, 0xFC, 0xBC, 0x11, 0x00,
    0xC4, 0xBD, 0x11, 0x00, 0x10, 0x40, 0x2D, 0xE9, 0xA8, 0x30, 0x9F, 0xE5, 0x02, 0xE0, 0xA0, 0xE1,
    0x00, 0xC0, 0xD3, 0xE7, 0x08, 0xD0, 0x4D, 0xE2, 0x00, 0x00, 0x5C, 0xE3, 0x0F, 0x4D, 0xA0, 0x03,
    0x03, 0x00, 0x00, 0x0A, 0x02, 0x30, 0x4C, 0xE2, 0x02, 0x00, 0x53, 0xE3, 0x2D, 0x4E, 0xA0, 0x83,
    0x1E, 0x4E, 0xA0, 0x93, 0x00, 0x00, 0x50, 0xE3, 0x0B, 0x00, 0x00, 0x1A, 0x78, 0x30, 0x9F, 0xE5,
    0x78, 0x20, 0x9F, 0xE5, 0x00, 0x30, 0xD3, 0xE5, 0x01, 0x21, 0x92, 0xE7, 0x01, 0x00, 0x53, 0xE3,
    0x11, 0x00, 0x00, 0x0A, 0x02, 0x00, 0x53, 0xE3, 0x02, 0x30, 0xA0, 0x11, 0x40, 0xC0, 0x8C, 0x13,
    0x04, 0x00, 0x00, 0x1A, 0x02, 0x30, 0xA0, 0xE1, 0x02, 0x00, 0x00, 0xEA, 0x50, 0x30, 0x9F, 0xE5,
    0x01, 0x21, 0x93, 0xE7, 0x02, 0x30, 0xA0, 0xE1, 0x48, 0xE0, 0x9F, 0xE5, 0x00, 0xE0, 0xDE, 0xE5,
    0x00, 0x00, 0x5E, 0xE3, 0x01, 0xCC, 0x8C, 0x03, 0x03, 0xCC, 0x8C, 0x13, 0x10, 0x10, 0x8D, 0xE8,
    0x69, 0x0B, 0x00, 0xEB, 0x08, 0xD0, 0x8D, 0xE2, 0x10, 0x80, 0xBD, 0xE8, 0x00, 0x00, 0x5E, 0xE3,
    0x20, 0xC0, 0x8C, 0xE3, 0xEE, 0xFF, 0xFF, 0x0A, 0x1C, 0x30, 0x9F, 0xE5, 0x00, 0x30, 0x93, 0xE5,
    0xA3, 0x30, 0x82, 0xE0, 0xEF, 0xFF, 0xFF, 0xEA, 0x80, 0xBE, 0x11, 0x00, 0x7F, 0xBE, 0x11, 0x00,
    0x98, 0xBE, 0x11, 0x00, 0x90, 0xBE, 0x11, 0x00, 0x7E, 0xBE, 0x11, 0x00, 0x88, 0xBE, 0x11, 0x00,
    0x10, 0x30, 0x9F, 0xE5, 0x00, 0x00, 0xD3, 0xE5, 0x02, 0x00, 0x40, 0xE2, 0x10, 0x0F, 0x6F, 0xE1,
    0xA0, 0x02, 0xA0, 0xE1, 0x1E, 0xFF, 0x2F, 0xE1, 0x7F, 0xBE, 0x11, 0x00, 0xF0, 0x41, 0x2D, 0xE9,
    0x00, 0x70, 0x51, 0xE2, 0x00, 0x60, 0xA0, 0xE1, 0x04, 0x40, 0xA0, 0x03, 0x03, 0x00, 0x00, 0x0A,
    0x02, 0x30, 0x47, 0xE2, 0x02, 0x00, 0x53, 0xE3, 0x03, 0x40, 0xA0, 0x83, 0x02, 0x40, 0xA0, 0x93,
    0x00, 0x00, 0x56, 0xE3, 0x23, 0x00, 0x00, 0x1A, 0xA8, 0x20, 0x9F, 0xE5, 0x04, 0x41, 0x84, 0xE0,
    0x02, 0x80, 0xA0, 0xE1, 0x04, 0x41, 0x84, 0xE0, 0x04, 0x42, 0x64, 0xE0, 0x00, 0x30, 0x92, 0xE5,
    0x94, 0x50, 0x9F, 0xE5, 0x84, 0x44, 0xA0, 0xE1, 0x04, 0x00, 0x53, 0xE1, 0x16, 0x00, 0x00, 0x2A,
    0x00, 0x00, 0x95, 0xE5, 0x00, 0x00, 0x50, 0xE3, 0x02, 0x00, 0x00, 0x0A, 0x7C, 0x30, 0x9F, 0xE5,
    0x00, 0x30, 0x93, 0xE5, 0x33, 0xFF, 0x2F, 0xE1, 0x04, 0x00, 0x95, 0xE5, 0x00, 0x00, 0x50, 0xE3,
    0x02, 0x00, 0x00, 0x0A, 0x64, 0x30, 0x9F, 0xE5, 0x00, 0x30, 0x93, 0xE5, 0x33, 0xFF, 0x2F, 0xE1,
    0x5C, 0x30, 0x9F, 0xE5, 0x04, 0x00, 0xA0, 0xE1, 0x00, 0x20, 0x93, 0xE5, 0x32, 0xFF, 0x2F, 0xE1,
    0x4C, 0x30, 0x9F, 0xE5, 0x00, 0x00, 0x85, 0xE5, 0x00, 0x30, 0x93, 0xE5, 0x04, 0x00, 0xA0, 0xE1,
    0x33, 0xFF, 0x2F, 0xE1, 0x00, 0x40, 0x88, 0xE5, 0x04, 0x00, 0x85, 0xE5, 0x34, 0x30, 0x9F, 0xE5,
    0x06, 0x70, 0xC3, 0xE7, 0xF0, 0x81, 0xBD, 0xE8, 0x2C, 0x20, 0x9F, 0xE5, 0x04, 0x41, 0x84, 0xE0,
    0x04, 0x42, 0x64, 0xE0, 0x02, 0x80, 0xA0, 0xE1, 0x00, 0x30, 0x92, 0xE5, 0x1C, 0x50, 0x9F, 0xE5,
    0x04, 0x45, 0xA0, 0xE1, 0xDB, 0xFF, 0xFF, 0xEA, 0x88, 0xBE, 0x11, 0x00, 0x98, 0xBE, 0x11, 0x00,
    0x74, 0xBE, 0x11, 0x00, 0x70, 0xBE, 0x11, 0x00, 0x80, 0xBE, 0x11, 0x00, 0x84, 0xBE, 0x11, 0x00,
    0x90, 0xBE, 0x11, 0x00, 0x04, 0x30, 0x9F, 0xE5, 0x00, 0x10, 0xC3, 0xE7, 0x1E, 0xFF, 0x2F, 0xE1,
    0x78, 0xBE, 0x11, 0x00, 0x70, 0x40, 0x2D, 0xE9, 0x00, 0x40, 0xA0, 0xE3, 0x00, 0x50, 0xA0, 0xE1,
    0x01, 0x60, 0xA0, 0xE1, 0x00, 0x00, 0x52, 0xE3, 0x90, 0x00, 0x9F, 0x05, 0x90, 0x00, 0x9F, 0x15,
    0x90, 0x30, 0x9F, 0xE5, 0x90, 0x10, 0x9F, 0x05, 0x90, 0x10, 0x9F, 0x15, 0x00, 0x00, 0x83, 0xE5,
    0x8C, 0x30, 0x9F, 0xE5, 0x00, 0x10, 0x83, 0xE5, 0x88, 0x30, 0x9F, 0xE5, 0x00, 0x20, 0xC3, 0xE5,
    0x1A, 0x0A, 0x00, 0xEB, 0x80, 0x30, 0x9F, 0xE5, 0x05, 0x10, 0xA0, 0xE1, 0x04, 0x00, 0xA0, 0xE1,
    0x00, 0x40, 0xC3, 0xE5, 0xA8, 0xFF, 0xFF, 0xEB, 0x06, 0x10, 0xA0, 0xE1, 0x01, 0x00, 0xA0, 0xE3,
    0xA5, 0xFF, 0xFF, 0xEB, 0x64, 0x20, 0x9F, 0xE5, 0x64, 0x10, 0x9F, 0xE5, 0x64, 0x30, 0x9F, 0xE5,
    0x04, 0x00, 0xA0, 0xE1, 0xB0, 0x10, 0xC2, 0xE1, 0x04, 0x20, 0xA0, 0xE1, 0x04, 0x10, 0xA0, 0xE1,
    0xB0, 0x40, 0xC3, 0xE1, 0x62, 0xFF, 0xFF, 0xEB, 0x04, 0x20, 0xA0, 0xE1, 0x04, 0x10, 0xA0, 0xE1,
    0x01, 0x00, 0xA0, 0xE3, 0x5E, 0xFF, 0xFF, 0xEB, 0x02, 0x00, 0xA0, 0xE3, 0x01, 0x10, 0xA0, 0xE3,
    0x12, 0x0B, 0x00, 0xEB, 0x04, 0x00, 0xA0, 0xE1, 0x70, 0x40, 0xBD, 0xE8, 0x8D, 0x0B, 0x00, 0xEA,
    0xC0, 0x5D, 0x10, 0x00, 0xDC, 0x63, 0x10, 0x00, 0x70, 0xBE, 0x11, 0x00, 0xC8, 0x5D, 0x10, 0x00,
    0xE8, 0x63, 0x10, 0x00, 0x74, 0xBE, 0x11, 0x00, 0x7E, 0xBE, 0x11, 0x00, 0x7F, 0xBE, 0x11, 0x00,
    0x78, 0xBE, 0x11, 0x00, 0x01, 0x01, 0x00, 0x00, 0x7C, 0xBE, 0x11, 0x00, 0x01, 0x10, 0xA0, 0xE3,
    0x00, 0x20, 0xA0, 0xE3, 0x01, 0x00, 0xA0, 0xE1, 0xC5, 0xFF, 0xFF, 0xEA, 0x70, 0x40, 0x2D, 0xE9,
    0x98, 0x40, 0x9F, 0xE5, 0x00, 0x30, 0x94, 0xE5, 0x00, 0x00, 0x53, 0xE3, 0x70, 0x80, 0xBD, 0x08,
    0xCD, 0x0A, 0x00, 0xEB, 0x00, 0x00, 0x50, 0xE3, 0x1A, 0x00, 0x00, 0x1A, 0x80, 0x60, 0x9F, 0xE5,
    0x80, 0x50, 0x9F, 0xE5, 0x00, 0x30, 0x94, 0xE5, 0x00, 0x00, 0x96, 0xE5, 0x33, 0xFF, 0x2F, 0xE1,
    0x00, 0x30, 0x94, 0xE5, 0x04, 0x00, 0x96, 0xE5, 0x33, 0xFF, 0x2F, 0xE1, 0x00, 0x00, 0x95, 0xE5,
    0x00, 0x30, 0x94, 0xE5, 0x33, 0xFF, 0x2F, 0xE1, 0x00, 0x30, 0x94, 0xE5, 0x04, 0x00, 0x95, 0xE5,
    0x33, 0xFF, 0x2F, 0xE1, 0x00, 0x30, 0xA0, 0xE3, 0x00, 0x00, 0xA0, 0xE3, 0x00, 0x10, 0xA0, 0xE3,
    0x44, 0x20, 0x9F, 0xE5, 0xF0, 0x00, 0xC6, 0xE1, 0x00, 0x30, 0x82, 0xE5, 0x3C, 0x20, 0x9F, 0xE5,
    0xF0, 0x00, 0xC5, 0xE1, 0x00, 0x30, 0x82, 0xE5, 0x72, 0x0A, 0x00, 0xEB, 0x00, 0x30, 0xA0, 0xE3,
    0x00, 0x30, 0x84, 0xE5, 0x70, 0x80, 0xBD, 0xE8, 0x01, 0x10, 0xA0, 0xE3, 0x02, 0x00, 0xA0, 0xE3,
    0xDA, 0x0A, 0x00, 0xEB, 0x01, 0x00, 0xA0, 0xE3, 0x56, 0x0B, 0x00, 0xEB, 0xDE, 0xFF, 0xFF, 0xEA,
    0x74, 0xBE, 0x11, 0x00, 0x98, 0xBE, 0x11, 0x00, 0x90, 0xBE, 0x11, 0x00, 0x84, 0xBE, 0x11, 0x00,
    0x88, 0xBE, 0x11, 0x00, 0x04, 0xE0, 0x2D, 0xE5, 0x7C, 0xC0, 0x9F, 0xE5, 0x7C, 0xE0, 0x9F, 0xE5,
    0x00, 0xC0, 0xDC, 0xE7, 0x00, 0xE0, 0xDE, 0xE7, 0x00, 0x00, 0x50, 0xE3, 0x0E, 0xC0, 0x2C, 0xE0,
    0x09, 0x00, 0x00, 0x1A, 0x68, 0x00, 0x9F, 0xE5, 0x0C, 0x01, 0x90, 0xE7, 0x64, 0xC0, 0x9F, 0xE5,
    0x00, 0xC0, 0xDC, 0xE5, 0x01, 0x00, 0x5C, 0xE3, 0x0C, 0x00, 0x00, 0x0A, 0x02, 0x00, 0x5C, 0xE3,
    0x19, 0x1E, 0xA0, 0x13, 0x32, 0x1E, 0xA0, 0x03, 0x02, 0x00, 0x00, 0xEA, 0x05, 0x1D, 0xA0, 0xE3,
    0x44, 0x00, 0x9F, 0xE5, 0x0C, 0x01, 0x90, 0xE7, 0x00, 0x00, 0x52, 0xE3, 0xF0, 0xC0, 0xA0, 0x13,
    0xB0, 0xC0, 0xC2, 0x11, 0x00, 0x00, 0x53, 0xE3, 0xB0, 0x10, 0xC3, 0x11, 0x04, 0xF0, 0x9D, 0xE4,
    0x00, 0x00, 0x51, 0xE3, 0x19, 0x1E, 0xA0, 0x03, 0x20, 0xC0, 0x9F, 0x15, 0x19, 0x1E, 0xA0, 0x13,
    0x00, 0xC0, 0x9C, 0x15, 0xAC, 0x00, 0x80, 0x10, 0xF2, 0xFF, 0xFF, 0xEA, 0x7C, 0xBE, 0x11, 0x00,
    0x78, 0xBE, 0x11, 0x00, 0x98, 0xBE, 0x11, 0x00, 0x7F, 0xBE, 0x11, 0x00, 0x90, 0xBE, 0x11, 0x00,
    0x88, 0xBE, 0x11, 0x00, 0xF0, 0x47, 0x2D, 0xE9, 0xC4, 0x30, 0x9F, 0xE5, 0x00, 0x30, 0xD3, 0xE5,
    0x00, 0x00, 0x53, 0xE3, 0x1C, 0x00, 0x00, 0x0A, 0x02, 0x30, 0x43, 0xE2, 0x02, 0x00, 0x53, 0xE3,
    0x27, 0x00, 0x00, 0x8A, 0x96, 0x9B, 0xA0, 0xE3, 0xA8, 0x10, 0x9F, 0xE5, 0xA8, 0x80, 0x9F, 0xE5,
    0xA8, 0x50, 0x9F, 0xE5, 0xA8, 0x40, 0x9F, 0xE5, 0x00, 0x30, 0xD5, 0xE5, 0x00, 0x20, 0xD4, 0xE5,
    0xA0, 0x60, 0x9F, 0xE5, 0xA0, 0x70, 0x9F, 0xE5, 0x02, 0x30, 0x23, 0xE0, 0x03, 0x01, 0x97, 0xE7,
    0x00, 0x30, 0xD6, 0xE5, 0x02, 0x00, 0x53, 0xE3, 0x08, 0x10, 0xA0, 0x11, 0xFD, 0x0A, 0x00, 0xEB,
    0x00, 0x30, 0xD6, 0xE5, 0x01, 0x00, 0x53, 0xE3, 0x0B, 0x00, 0x00, 0x0A, 0x01, 0x10, 0xD4, 0xE5,
    0x01, 0x30, 0xD5, 0xE5, 0x74, 0x20, 0x9F, 0xE5, 0x01, 0x30, 0x23, 0xE0, 0x03, 0x01, 0x92, 0xE7,
    0x09, 0x10, 0xA0, 0xE1, 0xF0, 0x47, 0xBD, 0xE8, 0xF2, 0x0A, 0x00, 0xEA, 0x4B, 0x9A, 0xA0, 0xE3,
    0x5C, 0x10, 0x9F, 0xE5, 0x3C, 0x80, 0x9F, 0xE5, 0xE4, 0xFF, 0xFF, 0xEA, 0x00, 0x20, 0xD4, 0xE5,
    0x00, 0x30, 0xD5, 0xE5, 0x08, 0x10, 0xA0, 0xE1, 0x02, 0x30, 0x23, 0xE0, 0x44, 0x20, 0x9F, 0xE5,
    0x03, 0x31, 0x97, 0xE7, 0x00, 0x00, 0x92, 0xE5, 0xA0, 0x00, 0x83, 0xE0, 0xE5, 0x0A, 0x00, 0xEB,
    0xE9, 0xFF, 0xFF, 0xEA, 0xE1, 0x9B, 0xA0, 0xE3, 0x2C, 0x10, 0x9F, 0xE5, 0x2C, 0x80, 0x9F, 0xE5,
    0xD6, 0xFF, 0xFF, 0xEA, 0x80, 0xBE, 0x11, 0x00, 0x00, 0xDC, 0x05, 0x00, 0x00, 0xEE, 0x02, 0x00,
    0x7C, 0xBE, 0x11, 0x00, 0x78, 0xBE, 0x11, 0x00, 0x7F, 0xBE, 0x11, 0x00, 0x98, 0xBE, 0x11, 0x00,
    0x90, 0xBE, 0x11, 0x00, 0x00, 0xB8, 0x0B, 0x00, 0x88, 0xBE, 0x11, 0x00, 0x00, 0xCA, 0x08, 0x00,
    0x00, 0x65, 0x04, 0x00, 0x70, 0x40, 0x2D, 0xE9, 0x3C, 0x40, 0x9F, 0xE5, 0x3C, 0x50, 0x9F, 0xE5,
    0x00, 0x10, 0xD4, 0xE5, 0x00, 0x30, 0xD5, 0xE5, 0x01, 0x20, 0xA0, 0xE3, 0x03, 0x10, 0x21, 0xE0,
    0x00, 0x00, 0xA0, 0xE3, 0x00, 0x10, 0xC4, 0xE5, 0xA9, 0xFE, 0xFF, 0xEB, 0x01, 0x20, 0xA0, 0xE3,
    0x01, 0x10, 0xD4, 0xE5, 0x01, 0x30, 0xD5, 0xE5, 0x02, 0x00, 0xA0, 0xE1, 0x03, 0x10, 0x21, 0xE0,
    0x01, 0x10, 0xC4, 0xE5, 0x70, 0x40, 0xBD, 0xE8, 0xA1, 0xFE, 0xFF, 0xEA, 0x7C, 0xBE, 0x11, 0x00,
    0x78, 0xBE, 0x11, 0x00, 0x70, 0x40, 0x2D, 0xE9, 0x3C, 0x40, 0x9F, 0xE5, 0x3C, 0x50, 0x9F, 0xE5,
    0x00, 0x10, 0xD4, 0xE5, 0x00, 0x30, 0xD5, 0xE5, 0x01, 0x20, 0xA0, 0xE3, 0x03, 0x10, 0x21, 0xE0,
    0x00, 0x00, 0xA0, 0xE3, 0x00, 0x10, 0xC4, 0xE5, 0x95, 0xFE, 0xFF, 0xEB, 0x01, 0x20, 0xA0, 0xE3,
    0x01, 0x10, 0xD4, 0xE5, 0x01, 0x30, 0xD5, 0xE5, 0x02, 0x00, 0xA0, 0xE1, 0x03, 0x10, 0x21, 0xE0,
    0x01, 0x10, 0xC4, 0xE5, 0x70, 0x40, 0xBD, 0xE8, 0x8D, 0xFE, 0xFF, 0xEA, 0x7C, 0xBE, 0x11, 0x00,
    0x78, 0xBE, 0x11, 0x00, 0xF0, 0x4F, 0x2D, 0xE9, 0x00, 0x00, 0x53, 0xE3, 0x2C, 0xD0, 0x4D, 0xE2,
    0x01, 0xA0, 0xA0, 0xE1, 0x00, 0x70, 0xA0, 0xE1, 0x18, 0x20, 0x8D, 0xE5, 0x50, 0x00, 0x00, 0x0A,
    0x02, 0x30, 0x43, 0xE2, 0x73, 0x30, 0xEF, 0xE6, 0x02, 0x00, 0x53, 0xE3, 0x06, 0x1D, 0xA0, 0x83,
    0x01, 0x1C, 0xA0, 0x93, 0xC0, 0x20, 0xA0, 0x83, 0x80, 0x20, 0xA0, 0x93, 0x03, 0xE0, 0xA0, 0x83,
    0x02, 0xE0, 0xA0, 0x93, 0x82, 0x31, 0x62, 0xE0, 0x03, 0x31, 0x82, 0xE0, 0x14, 0x30, 0x8D, 0xE5,
    0x0E, 0x30, 0x8A, 0xE0, 0x00, 0xC0, 0xA0, 0xE3, 0x01, 0xA0, 0xA0, 0xE1, 0x03, 0x10, 0xA0, 0xE1,
    0x0C, 0x61, 0x9F, 0xE5, 0x0C, 0x91, 0x9F, 0xE5, 0x0E, 0x82, 0x6E, 0xE0, 0x8E, 0xB1, 0xA0, 0xE1,
    0x01, 0x00, 0xA0, 0xE1, 0x07, 0x50, 0xA0, 0xE1, 0x0C, 0x32, 0x6C, 0xE0, 0x03, 0x32, 0xA0, 0xE1,
    0x1C, 0xC0, 0x8D, 0xE5, 0x10, 0x20, 0x8D, 0xE5, 0x20, 0xA0, 0x8D, 0xE5, 0x24, 0x10, 0x8D, 0xE5,
    0xF0, 0xC0, 0x83, 0xE2, 0x00, 0xA0, 0xA0, 0xE1, 0x08, 0x00, 0x8D, 0xE5, 0x0B, 0x20, 0xA0, 0xE1,
    0x0C, 0x00, 0xA0, 0xE1, 0xD0, 0x10, 0x9F, 0xE5, 0x0C, 0x30, 0x8D, 0xE5, 0x0A, 0xC0, 0xA0, 0xE1,
    0x01, 0xB0, 0xD1, 0xE4, 0xC4, 0x40, 0x9F, 0xE5, 0x00, 0xA0, 0x8D, 0xE5, 0x04, 0x10, 0x8D, 0xE5,
    0x01, 0x10, 0xD4, 0xE4, 0x0E, 0x30, 0x4C, 0xE0, 0x0B, 0x10, 0x81, 0xE0, 0x9E, 0x51, 0x21, 0xE0,
    0x01, 0xA0, 0xD3, 0xE4, 0x0C, 0x00, 0x53, 0xE1, 0x01, 0xA0, 0xC1, 0xE4, 0xFB, 0xFF, 0xFF, 0x1A,
    0x04, 0x00, 0x56, 0xE1, 0x0E, 0xC0, 0x83, 0xE0, 0xF4, 0xFF, 0xFF, 0x1A, 0x04, 0x10, 0x9D, 0xE5,
    0x00, 0xA0, 0x9D, 0xE5, 0x09, 0x00, 0x51, 0xE1, 0x08, 0xA2, 0x8A, 0xE0, 0xEA, 0xFF, 0xFF, 0x1A,
    0x00, 0xC0, 0xA0, 0xE1, 0x02, 0xB0, 0xA0, 0xE1, 0x0C, 0x30, 0x9D, 0xE5, 0x08, 0x00, 0x9D, 0xE5,
    0x10, 0x20, 0x9D, 0xE5, 0x08, 0x30, 0x83, 0xE2, 0x0C, 0x00, 0x53, 0xE1, 0x02, 0x50, 0x85, 0xE0,
    0x0B, 0x00, 0x80, 0xE0, 0xDA, 0xFF, 0xFF, 0x1A, 0x10, 0x20, 0x9D, 0xE5, 0x14, 0x00, 0x9D, 0xE5,
    0x02, 0x30, 0x87, 0xE0, 0x1C, 0xC0, 0x9D, 0xE5, 0x00, 0x30, 0x83, 0xE0, 0x18, 0x00, 0x9D, 0xE5,
    0x20, 0xA0, 0x9D, 0xE5, 0x24, 0x10, 0x9D, 0xE5, 0x08, 0xC0, 0x8C, 0xE2, 0x0C, 0x00, 0x50, 0xE1,
    0x0A, 0x70, 0x83, 0xE0, 0x88, 0x13, 0x81, 0xE0, 0xC4, 0xFF, 0xFF, 0x8A, 0x2C, 0xD0, 0x8D, 0xE2,
    0xF0, 0x8F, 0xBD, 0xE8, 0x02, 0x1C, 0xA0, 0xE3, 0x01, 0x2C, 0xA0, 0xE3, 0x04, 0xE0, 0xA0, 0xE3,
    0xB3, 0xFF, 0xFF, 0xEA, 0x28, 0x86, 0x11, 0x00, 0x20, 0x86, 0x11, 0x00, 0x18, 0x86, 0x11, 0x00,
    0x20, 0x86, 0x11, 0x00, 0x00, 0x00, 0xA0, 0xE3, 0x1E, 0xFF, 0x2F, 0xE1, 0x1E, 0xFF, 0x2F, 0xE1,
    0x1E, 0xFF, 0x2F, 0xE1, 0xF0, 0x43, 0x2D, 0xE9, 0x20, 0x51, 0x9F, 0xE5, 0x00, 0x60, 0xA0, 0xE1,
    0x00, 0x00, 0x95, 0xE5, 0x14, 0xD0, 0x4D, 0xE2, 0x00, 0x00, 0x50, 0xE3, 0x3D, 0x00, 0x00, 0x1A,
    0x0C, 0x81, 0x9F, 0xE5, 0x00, 0x10, 0x98, 0xE5, 0x00, 0x00, 0x51, 0xE3, 0x10, 0x00, 0x00, 0x1A,
    0x00, 0x41, 0x9F, 0xE5, 0x0C, 0x90, 0x84, 0xE2, 0x00, 0x70, 0x94, 0xE5, 0x0C, 0x00, 0x8D, 0xE2,
    0x07, 0x10, 0xA0, 0xE1, 0xF6, 0x10, 0x00, 0xEB, 0x00, 0x30, 0x50, 0xE2, 0x04, 0x40, 0x84, 0xE2,
    0x34, 0x00, 0x00, 0xAA, 0x04, 0x00, 0x59, 0xE1, 0xF6, 0xFF, 0xFF, 0x1A, 0x00, 0x00, 0x95, 0xE5,
    0x00, 0x00, 0x50, 0xE3, 0x25, 0x00, 0x00, 0x1A, 0x03, 0x00, 0xA0, 0xE1, 0x14, 0xD0, 0x8D, 0xE2,
    0xF0, 0x83, 0xBD, 0xE8, 0x0C, 0x00, 0x8D, 0xE2, 0xE9, 0x10, 0x00, 0xEB, 0x00, 0x30, 0x50, 0xE2,
    0xF5, 0xFF, 0xFF, 0xBA, 0x70, 0x7F, 0x1D, 0xEE, 0x00, 0x30, 0x96, 0xE5, 0x80, 0x00, 0x87, 0xE2,
    0x03, 0x1A, 0xA0, 0xE1, 0x3F, 0x20, 0x03, 0xE2, 0x21, 0x2D, 0x82, 0xE0, 0x01, 0x20, 0x82, 0xE2,
    0x06, 0x10, 0xA0, 0xE1, 0x02, 0x21, 0xA0, 0xE1, 0x81, 0x21, 0x00, 0xEB, 0x0C, 0x00, 0x9D, 0xE5,
    0xE3, 0x0D, 0x00, 0xEB, 0x00, 0x30, 0x50, 0xE2, 0x09, 0x00, 0x00, 0xBA, 0x80, 0x30, 0x97, 0xE5,
    0x80, 0x10, 0x87, 0xE2, 0x03, 0x0A, 0xA0, 0xE1, 0x3F, 0x20, 0x03, 0xE2, 0x20, 0x2D, 0x82, 0xE0,
    0x01, 0x20, 0x82, 0xE2, 0x06, 0x00, 0xA0, 0xE1, 0x02, 0x21, 0xA0, 0xE1, 0x74, 0x21, 0x00, 0xEB,
    0x04, 0x30, 0x96, 0xE5, 0x0C, 0x00, 0x9D, 0xE5, 0x04, 0x30, 0x8D, 0xE5, 0xBC, 0x0D, 0x00, 0xEB,
    0x00, 0x00, 0x95, 0xE5, 0x04, 0x30, 0x9D, 0xE5, 0x00, 0x00, 0x50, 0xE3, 0xD9, 0xFF, 0xFF, 0x0A,
    0x04, 0x30, 0x8D, 0xE5, 0xA0, 0x0D, 0x00, 0xEB, 0x04, 0x30, 0x9D, 0xE5, 0x03, 0x00, 0xA0, 0xE1,
    0x14, 0xD0, 0x8D, 0xE2, 0xF0, 0x83, 0xBD, 0xE8, 0x00, 0x20, 0xE0, 0xE3, 0x00, 0x30, 0xE0, 0xE3,
    0xB1, 0x0D, 0x00, 0xEB, 0xBD, 0xFF, 0xFF, 0xEA, 0x00, 0x70, 0x88, 0xE5, 0xD4, 0xFF, 0xFF, 0xEA,
    0x14, 0xD2, 0x11, 0x00, 0xA4, 0xBE, 0x11, 0x00, 0x30, 0x86, 0x11, 0x00, 0x00, 0x00, 0x00, 0x00,
    0x00, 0x30, 0xA0, 0xE3, 0x0B, 0x7B, 0x9F, 0xED, 0x04, 0xE0, 0x2D, 0xE5, 0x2C, 0x20, 0x9F, 0xE5,
    0x44, 0xD0, 0x4D, 0xE2, 0x0D, 0x00, 0xA0, 0xE1, 0x04, 0x7B, 0x8D, 0xED, 0xF0, 0x20, 0xCD, 0xE1,
    0x08, 0x30, 0x8D, 0xE5, 0x0C, 0x30, 0x8D, 0xE5, 0xA5, 0xFF, 0xFF, 0xEB, 0x44, 0xD0, 0x8D, 0xE2,
    0x04, 0xF0, 0x9D, 0xE4, 0x00, 0xF0, 0x20, 0xE3, 0x02, 0x00, 0x00, 0x00, 0x00, 0x00, 0x00, 0x00,
    0x44, 0x00, 0x27, 0x00, 0xBA, 0x0F, 0x07, 0xEE, 0x24, 0x33, 0x9F, 0xE5, 0x9F, 0x2F, 0x93, 0xE1,
    0x01, 0x20, 0x42, 0xE2, 0x92, 0x1F, 0x83, 0xE1, 0x00, 0x00, 0x51, 0xE3, 0xFA, 0xFF, 0xFF, 0x1A,
    0x00, 0x00, 0x52, 0xE3, 0xBA, 0x0F, 0x07, 0xEE, 0x1E, 0xFF, 0x2F, 0x11, 0x30, 0x40, 0x2D, 0xE9,
    0x00, 0x33, 0x9F, 0xE5, 0x4C, 0xD0, 0x4D, 0xE2, 0x00, 0x30, 0x93, 0xE5, 0x01, 0x00, 0x13, 0xE3,
    0x21, 0x00, 0x00, 0x1A, 0xF0, 0x22, 0x9F, 0xE5, 0x00, 0x20, 0x92, 0xE5, 0x06, 0x0C, 0x12, 0xE3,
    0x8A, 0x00, 0x00, 0x1A, 0x02, 0x40, 0x13, 0xE2, 0x26, 0x00, 0x00, 0x1A, 0x01, 0x01, 0x12, 0xE3,
    0x3A, 0x00, 0x00, 0x1A, 0x01, 0x30, 0xA0, 0xE3, 0xD0, 0x22, 0x9F, 0xE5, 0x08, 0x00, 0x8D, 0xE2,
    0xF8, 0x20, 0xCD, 0xE1, 0x82, 0xFF, 0xFF, 0xEB, 0xC4, 0x32, 0x9F, 0xE5, 0xC4, 0x22, 0x9F, 0xE5,
    0xC4, 0x42, 0x9F, 0xE5, 0x00, 0x20, 0x83, 0xE5, 0xFB, 0x0F, 0x00, 0xEB, 0x01, 0x20, 0xA0, 0xE3,
    0xB8, 0x32, 0x9F, 0xE5, 0x00, 0x00, 0x94, 0xE5, 0x00, 0x20, 0xC3, 0xE5, 0x61, 0x0D, 0x00, 0xEB,
    0xAC, 0x12, 0x9F, 0xE5, 0x00, 0x20, 0xE0, 0xE3, 0x00, 0x30, 0xE0, 0xE3, 0x00, 0x00, 0x91, 0xE5,
    0xA2, 0x12, 0x00, 0xEB, 0x00, 0x00, 0x94, 0xE5, 0x69, 0x0D, 0x00, 0xEB, 0x04, 0x00, 0x94, 0xE5,
    0x4C, 0xD0, 0x8D, 0xE2, 0x30, 0x40, 0xBD, 0xE8, 0x65, 0x0D, 0x00, 0xEA, 0x02, 0x00, 0x13, 0xE3,
    0x04, 0x00, 0x00, 0x1A, 0x7C, 0x32, 0x9F, 0xE5, 0x00, 0x00, 0x93, 0xE5, 0x4C, 0xD0, 0x8D, 0xE2,
    0x30, 0x40, 0xBD, 0xE8, 0x5E, 0x0D, 0x00, 0xEA, 0x4C, 0x32, 0x9F, 0xE5, 0x00, 0x30, 0x93, 0xE5,
    0x06, 0x0C, 0x13, 0xE3, 0x61, 0x00, 0x00, 0x1A, 0x5C, 0x32, 0x9F, 0xE5, 0x5C, 0x22, 0x9F, 0xE5,
    0xB0, 0x30, 0xD3, 0xE1, 0x08, 0x00, 0x8D, 0xE2, 0xF8, 0x20, 0xCD, 0xE1, 0x5C, 0xFF, 0xFF, 0xEB,
    0x01, 0x20, 0xA0, 0xE3, 0x30, 0x42, 0x9F, 0xE5, 0x30, 0x32, 0x9F, 0xE5, 0x00, 0x00, 0x94, 0xE5,
    0x00, 0x20, 0xC3, 0xE5, 0x3F, 0x0D, 0x00, 0xEB, 0x24, 0x12, 0x9F, 0xE5, 0x00, 0x20, 0xE0, 0xE3,
    0x00, 0x30, 0xE0, 0xE3, 0x00, 0x00, 0x91, 0xE5, 0x80, 0x12, 0x00, 0xEB, 0x00, 0x00, 0x94, 0xE5,
    0x47, 0x0D, 0x00, 0xEB, 0x04, 0x00, 0x94, 0xE5, 0x45, 0x0D, 0x00, 0xEB, 0xE0, 0xFF, 0xFF, 0xEA,
    0x00, 0x30, 0xE0, 0xE3, 0x08, 0x22, 0x9F, 0xE5, 0x08, 0x00, 0x8D, 0xE2, 0xF8, 0x20, 0xCD, 0xE1,
    0x47, 0xFF, 0xFF, 0xEB, 0x00, 0x00, 0x50, 0xE3, 0xB8, 0x41, 0xDD, 0xA1, 0xF4, 0x31, 0x9F, 0xE5,
    0x08, 0x00, 0x8D, 0xE2, 0x08, 0x30, 0x8D, 0xE5, 0x0C, 0x40, 0x8D, 0xE5, 0x40, 0xFF, 0xFF, 0xEB,
    0x00, 0x00, 0x50, 0xE3, 0x02, 0x00, 0x00, 0xBA, 0x10, 0x30, 0xDD, 0xE5, 0x00, 0x00, 0x53, 0xE3,
    0x45, 0x00, 0x00, 0x1A, 0xC0, 0x31, 0x9F, 0xE5, 0xC0, 0x21, 0x9F, 0xE5, 0xB0, 0x30, 0xD3, 0xE1,
    0x08, 0x00, 0x8D, 0xE2, 0xF8, 0x20, 0xCD, 0xE1, 0x01, 0x50, 0xA0, 0xE3, 0x34, 0xFF, 0xFF, 0xEB,
    0x00, 0x40, 0xA0, 0xE3, 0x01, 0x20, 0xA0, 0xE3, 0x84, 0x31, 0x9F, 0xE5, 0x88, 0x11, 0x9F, 0xE5,
    0x00, 0x40, 0x83, 0xE5, 0x84, 0x31, 0x9F, 0xE5, 0x00, 0x00, 0x91, 0xE5, 0x00, 0x20, 0xC3, 0xE5,
    0x14, 0x0D, 0x00, 0xEB, 0x78, 0x31, 0x9F, 0xE5, 0x00, 0x20, 0xE0, 0xE3, 0x00, 0x00, 0x93, 0xE5,
    0x00, 0x30, 0xE0, 0xE3, 0x55, 0x12, 0x00, 0xEB, 0x5C, 0x11, 0x9F, 0xE5, 0x00, 0x00, 0x91, 0xE5,
    0x1B, 0x0D, 0x00, 0xEB, 0x50, 0x11, 0x9F, 0xE5, 0x04, 0x00, 0x91, 0xE5, 0x18, 0x0D, 0x00, 0xEB,
    0x50, 0x31, 0x9F, 0xE5, 0x00, 0x00, 0x93, 0xE5, 0x15, 0x0D, 0x00, 0xEB, 0x04, 0x00, 0x55, 0xE1,
    0x18, 0x00, 0x00, 0x0A, 0x04, 0x00, 0x8D, 0xE2, 0x04, 0x40, 0x8D, 0xE5, 0x08, 0x40, 0x8D, 0xE5,
    0x07, 0x10, 0x00, 0xEB, 0x01, 0x0C, 0xA0, 0xE3, 0x57, 0x10, 0x00, 0xEB, 0x04, 0x10, 0xA0, 0xE1,
    0x03, 0x0A, 0xA0, 0xE3, 0x79, 0x10, 0x00, 0xEB, 0x06, 0x00, 0x00, 0xEA, 0x08, 0x00, 0x8D, 0xE2,
    0x5E, 0x10, 0x00, 0xEB, 0x00, 0x00, 0x50, 0xE3, 0x08, 0x00, 0x00, 0x1A, 0x08, 0x30, 0x9D, 0xE5,
    0x01, 0x0C, 0x53, 0xE3, 0x05, 0x00, 0x00, 0x0A, 0x00, 0x30, 0xA0, 0xE3, 0x08, 0x21, 0x9F, 0xE5,
    0x04, 0x00, 0x9D, 0xE5, 0x00, 0x0D, 0x00, 0xEB, 0x00, 0x00, 0x50, 0xE3, 0xF2, 0xFF, 0xFF, 0x0A,
    0x04, 0x00, 0x9D, 0xE5, 0xFA, 0x0C, 0x00, 0xEB, 0x4C, 0xD0, 0x8D, 0xE2, 0x30, 0x80, 0xBD, 0xE8,
    0xE8, 0x40, 0x9F, 0xE5, 0x04, 0x30, 0x94, 0xE5, 0x00, 0x00, 0x53, 0xE3, 0x74, 0xFF, 0xFF, 0x0A,
    0x08, 0x10, 0x94, 0xE5, 0x04, 0x00, 0xA0, 0xE3, 0x33, 0xFF, 0x2F, 0xE1, 0x00, 0x40, 0x94, 0xE5,
    0x00, 0x00, 0x54, 0xE3, 0xF6, 0xFF, 0xFF, 0x1A, 0x6D, 0xFF, 0xFF, 0xEA, 0xC0, 0x30, 0x9F, 0xE5,
    0xC0, 0x20, 0x9F, 0xE5, 0x00, 0x10, 0x93, 0xE5, 0x04, 0x30, 0x93, 0xE5, 0x00, 0x20, 0xD2, 0xE5,
    0x14, 0x30, 0x8D, 0xE5, 0xB0, 0x30, 0x9F, 0xE5, 0x0C, 0x20, 0x8D, 0xE5, 0x00, 0x30, 0xD3, 0xE5,
    0xA8, 0x20, 0x9F, 0xE5, 0x08, 0x00, 0x8D, 0xE2, 0x10, 0x10, 0x8D, 0xE5, 0x08, 0x20, 0x8D, 0xE5,
    0x18, 0x30, 0x8D, 0xE5, 0xE6, 0xFE, 0xFF, 0xEB, 0x20, 0x00, 0xA0, 0xE3, 0x90, 0x30, 0x9F, 0xE5,
    0x90, 0xC0, 0x9F, 0xE5, 0x00, 0x20, 0x93, 0xE5, 0x8C, 0x10, 0x9F, 0xE5, 0x02, 0x37, 0xA0, 0xE1,
    0x02, 0x30, 0x83, 0xE3, 0x14, 0x30, 0x8D, 0xE5, 0x0C, 0x20, 0x8D, 0xE5, 0x7C, 0x30, 0x9F, 0xE5,
    0x7C, 0x20, 0x9F, 0xE5, 0x10, 0x00, 0x8D, 0xE5, 0x08, 0x00, 0x8D, 0xE2, 0xFC, 0x21, 0xCD, 0xE1,
    0x08, 0xC0, 0x8D, 0xE5, 0x18, 0x10, 0x8D, 0xE5, 0x00, 0x50, 0xA0, 0xE3, 0xD4, 0xFE, 0xFF, 0xEB,
    0x9E, 0xFF, 0xFF, 0xEA, 0x18, 0xD2, 0x11, 0x00, 0x1C, 0x00, 0x10, 0x00, 0xD8, 0xD1, 0x11, 0x00,
    0x40, 0x00, 0x22, 0x00, 0x28, 0xD3, 0x11, 0x00, 0xD0, 0x24, 0x10, 0x00, 0x0C, 0xD2, 0x11, 0x00,
    0xF4, 0xD1, 0x11, 0x00, 0xF8, 0xD1, 0x11, 0x00, 0x14, 0xD2, 0x11, 0x00, 0x0C, 0x00, 0x10, 0x00,
    0x40, 0x00, 0x04, 0x00, 0x40, 0x00, 0x05, 0x00, 0x40, 0x00, 0x09, 0x00, 0xC0, 0xC6, 0x2D, 0x00,
    0xE8, 0xD1, 0x11, 0x00, 0xD0, 0xC1, 0x11, 0x00, 0xA8, 0xBE, 0x11, 0x00, 0xA9, 0xBE, 0x11, 0x00,
    0x00, 0x01, 0x31, 0x00, 0x50, 0xA0, 0x11, 0x00, 0x84, 0x00, 0x32, 0x00, 0xCC, 0xBE, 0x11, 0x00,
    0xAC, 0xBE, 0x11, 0x00, 0x02, 0x08, 0x08, 0x00, 0x30, 0x40, 0x2D, 0xE9, 0xB8, 0x50, 0x9F, 0xE5,
    0x44, 0xD0, 0x4D, 0xE2, 0x00, 0x30, 0x95, 0xE5, 0x08, 0x00, 0x13, 0xE3, 0x01, 0x00, 0x00, 0x1A,
    0x44, 0xD0, 0x8D, 0xE2, 0x30, 0x80, 0xBD, 0xE8, 0x0A, 0x30, 0xC3, 0xE3, 0x02, 0x30, 0x83, 0xE3,
    0x98, 0x40, 0x9F, 0xE5, 0x00, 0x30, 0x85, 0xE5, 0x04, 0x30, 0x94, 0xE5, 0x00, 0x00, 0x53, 0xE3,
    0x05, 0x00, 0x00, 0x0A, 0x08, 0x10, 0x94, 0xE5, 0x02, 0x00, 0xA0, 0xE3, 0x33, 0xFF, 0x2F, 0xE1,
    0x00, 0x40, 0x94, 0xE5, 0x00, 0x00, 0x54, 0xE3, 0xF6, 0xFF, 0xFF, 0x1A, 0x70, 0x30, 0x9F, 0xE5,
    0x70, 0x20, 0x9F, 0xE5, 0xB0, 0x30, 0xD3, 0xE1, 0x0D, 0x00, 0xA0, 0xE1, 0xF0, 0x20, 0xCD, 0xE1,
    0x9F, 0xFE, 0xFF, 0xEB, 0x60, 0x00, 0x9F, 0xE5, 0x14, 0x11, 0x00, 0xEB, 0x00, 0x30, 0x95, 0xE5,
    0x02, 0x20, 0xC3, 0xE3, 0x01, 0x00, 0x13, 0xE3, 0x00, 0x20, 0x85, 0xE5, 0x0B, 0x00, 0x00, 0x1A,
    0x38, 0x40, 0x9F, 0xE5, 0x04, 0x30, 0x94, 0xE5, 0x00, 0x00, 0x53, 0xE3, 0xDF, 0xFF, 0xFF, 0x0A,
    0x08, 0x10, 0x94, 0xE5, 0x03, 0x00, 0xA0, 0xE3, 0x33, 0xFF, 0x2F, 0xE1, 0x00, 0x40, 0x94, 0xE5,
    0x00, 0x00, 0x54, 0xE3, 0xF6, 0xFF, 0xFF, 0x1A, 0x44, 0xD0, 0x8D, 0xE2, 0x30, 0x80, 0xBD, 0xE8,
    0x00, 0x00, 0xA0, 0xE3, 0xE7, 0x08, 0x00, 0xEB, 0xF0, 0xFF, 0xFF, 0xEA, 0xD8, 0xD1, 0x11, 0x00,
    0xE8, 0xD1, 0x11, 0x00, 0x0C, 0x00, 0x10, 0x00, 0x40, 0x00, 0x3F, 0x00, 0xFC, 0xD1, 0x11, 0x00,
    0x01, 0x30, 0xA0, 0xE3, 0x00, 0x10, 0xA0, 0xE3, 0x04, 0x20, 0xA0, 0xE3, 0x70, 0x40, 0x2D, 0xE9,
    0x70, 0x4F, 0x1D, 0xEE, 0x5C, 0x00, 0x9F, 0xE5, 0x48, 0xD0, 0x4D, 0xE2, 0x18, 0x00, 0x8D, 0xE5,
    0x07, 0x00, 0x8D, 0xE2, 0x1C, 0x00, 0x8D, 0xE5, 0x4C, 0x00, 0x9F, 0xE5, 0x4C, 0xC0, 0x9F, 0xE5,
    0x10, 0x30, 0x8D, 0xE5, 0x14, 0x30, 0x8D, 0xE5, 0x06, 0x30, 0x8D, 0xE2, 0x80, 0x61, 0x94, 0xE5,
    0x84, 0x51, 0x94, 0xE5, 0x80, 0x01, 0x84, 0xE5, 0x84, 0x31, 0x84, 0xE5, 0x08, 0x00, 0x8D, 0xE2,
    0x08, 0xC0, 0x8D, 0xE5, 0x07, 0x10, 0xCD, 0xE5, 0x0C, 0x20, 0x8D, 0xE5, 0x6C, 0xFE, 0xFF, 0xEB,
    0x00, 0x00, 0x50, 0xE3, 0x10, 0x00, 0x9D, 0xA5, 0x80, 0x61, 0x84, 0xE5, 0x84, 0x51, 0x84, 0xE5,
    0x48, 0xD0, 0x8D, 0xE2, 0x70, 0x80, 0xBD, 0xE8, 0x02, 0x44, 0x00, 0x00, 0x02, 0x40, 0x00, 0x00,
    0xC2, 0x00, 0x4B, 0x00, 0x64, 0xC0, 0x9F, 0xE5, 0x00, 0x10, 0x9C, 0xE5, 0x04, 0x30, 0x01, 0xE2,
    0x23, 0x31, 0xA0, 0xE1, 0x01, 0x20, 0x23, 0xE2, 0x02, 0x20, 0x10, 0xE0, 0x10, 0x00, 0x00, 0x1A,
    0x01, 0x00, 0x20, 0xE2, 0x00, 0x00, 0x13, 0xE1, 0x1E, 0xFF, 0x2F, 0x01, 0x04, 0xE0, 0x2D, 0xE5,
    0x3C, 0x30, 0x9F, 0xE5, 0x3C, 0x00, 0x9F, 0xE5, 0x44, 0xD0, 0x4D, 0xE2, 0xB0, 0x30, 0xD3, 0xE1,
    0x04, 0x10, 0xC1, 0xE3, 0x00, 0x00, 0x8D, 0xE5, 0x0D, 0x00, 0xA0, 0xE1, 0x00, 0x10, 0x8C, 0xE5,
    0x04, 0x30, 0x8D, 0xE5, 0x08, 0x20, 0x8D, 0xE5, 0x4D, 0xFE, 0xFF, 0xEB, 0x44, 0xD0, 0x8D, 0xE2,
    0x04, 0xF0, 0x9D, 0xE4, 0x04, 0x10, 0x81, 0xE3, 0x00, 0x10, 0x8C, 0xE5, 0xC3, 0xFF, 0xFF, 0xEA,
    0xD8, 0xD1, 0x11, 0x00, 0x0C, 0x00, 0x10, 0x00, 0x80, 0x00, 0x3E, 0x00, 0x04, 0xC0, 0xA0, 0xE3,
    0x70, 0x40, 0x2D, 0xE9, 0x70, 0x4F, 0x1D, 0xEE, 0x07, 0xE0, 0xA0, 0xE3, 0x01, 0x20, 0xA0, 0xE3,
    0x50, 0xD0, 0x4D, 0xE2, 0x04, 0x00, 0x8D, 0xE5, 0x54, 0x30, 0x9F, 0xE5, 0x54, 0x00, 0x9F, 0xE5,
    0x54, 0x10, 0x9F, 0xE5, 0x20, 0x00, 0x8D, 0xE5, 0x10, 0x30, 0x8D, 0xE5, 0x0C, 0x00, 0x8D, 0xE0,
    0x0F, 0x30, 0x8D, 0xE2, 0x80, 0x61, 0x94, 0xE5, 0x84, 0x51, 0x94, 0xE5, 0x24, 0x00, 0x8D, 0xE5,
    0x80, 0x11, 0x84, 0xE5, 0x10, 0x00, 0x8D, 0xE2, 0x84, 0x31, 0x84, 0xE5, 0x14, 0xE0, 0x8D, 0xE5,
    0x18, 0xC0, 0x8D, 0xE5, 0x1C, 0x20, 0x8D, 0xE5, 0x2D, 0xFE, 0xFF, 0xEB, 0x00, 0x00, 0x50, 0xE3,
    0x18, 0x00, 0x9D, 0xA5, 0x80, 0x61, 0x84, 0xE5, 0x84, 0x51, 0x84, 0xE5, 0x50, 0xD0, 0x8D, 0xE2,
    0x70, 0x80, 0xBD, 0xE8, 0xC2, 0x00, 0x4B, 0x00, 0x02, 0x04, 0x01, 0x00, 0x02, 0x40, 0x00, 0x00,
    0xF0, 0x4F, 0x2D, 0xE9, 0x04, 0x44, 0x9F, 0xE5, 0x54, 0xD0, 0x4D, 0xE2, 0x00, 0x30, 0xD4, 0xE5,
    0x00, 0x00, 0x53, 0xE3, 0x30, 0x00, 0x00, 0x1A, 0xF4, 0x53, 0x9F, 0xE5, 0xF4, 0x63, 0x9F, 0xE5,
    0xF4, 0x73, 0x9F, 0xE5, 0xF5, 0x7B, 0x9F, 0xED, 0x00, 0x30, 0xA0, 0xE3, 0x02, 0x20, 0xA0, 0xE3,
    0x05, 0x10, 0xA0, 0xE1, 0x00, 0x7B, 0x8D, 0xED, 0x0C, 0x00, 0x8D, 0xE2, 0x0C, 0x30, 0x8D, 0xE5,
    0x0F, 0x0C, 0x00, 0xEB, 0x00, 0x30, 0xD4, 0xE5, 0x00, 0x00, 0x53, 0xE3, 0x22, 0x00, 0x00, 0x1A,
    0xC8, 0x03, 0x9F, 0xE5, 0x71, 0x10, 0x00, 0xEB, 0x00, 0x00, 0x50, 0xE3, 0x15, 0x00, 0x00, 0x1A,
    0x0C, 0x30, 0x9D, 0xE5, 0x03, 0x01, 0x95, 0xE7, 0xF4, 0x0B, 0x00, 0xEB, 0x0C, 0x20, 0x9D, 0xE5,
    0x00, 0x30, 0x96, 0xE5, 0x01, 0x00, 0x52, 0xE3, 0x19, 0x00, 0x00, 0x0A, 0xA0, 0x23, 0x9F, 0xE5,
    0x10, 0xA0, 0x8D, 0xE2, 0x0A, 0x00, 0xA0, 0xE1, 0x14, 0x30, 0x8D, 0xE5, 0x10, 0x20, 0x8D, 0xE5,
    0xFF, 0xFD, 0xFF, 0xEB, 0x00, 0x00, 0x50, 0xE3, 0x0C, 0x00, 0x00, 0xBA, 0x18, 0x20, 0xDD, 0xE5,
    0x01, 0x30, 0x42, 0xE2, 0x0A, 0x00, 0x53, 0xE3, 0x08, 0x00, 0x00, 0x8A, 0x03, 0x30, 0xD7, 0xE7,
    0x03, 0xF1, 0x8F, 0xE0, 0x00, 0xF0, 0x20, 0xE3, 0xD2, 0x1F, 0x8F, 0xE2, 0xD0, 0x00, 0xC1, 0xE1,
    0xD3, 0x0B, 0x00, 0xEB, 0x0C, 0x30, 0x9D, 0xE5, 0x03, 0x01, 0x95, 0xE7, 0xD9, 0x0B, 0x00, 0xEB,
    0x00, 0x30, 0xD4, 0xE5, 0x00, 0x00, 0x53, 0xE3, 0xD1, 0xFF, 0xFF, 0x0A, 0x54, 0xD0, 0x8D, 0xE2,
    0xF0, 0x8F, 0xBD, 0xE8, 0x73, 0x30, 0xFF, 0xE6, 0x14, 0x30, 0x8D, 0xE5, 0x01, 0x3A, 0xA0, 0xE3,
    0x70, 0x9F, 0x1D, 0xEE, 0x81, 0x23, 0xA0, 0xE3, 0x18, 0x30, 0x8D, 0xE5, 0x24, 0x33, 0x9F, 0xE5,
    0x10, 0x00, 0x8D, 0xE2, 0x10, 0x30, 0x8D, 0xE5, 0x1C, 0x33, 0x9F, 0xE5, 0x80, 0x81, 0x99, 0xE5,
    0x84, 0xB1, 0x99, 0xE5, 0x80, 0x21, 0x89, 0xE5, 0x84, 0x31, 0x89, 0xE5, 0xDC, 0xFD, 0xFF, 0xEB,
    0x00, 0x00, 0x50, 0xE3, 0x80, 0x81, 0x89, 0xE5, 0x84, 0xB1, 0x89, 0xE5, 0xE7, 0xFF, 0xFF, 0xBA,
    0x28, 0x00, 0x9D, 0xE5, 0x1C, 0x90, 0xDD, 0xE5, 0x00, 0x00, 0x50, 0xE3, 0x7D, 0x00, 0x00, 0x1A,
    0x09, 0x00, 0x59, 0xE3, 0x7E, 0x00, 0x00, 0x0A, 0x0B, 0x00, 0x59, 0xE3, 0x85, 0x00, 0x00, 0x0A,
    0x08, 0x00, 0x59, 0xE3, 0x13, 0x00, 0x00, 0x0A, 0xC0, 0x02, 0x9F, 0xE5, 0xF8, 0x0F, 0x00, 0xEB,
    0x00, 0x30, 0xD4, 0xE5, 0x00, 0x00, 0x53, 0xE3, 0xAD, 0xFF, 0xFF, 0x0A, 0xDA, 0xFF, 0xFF, 0xEA,
    0xB8, 0x12, 0x9F, 0xE5, 0x00, 0x30, 0x91, 0xE5, 0x01, 0x00, 0x13, 0xE3, 0xD3, 0xFF, 0xFF, 0x0A,
    0x10, 0x00, 0x13, 0xE2, 0xB1, 0x00, 0x00, 0x0A, 0xBC, 0x32, 0x9F, 0xE5, 0x00, 0x10, 0xD3, 0xE5,
    0x00, 0x00, 0x51, 0xE3, 0xCD, 0xFF, 0xFF, 0x1A, 0x01, 0x00, 0x52, 0xE3, 0x02, 0x20, 0xA0, 0x13,
    0x00, 0x20, 0xC3, 0xE5, 0xC9, 0xFF, 0xFF, 0xEA, 0xB5, 0xFD, 0xFF, 0xEB, 0x00, 0x30, 0xD4, 0xE5,
    0x00, 0x00, 0x53, 0xE3, 0x9A, 0xFF, 0xFF, 0x0A, 0xC7, 0xFF, 0xFF, 0xEA, 0x6C, 0x22, 0x9F, 0xE5,
    0x00, 0x30, 0x92, 0xE5, 0x02, 0x3C, 0x83, 0xE3, 0x00, 0x30, 0x82, 0xE5, 0x00, 0x30, 0xD4, 0xE5,
    0x00, 0x00, 0x53, 0xE3, 0x92, 0xFF, 0xFF, 0x0A, 0xBF, 0xFF, 0xFF, 0xEA, 0x50, 0x22, 0x9F, 0xE5,
    0x50, 0x32, 0x9F, 0xE5, 0x03, 0x00, 0x92, 0xE8, 0xF4, 0x01, 0xCD, 0xE1, 0x0A, 0x00, 0xA0, 0xE1,
    0x10, 0x30, 0x8D, 0xE5, 0xA6, 0xFD, 0xFF, 0xEB, 0x00, 0x30, 0xD4, 0xE5, 0x00, 0x00, 0x53, 0xE3,
    0x87, 0xFF, 0xFF, 0x0A, 0xB4, 0xFF, 0xFF, 0xEA, 0x20, 0x22, 0x9F, 0xE5, 0x00, 0x30, 0x92, 0xE5,
    0x80, 0x30, 0xC3, 0xE3, 0x00, 0x30, 0x82, 0xE5, 0x00, 0x30, 0xD4, 0xE5, 0x00, 0x00, 0x53, 0xE3,
    0x7F, 0xFF, 0xFF, 0x0A, 0xAC, 0xFF, 0xFF, 0xEA, 0x00, 0x22, 0x9F, 0xE5, 0x00, 0x30, 0x92, 0xE5,
    0x80, 0x30, 0x83, 0xE3, 0x00, 0x30, 0x82, 0xE5, 0x00, 0x30, 0xD4, 0xE5, 0x00, 0x00, 0x53, 0xE3,
    0x77, 0xFF, 0xFF, 0x0A, 0xA4, 0xFF, 0xFF, 0xEA, 0xE0, 0x21, 0x9F, 0xE5, 0x00, 0x30, 0x92, 0xE5,
    0x03, 0x3C, 0x83, 0xE3, 0x00, 0x30, 0x82, 0xE5, 0x00, 0x30, 0xD4, 0xE5, 0x00, 0x00, 0x53, 0xE3,
    0x6F, 0xFF, 0xFF, 0x0A, 0x9C, 0xFF, 0xFF, 0xEA, 0xC0, 0x91, 0x9F, 0xE5, 0x00, 0x30, 0x99, 0xE5,
    0x02, 0x02, 0x13, 0xE3, 0x5C, 0x00, 0x00, 0x1A, 0x01, 0x00, 0x13, 0xE3, 0x93, 0xFF, 0xFF, 0x0A,
    0x02, 0x00, 0x13, 0xE3, 0x08, 0x30, 0xC3, 0x03, 0x00, 0x30, 0x89, 0x05, 0x8F, 0xFF, 0xFF, 0x0A,
    0xA4, 0x01, 0x9F, 0xE5, 0xAA, 0x0F, 0x00, 0xEB, 0x8C, 0xFF, 0xFF, 0xEA, 0x78, 0xFD, 0xFF, 0xEB,
    0x88, 0x91, 0x9F, 0xE5, 0x00, 0x00, 0x50, 0xE3, 0x00, 0x30, 0x99, 0xE5, 0x02, 0x32, 0x83, 0x13,
    0x00, 0x30, 0x89, 0x15, 0x01, 0x00, 0x13, 0xE3, 0x44, 0x00, 0x00, 0x0A, 0x08, 0x30, 0x83, 0xE3,
    0x00, 0x30, 0x89, 0xE5, 0x00, 0x30, 0xD4, 0xE5, 0x00, 0x00, 0x53, 0xE3, 0x54, 0xFF, 0xFF, 0x0A,
    0x81, 0xFF, 0xFF, 0xEA, 0x54, 0x21, 0x9F, 0xE5, 0x00, 0x30, 0x92, 0xE5, 0x01, 0x00, 0x13, 0xE3,
    0x08, 0x30, 0xC3, 0x13, 0x00, 0x30, 0x82, 0x15, 0x00, 0x30, 0xD4, 0xE5, 0x00, 0x00, 0x53, 0xE3,
    0x4B, 0xFF, 0xFF, 0x0A, 0x78, 0xFF, 0xFF, 0xEA, 0x30, 0x31, 0x9F, 0xE5, 0x00, 0x30, 0x93, 0xE5,
    0x06, 0x0C, 0x13, 0xE3, 0x00, 0x30, 0xA0, 0x13, 0x2B, 0x00, 0x00, 0x0A, 0x18, 0x30, 0x8D, 0xE5,
    0x28, 0x31, 0x9F, 0xE5, 0x0A, 0x00, 0xA0, 0xE1, 0x10, 0x30, 0x8D, 0xE5, 0xB0, 0x30, 0xD6, 0xE1,
    0x14, 0x30, 0x8D, 0xE5, 0x5A, 0xFD, 0xFF, 0xEB, 0x00, 0x30, 0xD4, 0xE5, 0x00, 0x00, 0x53, 0xE3,
    0x3B, 0xFF, 0xFF, 0x0A, 0x68, 0xFF, 0xFF, 0xEA, 0x4D, 0x0B, 0x00, 0xEB, 0x09, 0x00, 0x59, 0xE3,
    0x80, 0xFF, 0xFF, 0x1A, 0xE4, 0x20, 0x9F, 0xE5, 0x00, 0x30, 0x92, 0xE5, 0x02, 0x32, 0xC3, 0xE3,
    0x00, 0x30, 0x82, 0xE5, 0x4C, 0xFD, 0xFF, 0xEB, 0x00, 0x30, 0xD4, 0xE5, 0x00, 0x00, 0x53, 0xE3,
    0x2F, 0xFF, 0xFF, 0x0A, 0x5C, 0xFF, 0xFF, 0xEA, 0xC0, 0x90, 0x9F, 0xE5, 0x00, 0x30, 0x99, 0xE5,
    0x00, 0x00, 0x53, 0xE3, 0x77, 0xFF, 0xFF, 0xAA, 0x00, 0x10, 0xA0, 0xE3, 0x00, 0x30, 0x96, 0xE5,
    0x10, 0x00, 0x8D, 0xE2, 0x73, 0x20, 0xFF, 0xE6, 0x01, 0x20, 0x52, 0xE0, 0x01, 0x20, 0xA0, 0x13,
    0x73, 0x30, 0xFF, 0xE6, 0xFC, 0x21, 0xCD, 0xE1, 0xA4, 0x30, 0x9F, 0xE5, 0x14, 0x10, 0x8D, 0xE5,
    0x10, 0x30, 0x8D, 0xE5, 0x18, 0x10, 0x8D, 0xE5, 0x39, 0xFD, 0xFF, 0xEB, 0x00, 0x30, 0x99, 0xE5,
    0x02, 0x31, 0xC3, 0xE3, 0x00, 0x30, 0x89, 0xE5, 0x44, 0xFF, 0xFF, 0xEA, 0x01, 0x00, 0x13, 0xE3,
    0x23, 0x31, 0xA0, 0x11, 0x01, 0x30, 0xA0, 0x03, 0x01, 0x30, 0x03, 0x12, 0xCE, 0xFF, 0xFF, 0xEA,
    0x70, 0x30, 0x9F, 0xE5, 0x0A, 0x00, 0xA0, 0xE1, 0x10, 0x30, 0x8D, 0xE5, 0xB0, 0x30, 0xD6, 0xE1,
    0x14, 0x30, 0x8D, 0xE5, 0x2A, 0xFD, 0xFF, 0xEB, 0x38, 0xFF, 0xFF, 0xEA, 0x02, 0x32, 0xC3, 0xE3,
    0x00, 0x30, 0x89, 0xE5, 0x24, 0xFD, 0xFF, 0xEB, 0x00, 0x30, 0x99, 0xE5, 0x9D, 0xFF, 0xFF, 0xEA,
    0xFF, 0xFF, 0xFF, 0xFF, 0xFF, 0xFF, 0xFF, 0xFF, 0x80, 0x96, 0x98, 0x00, 0x00, 0x00, 0x00, 0x00,
    0xF4, 0xD1, 0x11, 0x00, 0x0C, 0xD2, 0x11, 0x00, 0x0C, 0x00, 0x10, 0x00, 0xFC, 0x85, 0x11, 0x00,
    0x04, 0xD2, 0x11, 0x00, 0x40, 0x00, 0x0B, 0x00, 0x80, 0x00, 0x0E, 0x00, 0xD8, 0xC1, 0x11, 0x00,
    0xD8, 0xD1, 0x11, 0x00, 0x28, 0x86, 0x11, 0x00, 0x80, 0x00, 0x42, 0x00, 0xFC, 0xD1, 0x11, 0x00,
    0x80, 0x00, 0x3E, 0x00, 0x00, 0x01, 0x0F, 0x00, 0x40, 0x00, 0x3F, 0x00, 0xDC, 0xD1, 0x11, 0x00,
    0x40, 0x30, 0x83, 0xE3, 0x00, 0x30, 0x81, 0xE5, 0x14, 0x30, 0x1F, 0xE5, 0x00, 0x00, 0xC3, 0xE5,
    0x01, 0x00, 0xA0, 0xE3, 0xC4, 0xFE, 0xFF, 0xEB, 0x84, 0xFE, 0xFF, 0xEB, 0x17, 0xFF, 0xFF, 0xEA,
    0x70, 0x40, 0x2D, 0xE9, 0x70, 0x4F, 0x1D, 0xEE, 0x48, 0xD0, 0x4D, 0xE2, 0x0C, 0x00, 0x8D, 0xE5,
    0x10, 0x20, 0x8D, 0xE5, 0x9C, 0x00, 0x9F, 0xE5, 0x02, 0x27, 0xA0, 0xE1, 0x02, 0x20, 0x82, 0xE3,
    0x80, 0x61, 0x94, 0xE5, 0x84, 0x51, 0x94, 0xE5, 0x08, 0x00, 0x8D, 0xE5, 0x80, 0x21, 0x84, 0xE5,
    0x84, 0x11, 0x84, 0xE5, 0x08, 0x00, 0x8D, 0xE2, 0x04, 0x30, 0x8D, 0xE5, 0xF8, 0xFC, 0xFF, 0xEB,
    0x80, 0x61, 0x84, 0xE5, 0x84, 0x51, 0x84, 0xE5, 0x00, 0x40, 0x50, 0xE2, 0x12, 0x00, 0x00, 0xBA,
    0x04, 0x30, 0x9D, 0xE5, 0x20, 0x00, 0x9D, 0xE5, 0x00, 0x00, 0x53, 0xE3, 0x10, 0x20, 0x9D, 0x15,
    0xB0, 0x20, 0xC3, 0x11, 0x58, 0x30, 0x9D, 0xE5, 0x00, 0x00, 0x53, 0xE3, 0x58, 0x20, 0x9D, 0x15,
    0x14, 0x30, 0x9D, 0x15, 0x00, 0x30, 0xC2, 0x15, 0x5C, 0x30, 0x9D, 0xE5, 0x00, 0x00, 0x53, 0xE3,
    0x18, 0x30, 0x9D, 0x15, 0x5C, 0x20, 0x9D, 0x15, 0x00, 0x30, 0x82, 0x15, 0x60, 0x30, 0x9D, 0xE5,
    0x00, 0x00, 0x53, 0xE3, 0x00, 0x00, 0x83, 0x15, 0x02, 0x00, 0x00, 0x0A, 0x04, 0x00, 0xA0, 0xE1,
    0x48, 0xD0, 0x8D, 0xE2, 0x70, 0x80, 0xBD, 0xE8, 0x00, 0x00, 0x50, 0xE3, 0xFA, 0xFF, 0xFF, 0x0A,
    0xD3, 0x0A, 0x00, 0xEB, 0xF8, 0xFF, 0xFF, 0xEA, 0x80, 0x00, 0x0D, 0x00, 0x30, 0x40, 0x2D, 0xE9,
    0x01, 0x50, 0xA0, 0xE1, 0x00, 0x40, 0xA0, 0xE1, 0x1C, 0xD0, 0x4D, 0xE2, 0x84, 0x00, 0x9F, 0xE5,
    0x4A, 0x0F, 0x00, 0xEB, 0x7C, 0x00, 0x9F, 0xE5, 0xCF, 0x0E, 0x00, 0xEB, 0x78, 0x30, 0x9F, 0xE5,
    0x01, 0x2A, 0xA0, 0xE3, 0xB0, 0x00, 0xD3, 0xE1, 0x14, 0x30, 0x8D, 0xE2, 0x28, 0x00, 0x8D, 0xE9,
    0x68, 0x10, 0x9F, 0xE5, 0x12, 0x30, 0x8D, 0xE2, 0x00, 0x40, 0x8D, 0xE5, 0xBF, 0xFF, 0xFF, 0xEB,
    0x00, 0x30, 0x50, 0xE2, 0x03, 0x50, 0xA0, 0xE1, 0x02, 0x00, 0x00, 0xBA, 0x00, 0x30, 0xD4, 0xE5,
    0x05, 0x00, 0x53, 0xE3, 0x02, 0x00, 0x00, 0x0A, 0x05, 0x00, 0xA0, 0xE1, 0x1C, 0xD0, 0x8D, 0xE2,
    0x30, 0x80, 0xBD, 0xE8, 0x38, 0x30, 0x9F, 0xE5, 0x00, 0x40, 0x93, 0xE5, 0x00, 0x00, 0x54, 0xE3,
    0xF8, 0xFF, 0xFF, 0x0A, 0x2C, 0x10, 0x9F, 0xE5, 0x14, 0x30, 0x9D, 0xE5, 0x00, 0x00, 0x91, 0xE5,
    0x18, 0x20, 0x9F, 0xE5, 0xB2, 0x11, 0xDD, 0xE1, 0x34, 0xFF, 0x2F, 0xE1, 0x05, 0x00, 0xA0, 0xE1,
    0x1C, 0xD0, 0x8D, 0xE2, 0x30, 0x80, 0xBD, 0xE8, 0x04, 0xD2, 0x11, 0x00, 0x0C, 0x00, 0x10, 0x00,
    0xD8, 0xC1, 0x11, 0x00, 0xE4, 0xD1, 0x11, 0x00, 0xE0, 0xD1, 0x11, 0x00, 0x00, 0x00, 0x00, 0x00,
    0xF0, 0x4F, 0x2D, 0xE9, 0x8C, 0xD0, 0x4D, 0xE2, 0x20, 0x20, 0xA0, 0xE3, 0x00, 0x50, 0xA0, 0xE1,
    0x01, 0x80, 0xA0, 0xE1, 0x28, 0x00, 0x8D, 0xE2, 0x00, 0x10, 0xA0, 0xE3, 0xDA, 0x1F, 0x00, 0xEB,
    0x28, 0x00, 0x8D, 0xE2, 0x46, 0x07, 0x00, 0xEB, 0x50, 0x42, 0x9F, 0xE5, 0x02, 0x00, 0x00, 0xEA,
    0x09, 0x1D, 0x8F, 0xE2, 0xD0, 0x00, 0xC1, 0xE1, 0x7D, 0x0A, 0x00, 0xEB, 0x48, 0x00, 0x8D, 0xE2,
    0xF8, 0x44, 0xCD, 0xE1, 0x9A, 0xFC, 0xFF, 0xEB, 0x00, 0x00, 0x50, 0xE3, 0xF7, 0xFF, 0xFF, 0xBA,
    0x50, 0x30, 0xDD, 0xE5, 0x00, 0x00, 0x53, 0xE3, 0xF4, 0xFF, 0xFF, 0x0A, 0x30, 0x30, 0x9D, 0xE5,
    0x40, 0x20, 0x9D, 0xE5, 0x20, 0xE0, 0x03, 0xE2, 0x07, 0x10, 0x13, 0xE2, 0x07, 0x20, 0x02, 0xE2,
    0xAE, 0x42, 0xA0, 0xE1, 0x51, 0x00, 0x00, 0x0A, 0x02, 0x30, 0x41, 0xE2, 0x73, 0x30, 0xEF, 0xE6,
    0x02, 0x00, 0x53, 0xE3, 0x06, 0x08, 0xA0, 0x83, 0x01, 0x07, 0xA0, 0x93, 0x03, 0x30, 0xA0, 0x83,
    0x02, 0x30, 0xA0, 0x93, 0x00, 0x00, 0x52, 0xE3, 0x05, 0xC8, 0xA0, 0x03, 0x03, 0x00, 0x00, 0x0A,
    0x02, 0xC0, 0x42, 0xE2, 0x02, 0x00, 0x5C, 0xE3, 0x0F, 0xC9, 0xA0, 0x83, 0x0A, 0xC9, 0xA0, 0x93,
    0x00, 0x00, 0x5E, 0xE3, 0x0C, 0x30, 0xA0, 0x01, 0x03, 0x31, 0x83, 0x10, 0x03, 0x31, 0x83, 0x10,
    0x03, 0x36, 0x8C, 0x10, 0x03, 0xE0, 0xA0, 0x11, 0x03, 0x30, 0x80, 0xE0, 0x0C, 0xE0, 0xA0, 0x01,
    0x08, 0x30, 0x8D, 0xE5, 0x00, 0x30, 0xA0, 0xE3, 0x00, 0x00, 0x58, 0xE3, 0x10, 0xB0, 0xA0, 0x13,
    0x02, 0xB0, 0xA0, 0x03, 0x98, 0xA1, 0x9F, 0xE5, 0x98, 0x91, 0x9F, 0xE5, 0x98, 0x71, 0x9F, 0xE5,
    0x0C, 0x40, 0x8D, 0xE5, 0x18, 0x10, 0x8D, 0xE5, 0x24, 0x20, 0x8D, 0xE5, 0x10, 0xC0, 0x8D, 0xE5,
    0x14, 0xE0, 0x8D, 0xE5, 0x08, 0x60, 0x8D, 0xE2, 0x1C, 0x30, 0x8D, 0xE5, 0x20, 0x30, 0x8D, 0xE5,
    0x02, 0x00, 0x00, 0xEA, 0x57, 0x1F, 0x8F, 0xE2, 0xD0, 0x00, 0xC1, 0xE1, 0x44, 0x0A, 0x00, 0xEB,
    0x00, 0x40, 0xA0, 0xE3, 0x20, 0x30, 0xA0, 0xE3, 0xB0, 0x20, 0xDA, 0xE1, 0x48, 0x00, 0x8D, 0xE2,
    0x48, 0x90, 0x8D, 0xE5, 0x4C, 0x20, 0x8D, 0xE5, 0x50, 0x50, 0x8D, 0xE5, 0x54, 0xB0, 0x8D, 0xE5,
    0x64, 0x70, 0x8D, 0xE5, 0x68, 0x60, 0x8D, 0xE5, 0x5C, 0x40, 0x8D, 0xE5, 0x58, 0x30, 0x8D, 0xE5,
    0x60, 0x40, 0x8D, 0xE5, 0x56, 0xFC, 0xFF, 0xEB, 0x04, 0x00, 0x50, 0xE1, 0xEC, 0xFF, 0xFF, 0xBA,
    0x04, 0x40, 0x8D, 0xE5, 0x04, 0x10, 0x8D, 0xE2, 0x48, 0x00, 0x8D, 0xE2, 0x76, 0xFF, 0xFF, 0xEB,
    0x00, 0x00, 0x50, 0xE3, 0xFA, 0xFF, 0xFF, 0xBA, 0x48, 0x40, 0xDD, 0xE5, 0x03, 0x00, 0x54, 0xE3,
    0xF7, 0xFF, 0xFF, 0x1A, 0x00, 0x00, 0x58, 0xE3, 0x04, 0x50, 0x9D, 0xE5, 0x11, 0x00, 0x00, 0x0A,
    0x00, 0x00, 0x55, 0xE3, 0x0C, 0x00, 0x00, 0x1A, 0x20, 0x30, 0xA0, 0xE3, 0xEC, 0x20, 0x9F, 0xE5,
    0xE4, 0x10, 0x9F, 0xE5, 0x48, 0x00, 0x8D, 0xE2, 0xF8, 0x24, 0xCD, 0xE1, 0x50, 0x10, 0x8D, 0xE5,
    0x54, 0x60, 0x8D, 0xE5, 0x3E, 0xFC, 0xFF, 0xEB, 0x8C, 0xD0, 0x8D, 0xE2, 0xF0, 0x8F, 0xBD, 0xE8,
    0x02, 0x07, 0xA0, 0xE3, 0x04, 0x30, 0xA0, 0xE3, 0xB1, 0xFF, 0xFF, 0xEA, 0x05, 0x00, 0xA0, 0xE1,
    0x2F, 0x0A, 0x00, 0xEB, 0xEF, 0xFF, 0xFF, 0xEA, 0x08, 0x00, 0x9D, 0xE5, 0xBE, 0x0F, 0x00, 0xEB,
    0x00, 0x70, 0x50, 0xE2, 0xE9, 0xFF, 0xFF, 0x0A, 0x04, 0x30, 0xA0, 0xE1, 0x04, 0x20, 0xA0, 0xE1,
    0x07, 0x10, 0xA0, 0xE1, 0x05, 0x00, 0xA0, 0xE1, 0x1A, 0x0A, 0x00, 0xEB, 0x00, 0x00, 0x50, 0xE3,
    0x02, 0x00, 0x00, 0xAA, 0x07, 0x00, 0xA0, 0xE1, 0xD2, 0x0F, 0x00, 0xEB, 0xDF, 0xFF, 0xFF, 0xEA,
    0x1C, 0x00, 0x9D, 0xE5, 0x05, 0x2D, 0xA0, 0xE3, 0x24, 0x30, 0xDD, 0xE5, 0x38, 0x10, 0x9D, 0xE5,
    0x00, 0x00, 0x87, 0xE0, 0xBE, 0xFB, 0xFF, 0xEB, 0x10, 0x00, 0x9D, 0xE5, 0x18, 0x30, 0xDD, 0xE5,
    0x19, 0x2E, 0xA0, 0xE3, 0x28, 0x10, 0x9D, 0xE5, 0x00, 0x00, 0x87, 0xE0, 0xB8, 0xFB, 0xFF, 0xEB,
    0x0C, 0x30, 0x9D, 0xE5, 0x00, 0x00, 0x53, 0xE3, 0x03, 0x00, 0x00, 0x1A, 0x07, 0x10, 0xA0, 0xE1,
    0x05, 0x00, 0xA0, 0xE1, 0x05, 0x0A, 0x00, 0xEB, 0xE9, 0xFF, 0xFF, 0xEA, 0x14, 0x00, 0x9D, 0xE5,
    0x19, 0x2E, 0xA0, 0xE3, 0x18, 0x30, 0xDD, 0xE5, 0x2C, 0x10, 0x9D, 0xE5, 0x00, 0x00, 0x87, 0xE0,
    0xAB, 0xFB, 0xFF, 0xEB, 0xF4, 0xFF, 0xFF, 0xEA, 0x80, 0x96, 0x98, 0x00, 0x00, 0x00, 0x00, 0x00,
    0x40, 0x00, 0x09, 0x00, 0x0C, 0x00, 0x10, 0x00, 0x04, 0x01, 0x0C, 0x00, 0x02, 0x00, 0x08, 0x00,
    0x42, 0x00, 0x40, 0x00, 0xF0, 0x4F, 0x2D, 0xE9, 0x00, 0x50, 0xA0, 0xE1, 0x98, 0x32, 0x9F, 0xE5,
    0x5C, 0xD0, 0x4D, 0xE2, 0xB0, 0x30, 0xD3, 0xE1, 0x90, 0x22, 0x9F, 0xE5, 0x90, 0x62, 0x9F, 0xE5,
    0x18, 0x00, 0x8D, 0xE2, 0xF8, 0x21, 0xCD, 0xE1, 0xFD, 0xFB, 0xFF, 0xEB, 0x00, 0x30, 0x96, 0xE5,
    0x62, 0x00, 0x55, 0xE3, 0x01, 0x30, 0xC3, 0xE3, 0x00, 0x30, 0x86, 0xE5, 0x00, 0x00, 0x00, 0x0A,
    0x72, 0xFD, 0xFF, 0xEB, 0x6C, 0x42, 0x9F, 0xE5, 0x00, 0x10, 0xA0, 0xE3, 0x0E, 0x00, 0x8D, 0xE2,
    0x19, 0xFF, 0xFF, 0xEB, 0x00, 0x00, 0x50, 0xE3, 0xFA, 0xFF, 0xFF, 0xBA, 0x0E, 0x70, 0xDD, 0xE5,
    0x01, 0x30, 0x47, 0xE2, 0x10, 0x00, 0x53, 0xE3, 0xF6, 0xFF, 0xFF, 0x8A, 0xD3, 0x30, 0x94, 0xE1,
    0x03, 0xF1, 0x8F, 0xE0, 0x00, 0xF0, 0x20, 0xE3, 0x00, 0x30, 0x96, 0xE5, 0x01, 0x30, 0x83, 0xE3,
    0x00, 0x30, 0x86, 0xE5, 0x57, 0x0C, 0x00, 0xEB, 0x00, 0x00, 0xA0, 0xE3, 0x4E, 0x06, 0x00, 0xEB,
    0xB1, 0x06, 0x00, 0xEB, 0x20, 0x42, 0x9F, 0xE5, 0x04, 0x30, 0x94, 0xE5, 0x00, 0x00, 0x53, 0xE3,
    0x05, 0x00, 0x00, 0x0A, 0x08, 0x10, 0x94, 0xE5, 0x01, 0x00, 0xA0, 0xE3, 0x33, 0xFF, 0x2F, 0xE1,
    0x00, 0x40, 0x94, 0xE5, 0x00, 0x00, 0x54, 0xE3, 0xF6, 0xFF, 0xFF, 0x1A, 0x0D, 0x00, 0x57, 0xE3,
    0x75, 0x00, 0x00, 0x0A, 0x11, 0x00, 0x57, 0xE3, 0x3F, 0x00, 0x00, 0x1A, 0x70, 0x4F, 0x1D, 0xEE,
    0x07, 0xA0, 0xA0, 0xE3, 0x04, 0xB0, 0xA0, 0xE3, 0x10, 0x20, 0xA0, 0xE3, 0x01, 0x30, 0xA0, 0xE3,
    0xFC, 0xA1, 0xCD, 0xE1, 0xD4, 0x81, 0x9F, 0xE5, 0xD4, 0x91, 0x9F, 0xE5, 0x02, 0x10, 0x8D, 0xE0,
    0x2C, 0x10, 0x8D, 0xE5, 0x18, 0x80, 0x8D, 0xE5, 0x28, 0x90, 0x8D, 0xE5, 0x10, 0x20, 0x8D, 0xE5,
    0x24, 0x30, 0x8D, 0xE5, 0xBC, 0x61, 0x9F, 0xE5, 0x80, 0x31, 0x94, 0xE5, 0x84, 0x21, 0x94, 0xE5,
    0x0F, 0x70, 0x8D, 0xE2, 0x18, 0x00, 0x8D, 0xE2, 0x80, 0x61, 0x84, 0xE5, 0x84, 0x71, 0x84, 0xE5,
    0x00, 0x30, 0x8D, 0xE5, 0x04, 0x20, 0x8D, 0xE5, 0xBD, 0xFB, 0xFF, 0xEB, 0x00, 0x30, 0x9D, 0xE5,
    0x04, 0x20, 0x9D, 0xE5, 0x80, 0x31, 0x84, 0xE5, 0x84, 0x21, 0x84, 0xE5, 0x33, 0xFD, 0xFF, 0xEB,
    0x12, 0x00, 0x55, 0xE3, 0x47, 0x00, 0x00, 0x8A, 0x01, 0x30, 0xA0, 0xE3, 0x10, 0x10, 0x8D, 0xE2,
    0x2C, 0x10, 0x8D, 0xE5, 0x00, 0x10, 0xA0, 0xE3, 0xFC, 0xA1, 0xCD, 0xE1, 0x10, 0x30, 0x8D, 0xE5,
    0x24, 0x30, 0x8D, 0xE5, 0x18, 0x80, 0x8D, 0xE5, 0x28, 0x90, 0x8D, 0xE5, 0x80, 0x21, 0x94, 0xE5,
    0x54, 0x31, 0x9F, 0xE5, 0x84, 0x51, 0x94, 0xE5, 0x80, 0x61, 0x84, 0xE5, 0x18, 0x00, 0x8D, 0xE2,
    0x84, 0x71, 0x84, 0xE5, 0x00, 0x20, 0x8D, 0xE5, 0x00, 0x10, 0xC3, 0xE5, 0xA4, 0xFB, 0xFF, 0xEB,
    0x00, 0x20, 0x9D, 0xE5, 0x84, 0x51, 0x84, 0xE5, 0x80, 0x21, 0x84, 0xE5, 0x5C, 0xD0, 0x8D, 0xE2,
    0xF0, 0x4F, 0xBD, 0xE8, 0x19, 0xFD, 0xFF, 0xEA, 0x00, 0x30, 0x96, 0xE5, 0x01, 0x30, 0x83, 0xE3,
    0x00, 0x30, 0x86, 0xE5, 0x0B, 0x0C, 0x00, 0xEB, 0x98, 0xFB, 0xFF, 0xEB, 0x00, 0x30, 0x96, 0xE5,
    0x01, 0x3B, 0x83, 0xE3, 0x00, 0x30, 0x86, 0xE5, 0xBF, 0xFF, 0xFF, 0xEA, 0x00, 0x30, 0x96, 0xE5,
    0x02, 0x32, 0xC3, 0xE3, 0x00, 0x30, 0x86, 0xE5, 0x8F, 0xFB, 0xFF, 0xEB, 0x0F, 0x00, 0x57, 0xE3,
    0xB9, 0xFF, 0xFF, 0x1A, 0x70, 0x4F, 0x1D, 0xEE, 0x00, 0x20, 0x96, 0xE5, 0x05, 0xC0, 0xA0, 0xE3,
    0x20, 0x20, 0x82, 0xE3, 0x00, 0x20, 0x86, 0xE5, 0x08, 0x20, 0xA0, 0xE3, 0x01, 0x30, 0xA0, 0xE3,
    0x00, 0x10, 0xA0, 0xE3, 0x1C, 0xC0, 0x8D, 0xE5, 0xB0, 0x00, 0x9F, 0xE5, 0xBC, 0xC0, 0x9F, 0xE5,
    0x20, 0x20, 0x8D, 0xE5, 0xB0, 0xE0, 0x9F, 0xE5, 0x10, 0x20, 0x8D, 0xE2, 0x18, 0x00, 0x8D, 0xE5,
    0x10, 0x30, 0x8D, 0xE5, 0x24, 0x30, 0x8D, 0xE5, 0x2C, 0x20, 0x8D, 0xE5, 0xB5, 0x11, 0xCD, 0xE1,
    0x17, 0x10, 0xCD, 0xE5, 0x28, 0xC0, 0x8D, 0xE5, 0x88, 0x20, 0x9F, 0xE5, 0x14, 0x30, 0xCD, 0xE5,
    0x80, 0x61, 0x94, 0xE5, 0x84, 0x51, 0x94, 0xE5, 0x00, 0x30, 0xCE, 0xE5, 0x0F, 0x30, 0x8D, 0xE2,
    0x18, 0x00, 0x8D, 0xE2, 0x80, 0x21, 0x84, 0xE5, 0x84, 0x31, 0x84, 0xE5, 0x70, 0xFB, 0xFF, 0xEB,
    0x80, 0x61, 0x84, 0xE5, 0x84, 0x51, 0x84, 0xE5, 0x5C, 0xD0, 0x8D, 0xE2, 0xF0, 0x8F, 0xBD, 0xE8,
    0x00, 0x30, 0x96, 0xE5, 0x01, 0x30, 0x83, 0xE3, 0x00, 0x30, 0x86, 0xE5, 0xD9, 0x0B, 0x00, 0xEB,
    0x01, 0x00, 0x57, 0xE3, 0x06, 0x00, 0x00, 0x1A, 0x00, 0x30, 0x96, 0xE5, 0x02, 0x32, 0xC3, 0xE3,
    0x00, 0x30, 0x86, 0xE5, 0x60, 0xFB, 0xFF, 0xEB, 0x8B, 0xFF, 0xFF, 0xEA, 0x5F, 0xFB, 0xFF, 0xEB,
    0x89, 0xFF, 0xFF, 0xEA, 0x0B, 0x70, 0xA0, 0xE3, 0x76, 0xFF, 0xFF, 0xEA, 0x0C, 0x00, 0x10, 0x00,
    0x40, 0x00, 0x43, 0x00, 0xD8, 0xD1, 0x11, 0x00, 0x07, 0x86, 0x11, 0x00, 0xE8, 0xD1, 0x11, 0x00,
    0xC2, 0x00, 0x4B, 0x00, 0x02, 0x04, 0x01, 0x00, 0x02, 0x40, 0x00, 0x00, 0xDC, 0xD1, 0x11, 0x00,
    0x02, 0x04, 0x02, 0x00, 0x70, 0x40, 0x2D, 0xE9, 0xD8, 0x50, 0x9F, 0xE5, 0x40, 0xD0, 0x4D, 0xE2,
    0x00, 0x30, 0xD5, 0xE5, 0x00, 0x00, 0xA0, 0xE3, 0x23, 0x31, 0xA0, 0xE1, 0x01, 0x60, 0x03, 0xE2,
    0xE7, 0xFC, 0xFF, 0xEB, 0x2B, 0x28, 0xA0, 0xE3, 0x00, 0x30, 0x95, 0xE5, 0x0D, 0x00, 0xA0, 0xE1,
    0x82, 0x31, 0xC3, 0xE3, 0x00, 0x30, 0x85, 0xE5, 0x00, 0x20, 0x8D, 0xE5, 0x44, 0xFB, 0xFF, 0xEB,
    0xA4, 0x40, 0x9F, 0xE5, 0x04, 0x30, 0x94, 0xE5, 0x00, 0x00, 0x53, 0xE3, 0x05, 0x00, 0x00, 0x0A,
    0x08, 0x10, 0x94, 0xE5, 0x00, 0x00, 0xA0, 0xE3, 0x33, 0xFF, 0x2F, 0xE1, 0x00, 0x40, 0x94, 0xE5,
    0x00, 0x00, 0x54, 0xE3, 0xF6, 0xFF, 0xFF, 0x1A, 0xFC, 0x05, 0x00, 0xEB, 0x00, 0x30, 0xE0, 0xE3,
    0x78, 0x20, 0x9F, 0xE5, 0x0D, 0x00, 0xA0, 0xE1, 0xF0, 0x20, 0xCD, 0xE1, 0x34, 0xFB, 0xFF, 0xEB,
    0x00, 0x00, 0x50, 0xE3, 0x00, 0x00, 0xA0, 0xB3, 0xB0, 0x01, 0xDD, 0xA1, 0x01, 0x10, 0xA0, 0xE3,
    0x82, 0xFE, 0xFF, 0xEB, 0x2A, 0xFB, 0xFF, 0xEB, 0xB8, 0x05, 0x00, 0xEB, 0x00, 0x30, 0xA0, 0xE3,
    0x4C, 0x20, 0x9F, 0xE5, 0x08, 0x30, 0x8D, 0xE5, 0xF0, 0x20, 0xCD, 0xE1, 0x0C, 0x30, 0x8D, 0xE5,
    0x02, 0x20, 0xA0, 0xE3, 0x00, 0x30, 0xA0, 0xE3, 0x0D, 0x00, 0xA0, 0xE1, 0xF0, 0x21, 0xCD, 0xE1,
    0x23, 0xFB, 0xFF, 0xEB, 0x00, 0x30, 0x95, 0xE5, 0x0E, 0x00, 0xA0, 0xE3, 0x01, 0x30, 0xC3, 0xE3,
    0x00, 0x30, 0x85, 0xE5, 0x16, 0xFF, 0xFF, 0xEB, 0x06, 0x00, 0xA0, 0xE1, 0x40, 0xD0, 0x8D, 0xE2,
    0x70, 0x40, 0xBD, 0xE8, 0xB6, 0xFC, 0xFF, 0xEA, 0xD8, 0xD1, 0x11, 0x00, 0xE8, 0xD1, 0x11, 0x00,
    0x40, 0x00, 0x05, 0x00, 0x44, 0x00, 0x2C, 0x00, 0x04, 0xE0, 0x2D, 0xE5, 0x0C, 0xD0, 0x4D, 0xE2,
    0x58, 0xFC, 0xFF, 0xEB, 0x3C, 0x30, 0x9F, 0xE5, 0x3C, 0x20, 0x9F, 0xE5, 0x00, 0x30, 0xD3, 0xE5,
    0x00, 0x00, 0x53, 0xE3, 0x02, 0x00, 0x00, 0x1A, 0x00, 0x30, 0x92, 0xE5, 0xA0, 0x00, 0x13, 0xE3,
    0x03, 0x00, 0x00, 0x0A, 0x04, 0x20, 0x8D, 0xE5, 0xB5, 0xFF, 0xFF, 0xEB, 0x04, 0x20, 0x9D, 0xE5,
    0x00, 0x30, 0x92, 0xE5, 0x06, 0x0C, 0x13, 0xE3, 0x01, 0x00, 0xA0, 0x03, 0x00, 0x00, 0xA0, 0x13,
    0x0C, 0xD0, 0x8D, 0xE2, 0x04, 0xF0, 0x9D, 0xE4, 0xDC, 0xD1, 0x11, 0x00, 0xD8, 0xD1, 0x11, 0x00,
    0x70, 0x40, 0x2D, 0xE9, 0x48, 0xD0, 0x4D, 0xE2, 0xBA, 0x0F, 0x07, 0xEE, 0xE4, 0x51, 0x9F, 0xE5,
    0x9F, 0x6F, 0x95, 0xE1, 0x01, 0x30, 0x86, 0xE2, 0x93, 0x2F, 0x85, 0xE1, 0x00, 0x00, 0x52, 0xE3,
    0xFA, 0xFF, 0xFF, 0x1A, 0x00, 0x00, 0x56, 0xE3, 0xBA, 0x0F, 0x07, 0xEE, 0x03, 0x00, 0x00, 0x0A,
    0x00, 0x40, 0xA0, 0xE3, 0x04, 0x00, 0xA0, 0xE1, 0x48, 0xD0, 0x8D, 0xE2, 0x70, 0x80, 0xBD, 0xE8,
    0xB4, 0x31, 0x9F, 0xE5, 0x08, 0x00, 0x8D, 0xE2, 0x08, 0x30, 0x8D, 0xE5, 0x0C, 0x60, 0x8D, 0xE5,
    0xEB, 0xFA, 0xFF, 0xEB, 0x00, 0x40, 0x50, 0xE2, 0x5C, 0x00, 0x00, 0xBA, 0x1C, 0x30, 0x9D, 0xE5,
    0x98, 0x21, 0x9F, 0xE5, 0x00, 0x30, 0x82, 0xE5, 0x94, 0x31, 0x9F, 0xE5, 0x00, 0x30, 0x93, 0xE5,
    0x03, 0x30, 0x03, 0xE2, 0x01, 0x00, 0x53, 0xE3, 0xEC, 0xFF, 0xFF, 0x0A, 0x84, 0x31, 0x9F, 0xE5,
    0x08, 0x00, 0x8D, 0xE2, 0xB0, 0x30, 0xD3, 0xE1, 0x10, 0x60, 0x8D, 0xE5, 0x0C, 0x30, 0x8D, 0xE5,
    0x74, 0x31, 0x9F, 0xE5, 0x08, 0x30, 0x8D, 0xE5, 0xD9, 0xFA, 0xFF, 0xEB, 0x00, 0x40, 0x50, 0xE2,
    0x47, 0x00, 0x00, 0xBA, 0x64, 0x21, 0x9F, 0xE5, 0x18, 0x30, 0x9D, 0xE5, 0x01, 0x10, 0xA0, 0xE3,
    0x04, 0x30, 0x82, 0xE5, 0x14, 0x30, 0x9D, 0xE5, 0x54, 0x01, 0x9F, 0xE5, 0x00, 0x30, 0x82, 0xE5,
    0xBC, 0x0C, 0x00, 0xEB, 0x06, 0x10, 0xA0, 0xE1, 0x48, 0x01, 0x9F, 0xE5, 0xB9, 0x0C, 0x00, 0xEB,
    0x01, 0x00, 0xE0, 0xE3, 0x01, 0x10, 0xA0, 0xE3, 0x3C, 0x31, 0x9F, 0xE5, 0xF0, 0x00, 0xCD, 0xE1,
    0x01, 0x2A, 0xA0, 0xE3, 0x00, 0x60, 0xC3, 0xE5, 0x06, 0x10, 0xA0, 0xE1, 0x31, 0x30, 0xA0, 0xE3,
    0x28, 0x01, 0x9F, 0xE5, 0x64, 0x0D, 0x00, 0xEB, 0x24, 0x31, 0x9F, 0xE5, 0x00, 0x00, 0x50, 0xE3,
    0x00, 0x00, 0x83, 0xE5, 0x28, 0x00, 0x00, 0x0A, 0x04, 0x30, 0xA0, 0xE3, 0x14, 0x61, 0x9F, 0xE5,
    0x14, 0x21, 0x9F, 0xE5, 0x00, 0x30, 0x86, 0xE5, 0x10, 0x31, 0x9F, 0xE5, 0x08, 0x00, 0x8D, 0xE2,
    0x10, 0x30, 0x93, 0xE5, 0x02, 0x00, 0x53, 0xE3, 0x14, 0x30, 0xA0, 0x03, 0x00, 0x30, 0x86, 0x05,
    0x00, 0x30, 0xA0, 0xE3, 0xF8, 0x20, 0xCD, 0xE1, 0xB1, 0xFA, 0xFF, 0xEB, 0x00, 0x40, 0x50, 0xE2,
    0x19, 0x00, 0x00, 0xBA, 0xB8, 0x30, 0x9F, 0xE5, 0x00, 0x20, 0x93, 0xE5, 0x04, 0x00, 0x12, 0xE3,
    0x0C, 0x00, 0x00, 0x0A, 0x02, 0x00, 0xA0, 0xE3, 0x00, 0x40, 0xA0, 0xE3, 0x00, 0x50, 0xA0, 0xE3,
    0x00, 0x30, 0xA0, 0xE3, 0x00, 0x20, 0x96, 0xE5, 0xC4, 0x10, 0x9F, 0xE5, 0x01, 0x21, 0x82, 0xE3,
    0x00, 0x20, 0x86, 0xE5, 0xBC, 0x20, 0x9F, 0xE5, 0xF0, 0x40, 0xC1, 0xE1, 0x00, 0x00, 0xC2, 0xE5,
    0xB4, 0x20, 0x9F, 0xE5, 0x00, 0x30, 0xC2, 0xE5, 0x62, 0x00, 0xA0, 0xE3, 0x94, 0xFE, 0xFF, 0xEB,
    0x6C, 0x30, 0x9F, 0xE5, 0x00, 0x30, 0x93, 0xE5, 0x02, 0x00, 0x13, 0xE3, 0x00, 0x30, 0x96, 0x15,
    0x02, 0x31, 0x83, 0x13, 0x00, 0x30, 0x86, 0x15, 0xA0, 0xFF, 0xFF, 0xEA, 0x5C, 0x30, 0x9F, 0xE5,
    0x03, 0x60, 0xA0, 0xE1, 0x00, 0x00, 0x93, 0xE5, 0x89, 0x08, 0x00, 0xEB, 0x04, 0x00, 0x96, 0xE5,
    0x87, 0x08, 0x00, 0xEB, 0x34, 0x30, 0x9F, 0xE5, 0x00, 0x00, 0x93, 0xE5, 0x84, 0x08, 0x00, 0xEB,
    0xBA, 0x0F, 0x07, 0xEE, 0x9F, 0x3F, 0x95, 0xE1, 0x01, 0x30, 0x43, 0xE2, 0x93, 0x2F, 0x85, 0xE1,
    0x00, 0x00, 0x52, 0xE3, 0xFA, 0xFF, 0xFF, 0x1A, 0x04, 0x00, 0xA0, 0xE1, 0xBA, 0x0F, 0x07, 0xEE,
    0x48, 0xD0, 0x8D, 0xE2, 0x70, 0x80, 0xBD, 0xE8, 0x18, 0xD2, 0x11, 0x00, 0x40, 0x00, 0x01, 0x00,
    0x14, 0xD2, 0x11, 0x00, 0x1C, 0x00, 0x10, 0x00, 0x0C, 0x00, 0x10, 0x00, 0x80, 0x00, 0x02, 0x00,
    0x0C, 0xD2, 0x11, 0x00, 0x04, 0xD2, 0x11, 0x00, 0xFC, 0xD1, 0x11, 0x00, 0xF4, 0xD1, 0x11, 0x00,
    0x00, 0x2B, 0x10, 0x00, 0xF8, 0xD1, 0x11, 0x00, 0xD8, 0xD1, 0x11, 0x00, 0x40, 0x00, 0x03, 0x00,
    0x00, 0x00, 0xF8, 0x1F, 0xD0, 0xC1, 0x11, 0x00, 0xA8, 0xBE, 0x11, 0x00, 0xA9, 0xBE, 0x11, 0x00,
    0x7C, 0x10, 0x9F, 0xE5, 0x00, 0x20, 0xA0, 0xE1, 0x00, 0x30, 0xD1, 0xE5, 0x00, 0x00, 0x53, 0xE3,
    0x04, 0x00, 0x00, 0x0A, 0x6C, 0x30, 0x9F, 0xE5, 0x00, 0x00, 0xA0, 0xE3, 0x00, 0x30, 0xD3, 0xE5,
    0x00, 0x30, 0xC2, 0xE5, 0x1E, 0xFF, 0x2F, 0xE1, 0x04, 0xE0, 0x2D, 0xE5, 0x58, 0xC0, 0x9F, 0xE5,
    0x4C, 0xD0, 0x4D, 0xE2, 0x04, 0x00, 0x8D, 0xE5, 0x00, 0x30, 0xC0, 0xE5, 0x08, 0x00, 0x8D, 0xE2,
    0x08, 0xC0, 0x8D, 0xE5, 0x5E, 0xFA, 0xFF, 0xEB, 0x00, 0x00, 0x50, 0xE3, 0x0A, 0x00, 0x00, 0xBA,
    0x10, 0x30, 0xDD, 0xE5, 0x2C, 0x00, 0x9F, 0xE5, 0x00, 0x30, 0x53, 0xE2, 0x01, 0x30, 0xA0, 0x13,
    0x01, 0xC0, 0xA0, 0xE3, 0x00, 0x30, 0xC0, 0xE5, 0x00, 0x00, 0xA0, 0xE3, 0x10, 0x10, 0x9F, 0xE5,
    0x04, 0x20, 0x9D, 0xE5, 0x00, 0xC0, 0xC1, 0xE5, 0x00, 0x30, 0xC2, 0xE5, 0x4C, 0xD0, 0x8D, 0xE2,
    0x04, 0xF0, 0x9D, 0xE4, 0xA1, 0xBE, 0x11, 0x00, 0xA0, 0xBE, 0x11, 0x00, 0x00, 0x00, 0x02, 0x01,
    0xF0, 0x4F, 0x2D, 0xE9, 0x70, 0x3F, 0x1D, 0xEE, 0x04, 0x70, 0xA0, 0xE3, 0x00, 0xA0, 0xA0, 0xE3,
    0x03, 0xB0, 0xA0, 0xE1, 0x0C, 0xD0, 0x4D, 0xE2, 0xD8, 0x5A, 0x9F, 0xE5, 0xD8, 0x6A, 0x9F, 0xE5,
    0xD8, 0x8A, 0x9F, 0xE5, 0xD8, 0x2A, 0x9F, 0xE5, 0x07, 0x40, 0x8D, 0xE0, 0x04, 0xA0, 0x8D, 0xE5,
    0x00, 0x00, 0x96, 0xE5, 0x84, 0x20, 0x83, 0xE5, 0x80, 0x80, 0x83, 0xE5, 0x88, 0x70, 0x83, 0xE5,
    0x8C, 0x50, 0x83, 0xE5, 0x90, 0x40, 0x83, 0xE5, 0x49, 0x08, 0x00, 0xEB, 0xB4, 0x2A, 0x9F, 0xE5,
    0x00, 0x00, 0x96, 0xE5, 0x04, 0x20, 0x8D, 0xE5, 0xAC, 0x2A, 0x9F, 0xE5, 0x80, 0x80, 0x8B, 0xE5,
    0x84, 0x20, 0x8B, 0xE5, 0x88, 0x70, 0x8B, 0xE5, 0x8C, 0x50, 0x8B, 0xE5, 0x90, 0x40, 0x8B, 0xE5,
    0x3F, 0x08, 0x00, 0xEB, 0x0F, 0x20, 0xE0, 0xE3, 0x01, 0x90, 0xA0, 0xE3, 0x04, 0x20, 0x8D, 0xE5,
    0x88, 0x2A, 0x9F, 0xE5, 0x00, 0x00, 0x96, 0xE5, 0x84, 0x20, 0x8B, 0xE5, 0x80, 0x80, 0x8B, 0xE5,
    0x88, 0x70, 0x8B, 0xE5, 0x8C, 0x50, 0x8B, 0xE5, 0x90, 0x40, 0x8B, 0xE5, 0x34, 0x08, 0x00, 0xEB,
    0x6C, 0x2A, 0x9F, 0xE5, 0x04, 0x90, 0x8D, 0xE5, 0x00, 0x00, 0x96, 0xE5, 0x84, 0x20, 0x8B, 0xE5,
    0x80, 0x80, 0x8B, 0xE5, 0x88, 0x70, 0x8B, 0xE5, 0x8C, 0x50, 0x8B, 0xE5, 0x90, 0x40, 0x8B, 0xE5,
    0x2B, 0x08, 0x00, 0xEB, 0x4C, 0x2A, 0x9F, 0xE5, 0x04, 0x90, 0x8D, 0xE5, 0x00, 0x00, 0x96, 0xE5,
    0x84, 0x20, 0x8B, 0xE5, 0x80, 0x80, 0x8B, 0xE5, 0x88, 0x70, 0x8B, 0xE5, 0x8C, 0x50, 0x8B, 0xE5,
    0x90, 0x40, 0x8B, 0xE5, 0x22, 0x08, 0x00, 0xEB, 0x2C, 0x1A, 0x9F, 0xE5, 0x2C, 0x2A, 0x9F, 0xE5,
    0x04, 0x10, 0x8D, 0xE5, 0x00, 0x00, 0x96, 0xE5, 0x84, 0x20, 0x8B, 0xE5, 0x80, 0x80, 0x8B, 0xE5,
    0x88, 0x70, 0x8B, 0xE5, 0x8C, 0x50, 0x8B, 0xE5, 0x90, 0x40, 0x8B, 0xE5, 0x18, 0x08, 0x00, 0xEB,
    0xD1, 0x30, 0xA0, 0xE3, 0x08, 0x2A, 0x9F, 0xE5, 0x04, 0x30, 0x8D, 0xE5, 0x00, 0x00, 0x96, 0xE5,
    0x84, 0x20, 0x8B, 0xE5, 0x80, 0x80, 0x8B, 0xE5, 0x88, 0x70, 0x8B, 0xE5, 0x8C, 0x50, 0x8B, 0xE5,
    0x90, 0x40, 0x8B, 0xE5, 0x0E, 0x08, 0x00, 0xEB, 0xE8, 0x29, 0x9F, 0xE5, 0xE8, 0x09, 0x9F, 0xE5,
    0x04, 0x00, 0x8D, 0xE5, 0x84, 0x20, 0x8B, 0xE5, 0x00, 0x00, 0x96, 0xE5, 0x80, 0x80, 0x8B, 0xE5,
    0x88, 0x70, 0x8B, 0xE5, 0x8C, 0x50, 0x8B, 0xE5, 0x90, 0x40, 0x8B, 0xE5, 0x04, 0x08, 0x00, 0xEB,
    0xC8, 0x29, 0x9F, 0xE5, 0xC0, 0x09, 0x9F, 0xE5, 0x04, 0x00, 0x8D, 0xE5, 0x84, 0x20, 0x8B, 0xE5,
    0x00, 0x00, 0x96, 0xE5, 0x80, 0x80, 0x8B, 0xE5, 0x88, 0x70, 0x8B, 0xE5, 0x8C, 0x50, 0x8B, 0xE5,
    0x90, 0x40, 0x8B, 0xE5, 0xFA, 0x07, 0x00, 0xEB, 0xA4, 0x29, 0x9F, 0xE5, 0x04, 0xA0, 0x8D, 0xE5,
    0x00, 0x00, 0x96, 0xE5, 0x84, 0x20, 0x8B, 0xE5, 0x80, 0x80, 0x8B, 0xE5, 0x88, 0x70, 0x8B, 0xE5,
    0x8C, 0x50, 0x8B, 0xE5, 0x90, 0x40, 0x8B, 0xE5, 0xF1, 0x07, 0x00, 0xEB, 0xCF, 0xC0, 0xA0, 0xE3,
    0x80, 0x29, 0x9F, 0xE5, 0x04, 0xC0, 0x8D, 0xE5, 0x00, 0x00, 0x96, 0xE5, 0x84, 0x20, 0x8B, 0xE5,
    0x80, 0x80, 0x8B, 0xE5, 0x88, 0x70, 0x8B, 0xE5, 0x8C, 0x50, 0x8B, 0xE5, 0x90, 0x40, 0x8B, 0xE5,
    0xE7, 0x07, 0x00, 0xEB, 0xD1, 0x10, 0xA0, 0xE3, 0x5C, 0x29, 0x9F, 0xE5, 0x04, 0x10, 0x8D, 0xE5,
    0x00, 0x00, 0x96, 0xE5, 0x84, 0x20, 0x8B, 0xE5, 0x80, 0x80, 0x8B, 0xE5, 0x88, 0x70, 0x8B, 0xE5,
    0x8C, 0x50, 0x8B, 0xE5, 0x90, 0x40, 0x8B, 0xE5, 0xDD, 0x07, 0x00, 0xEB, 0x3C, 0xE9, 0x9F, 0xE5,
    0x3C, 0x29, 0x9F, 0xE5, 0x04, 0xE0, 0x8D, 0xE5, 0x00, 0x00, 0x96, 0xE5, 0x84, 0x20, 0x8B, 0xE5,
    0x80, 0x80, 0x8B, 0xE5, 0x88, 0x70, 0x8B, 0xE5, 0x8C, 0x50, 0x8B, 0xE5, 0x90, 0x40, 0x8B, 0xE5,
    0xD3, 0x07, 0x00, 0xEB, 0x01, 0x38, 0xA0, 0xE3, 0x18, 0x29, 0x9F, 0xE5, 0x04, 0x30, 0x8D, 0xE5,
    0x00, 0x00, 0x96, 0xE5, 0x84, 0x20, 0x8B, 0xE5, 0x80, 0x80, 0x8B, 0xE5, 0x88, 0x70, 0x8B, 0xE5,
    0x8C, 0x50, 0x8B, 0xE5, 0x90, 0x40, 0x8B, 0xE5, 0xC9, 0x07, 0x00, 0xEB, 0xF8, 0x38, 0x9F, 0xE5,
    0xF8, 0x28, 0x9F, 0xE5, 0x04, 0x30, 0x8D, 0xE5, 0x00, 0x00, 0x96, 0xE5, 0x84, 0x20, 0x8B, 0xE5,
    0x80, 0x80, 0x8B, 0xE5, 0x88, 0x70, 0x8B, 0xE5, 0x8C, 0x50, 0x8B, 0xE5, 0x90, 0x40, 0x8B, 0xE5,
    0xBF, 0x07, 0x00, 0xEB, 0x02, 0x20, 0xA0, 0xE3, 0xD4, 0x08, 0x9F, 0xE5, 0x04, 0x20, 0x8D, 0xE5,
    0x84, 0x00, 0x8B, 0xE5, 0x80, 0x80, 0x8B, 0xE5, 0x00, 0x00, 0x96, 0xE5, 0x88, 0x70, 0x8B, 0xE5,
    0x8C, 0x50, 0x8B, 0xE5, 0x90, 0x40, 0x8B, 0xE5, 0xB5, 0x07, 0x00, 0xEB, 0xB4, 0xA8, 0x9F, 0xE5,
    0xB4, 0x08, 0x9F, 0xE5, 0x04, 0xA0, 0x8D, 0xE5, 0x84, 0x00, 0x8B, 0xE5, 0x80, 0x80, 0x8B, 0xE5,
    0x00, 0x00, 0x96, 0xE5, 0x88, 0x70, 0x8B, 0xE5, 0x8C, 0x50, 0x8B, 0xE5, 0x90, 0x40, 0x8B, 0xE5,
    0xAB, 0x07, 0x00, 0xEB, 0x94, 0x08, 0x9F, 0xE5, 0x04, 0xA0, 0x8D, 0xE5, 0x84, 0x00, 0x8B, 0xE5,
    0x80, 0x80, 0x8B, 0xE5, 0x00, 0x00, 0x96, 0xE5, 0x88, 0x70, 0x8B, 0xE5, 0x8C, 0x50, 0x8B, 0xE5,
    0x90, 0x40, 0x8B, 0xE5, 0xA2, 0x07, 0x00, 0xEB, 0x74, 0x08, 0x9F, 0xE5, 0x04, 0xA0, 0x8D, 0xE5,
    0x84, 0x00, 0x8B, 0xE5, 0x80, 0x80, 0x8B, 0xE5, 0x00, 0x00, 0x96, 0xE5, 0x88, 0x70, 0x8B, 0xE5,
    0x8C, 0x50, 0x8B, 0xE5, 0x90, 0x40, 0x8B, 0xE5, 0x99, 0x07, 0x00, 0xEB, 0x54, 0x08, 0x9F, 0xE5,
    0x04, 0x90, 0x8D, 0xE5, 0x84, 0x00, 0x8B, 0xE5, 0x80, 0x80, 0x8B, 0xE5, 0x00, 0x00, 0x96, 0xE5,
    0x88, 0x70, 0x8B, 0xE5, 0x8C, 0x50, 0x8B, 0xE5, 0x90, 0x40, 0x8B, 0xE5, 0x90, 0x07, 0x00, 0xEB,
    0x02, 0x20, 0xA0, 0xE3, 0x04, 0x20, 0x8D, 0xE5, 0x2C, 0x28, 0x9F, 0xE5, 0x00, 0x00, 0x96, 0xE5,
    0x84, 0x20, 0x8B, 0xE5, 0x80, 0x80, 0x8B, 0xE5, 0x88, 0x70, 0x8B, 0xE5, 0x8C, 0x50, 0x8B, 0xE5,
    0x90, 0x40, 0x8B, 0xE5, 0x86, 0x07, 0x00, 0xEB, 0x10, 0x28, 0x9F, 0xE5, 0x00, 0x00, 0x96, 0xE5,
    0x04, 0x20, 0x8D, 0xE5, 0x08, 0x28, 0x9F, 0xE5, 0x80, 0x80, 0x8B, 0xE5, 0x84, 0x20, 0x8B, 0xE5,
    0x88, 0x70, 0x8B, 0xE5, 0x8C, 0x50, 0x8B, 0xE5, 0x90, 0x40, 0x8B, 0xE5, 0x7C, 0x07, 0x00, 0xEB,
    0x00, 0x30, 0xA0, 0xE3, 0xEC, 0x27, 0x9F, 0xE5, 0x04, 0x30, 0x8D, 0xE5, 0x00, 0x00, 0x96, 0xE5,
    0x84, 0x20, 0x8B, 0xE5, 0x80, 0x80, 0x8B, 0xE5, 0x88, 0x70, 0x8B, 0xE5, 0x8C, 0x50, 0x8B, 0xE5,
    0x90, 0x40, 0x8B, 0xE5, 0x72, 0x07, 0x00, 0xEB, 0x00, 0x30, 0xA0, 0xE3, 0xC8, 0x27, 0x9F, 0xE5,
    0x04, 0x30, 0x8D, 0xE5, 0x00, 0x00, 0x96, 0xE5, 0x84, 0x20, 0x8B, 0xE5, 0x80, 0x80, 0x8B, 0xE5,
    0x88, 0x70, 0x8B, 0xE5, 0x8C, 0x50, 0x8B, 0xE5, 0x90, 0x40, 0x8B, 0xE5, 0x68, 0x07, 0x00, 0xEB,
    0xA8, 0x27, 0x9F, 0xE5, 0x00, 0x00, 0x96, 0xE5, 0x04, 0x20, 0x8D, 0xE5, 0xA0, 0x27, 0x9F, 0xE5,
    0x80, 0x80, 0x8B, 0xE5, 0x84, 0x20, 0x8B, 0xE5, 0x88, 0x70, 0x8B, 0xE5, 0x8C, 0x50, 0x8B, 0xE5,
    0x90, 0x40, 0x8B, 0xE5, 0x5E, 0x07, 0x00, 0xEB, 0x88, 0x27, 0x9F, 0xE5, 0x88, 0x07, 0x9F, 0xE5,
    0x04, 0x20, 0x8D, 0xE5, 0x84, 0x00, 0x8B, 0xE5, 0x80, 0x80, 0x8B, 0xE5, 0x00, 0x00, 0x96, 0xE5,
    0x88, 0x70, 0x8B, 0xE5, 0x8C, 0x50, 0x8B, 0xE5, 0x90, 0x40, 0x8B, 0xE5, 0x54, 0x07, 0x00, 0xEB,
    0x68, 0x07, 0x9F, 0xE5, 0x04, 0x00, 0x8D, 0xE5, 0x64, 0x07, 0x9F, 0xE5, 0x80, 0x80, 0x8B, 0xE5,
    0x84, 0x00, 0x8B, 0xE5, 0x88, 0x70, 0x8B, 0xE5, 0x00, 0x00, 0x96, 0xE5, 0x8C, 0x50, 0x8B, 0xE5,
    0x90, 0x40, 0x8B, 0xE5, 0x4A, 0x07, 0x00, 0xEB, 0x48, 0x07, 0x9F, 0xE5, 0x04, 0x00, 0x8D, 0xE5,
    0x44, 0x07, 0x9F, 0xE5, 0x80, 0x80, 0x8B, 0xE5, 0x84, 0x00, 0x8B, 0xE5, 0x88, 0x70, 0x8B, 0xE5,
    0x00, 0x00, 0x96, 0xE5, 0x8C, 0x50, 0x8B, 0xE5, 0x90, 0x40, 0x8B, 0xE5, 0x40, 0x07, 0x00, 0xEB,
    0x00, 0x30, 0xA0, 0xE3, 0x24, 0x07, 0x9F, 0xE5, 0x04, 0x30, 0x8D, 0xE5, 0x84, 0x00, 0x8B, 0xE5,
    0x80, 0x80, 0x8B, 0xE5, 0x00, 0x00, 0x96, 0xE5, 0x88, 0x70, 0x8B, 0xE5, 0x8C, 0x50, 0x8B, 0xE5,
    0x90, 0x40, 0x8B, 0xE5, 0x36, 0x07, 0x00, 0xEB, 0x7C, 0x16, 0x9F, 0xE5, 0x00, 0x00, 0x96, 0xE5,
    0x04, 0x10, 0x8D, 0xE5, 0xF8, 0x16, 0x9F, 0xE5, 0x80, 0x80, 0x8B, 0xE5, 0x84, 0x10, 0x8B, 0xE5,
    0x88, 0x70, 0x8B, 0xE5, 0x8C, 0x50, 0x8B, 0xE5, 0x90, 0x40, 0x8B, 0xE5, 0x2C, 0x07, 0x00, 0xEB,
    0xD1, 0x20, 0xA0, 0xE3, 0xDC, 0x16, 0x9F, 0xE5, 0x04, 0x20, 0x8D, 0xE5, 0x00, 0x00, 0x96, 0xE5,
    0x84, 0x10, 0x8B, 0xE5, 0x80, 0x80, 0x8B, 0xE5, 0x88, 0x70, 0x8B, 0xE5, 0x8C, 0x50, 0x8B, 0xE5,
    0x90, 0x40, 0x8B, 0xE5, 0x22, 0x07, 0x00, 0xEB, 0xBC, 0x16, 0x9F, 0xE5, 0x38, 0x06, 0x9F, 0xE5,
    0x04, 0x00, 0x8D, 0xE5, 0x84, 0x10, 0x8B, 0xE5, 0x00, 0x00, 0x96, 0xE5, 0x80, 0x80, 0x8B, 0xE5,
    0x88, 0x70, 0x8B, 0xE5, 0x8C, 0x50, 0x8B, 0xE5, 0x90, 0x40, 0x8B, 0xE5, 0x18, 0x07, 0x00, 0xEB,
    0x98, 0x16, 0x9F, 0xE5, 0x10, 0x06, 0x9F, 0xE5, 0x04, 0x00, 0x8D, 0xE5, 0x84, 0x10, 0x8B, 0xE5,
    0x00, 0x00, 0x96, 0xE5, 0x80, 0x80, 0x8B, 0xE5, 0x88, 0x70, 0x8B, 0xE5, 0x8C, 0x50, 0x8B, 0xE5,
    0x90, 0x40, 0x8B, 0xE5, 0x0E, 0x07, 0x00, 0xEB, 0xCD, 0x10, 0xA0, 0xE3, 0x04, 0x10, 0x8D, 0xE5,
    0x6C, 0x16, 0x9F, 0xE5, 0x00, 0x00, 0x96, 0xE5, 0x84, 0x10, 0x8B, 0xE5, 0x80, 0x80, 0x8B, 0xE5,
    0x88, 0x70, 0x8B, 0xE5, 0x8C, 0x50, 0x8B, 0xE5, 0x90, 0x40, 0x8B, 0xE5, 0x04, 0x07, 0x00, 0xEB,
    0xCF, 0xC0, 0xA0, 0xE3, 0x4C, 0x16, 0x9F, 0xE5, 0x04, 0xC0, 0x8D, 0xE5, 0x00, 0x00, 0x96, 0xE5,
    0x84, 0x10, 0x8B, 0xE5, 0x80, 0x80, 0x8B, 0xE5, 0x88, 0x70, 0x8B, 0xE5, 0x8C, 0x50, 0x8B, 0xE5,
    0x90, 0x40, 0x8B, 0xE5, 0xFA, 0x06, 0x00, 0xEB, 0xD1, 0x20, 0xA0, 0xE3, 0x28, 0x16, 0x9F, 0xE5,
    0x04, 0x20, 0x8D, 0xE5, 0x00, 0x00, 0x96, 0xE5, 0x84, 0x10, 0x8B, 0xE5, 0x80, 0x80, 0x8B, 0xE5,
    0x88, 0x70, 0x8B, 0xE5, 0x8C, 0x50, 0x8B, 0xE5, 0x90, 0x40, 0x8B, 0xE5, 0xF0, 0x06, 0x00, 0xEB,
    0x88, 0xE5, 0x9F, 0xE5, 0x04, 0x16, 0x9F, 0xE5, 0x04, 0xE0, 0x8D, 0xE5, 0x00, 0x00, 0x96, 0xE5,
    0x84, 0x10, 0x8B, 0xE5, 0x80, 0x80, 0x8B, 0xE5, 0x88, 0x70, 0x8B, 0xE5, 0x8C, 0x50, 0x8B, 0xE5,
    0x90, 0x40, 0x8B, 0xE5, 0xE6, 0x06, 0x00, 0xEB, 0x01, 0x28, 0xA0, 0xE3, 0xE0, 0x15, 0x9F, 0xE5,
    0x04, 0x20, 0x8D, 0xE5, 0x00, 0x00, 0x96, 0xE5, 0x84, 0x10, 0x8B, 0xE5, 0x80, 0x80, 0x8B, 0xE5,
    0x88, 0x70, 0x8B, 0xE5, 0x8C, 0x50, 0x8B, 0xE5, 0x90, 0x40, 0x8B, 0xE5, 0xDC, 0x06, 0x00, 0xEB,
    0x44, 0x35, 0x9F, 0xE5, 0xBC, 0x15, 0x9F, 0xE5, 0x04, 0x30, 0x8D, 0xE5, 0x00, 0x00, 0x96, 0xE5,
    0x84, 0x10, 0x8B, 0xE5, 0x80, 0x80, 0x8B, 0xE5, 0x88, 0x70, 0x8B, 0xE5, 0x8C, 0x50, 0x8B, 0xE5,
    0x90, 0x40, 0x8B, 0xE5, 0xD2, 0x06, 0x00, 0xEB, 0x52, 0x30, 0xA0, 0xE3, 0x98, 0x15, 0x9F, 0xE5,
    0x04, 0x30, 0x8D, 0xE5, 0x00, 0x00, 0x96, 0xE5, 0x84, 0x10, 0x8B, 0xE5, 0x80, 0x80, 0x8B, 0xE5,
    0x88, 0x70, 0x8B, 0xE5, 0x8C, 0x50, 0x8B, 0xE5, 0x90, 0x40, 0x8B, 0xE5, 0xC8, 0x06, 0x00, 0xEB,
    0x78, 0x15, 0x9F, 0xE5, 0x04, 0xA0, 0x8D, 0xE5, 0x00, 0x00, 0x96, 0xE5, 0x84, 0x10, 0x8B, 0xE5,
    0x80, 0x80, 0x8B, 0xE5, 0x88, 0x70, 0x8B, 0xE5, 0x8C, 0x50, 0x8B, 0xE5, 0x90, 0x40, 0x8B, 0xE5,
    0xBF, 0x06, 0x00, 0xEB, 0x58, 0x15, 0x9F, 0xE5, 0x04, 0xA0, 0x8D, 0xE5, 0x00, 0x00, 0x96, 0xE5,
    0x84, 0x10, 0x8B, 0xE5, 0x80, 0x80, 0x8B, 0xE5, 0x88, 0x70, 0x8B, 0xE5, 0x8C, 0x50, 0x8B, 0xE5,
    0x90, 0x40, 0x8B, 0xE5, 0xB6, 0x06, 0x00, 0xEB, 0x4F, 0x10, 0xA0, 0xE3, 0x04, 0x10, 0x8D, 0xE5,
    0x30, 0x15, 0x9F, 0xE5, 0x00, 0x00, 0x96, 0xE5, 0x84, 0x10, 0x8B, 0xE5, 0x80, 0x80, 0x8B, 0xE5,
    0x88, 0x70, 0x8B, 0xE5, 0x8C, 0x50, 0x8B, 0xE5, 0x90, 0x40, 0x8B, 0xE5, 0xAC, 0x06, 0x00, 0xEB,
    0x50, 0x10, 0xA0, 0xE3, 0x04, 0x10, 0x8D, 0xE5, 0x0C, 0x15, 0x9F, 0xE5, 0x00, 0x00, 0x96, 0xE5,
    0x84, 0x10, 0x8B, 0xE5, 0x80, 0x80, 0x8B, 0xE5, 0x88, 0x70, 0x8B, 0xE5, 0x8C, 0x50, 0x8B, 0xE5,
    0x90, 0x40, 0x8B, 0xE5, 0xA2, 0x06, 0x00, 0xEB, 0x52, 0x30, 0xA0, 0xE3, 0x00, 0xA0, 0xA0, 0xE3,
    0xE8, 0x14, 0x9F, 0xE5, 0x04, 0x30, 0x8D, 0xE5, 0x00, 0x00, 0x96, 0xE5, 0x84, 0x10, 0x8B, 0xE5,
    0x80, 0x80, 0x8B, 0xE5, 0x88, 0x70, 0x8B, 0xE5, 0x8C, 0x50, 0x8B, 0xE5, 0x90, 0x40, 0x8B, 0xE5,
    0x97, 0x06, 0x00, 0xEB, 0xC8, 0x14, 0x9F, 0xE5, 0x00, 0x00, 0x96, 0xE5, 0x04, 0x10, 0x8D, 0xE5,
    0xC0, 0x14, 0x9F, 0xE5, 0x80, 0x80, 0x8B, 0xE5, 0x84, 0x10, 0x8B, 0xE5, 0x88, 0x70, 0x8B, 0xE5,
    0x8C, 0x50, 0x8B, 0xE5, 0x90, 0x40, 0x8B, 0xE5, 0x8D, 0x06, 0x00, 0xEB, 0xA8, 0x14, 0x9F, 0xE5,
    0x04, 0xA0, 0x8D, 0xE5, 0x00, 0x00, 0x96, 0xE5, 0x84, 0x10, 0x8B, 0xE5, 0x80, 0x80, 0x8B, 0xE5,
    0x88, 0x70, 0x8B, 0xE5, 0x8C, 0x50, 0x8B, 0xE5, 0x90, 0x40, 0x8B, 0xE5, 0x84, 0x06, 0x00, 0xEB,
    0x11, 0x10, 0xA0, 0xE3, 0x04, 0x10, 0x8D, 0xE5, 0x80, 0x14, 0x9F, 0xE5, 0x00, 0x00, 0x96, 0xE5,
    0x84, 0x10, 0x8B, 0xE5, 0x80, 0x80, 0x8B, 0xE5, 0x88, 0x70, 0x8B, 0xE5, 0x8C, 0x50, 0x8B, 0xE5,
    0x90, 0x40, 0x8B, 0xE5, 0x7A, 0x06, 0x00, 0xEB, 0x64, 0x14, 0x9F, 0xE5, 0x00, 0x00, 0x96, 0xE5,
    0x04, 0x10, 0x8D, 0xE5, 0x5C, 0x14, 0x9F, 0xE5, 0x80, 0x80, 0x8B, 0xE5, 0x84, 0x10, 0x8B, 0xE5,
    0x88, 0x70, 0x8B, 0xE5, 0x8C, 0x50, 0x8B, 0xE5, 0x90, 0x40, 0x8B, 0xE5, 0x70, 0x06, 0x00, 0xEB,
    0xD0, 0x23, 0x9F, 0xE5, 0x00, 0x00, 0x96, 0xE5, 0x04, 0x20, 0x8D, 0xE5, 0x38, 0x24, 0x9F, 0xE5,
    0x80, 0x80, 0x8B, 0xE5, 0x84, 0x20, 0x8B, 0xE5, 0x88, 0x70, 0x8B, 0xE5, 0x8C, 0x50, 0x8B, 0xE5,
    0x90, 0x40, 0x8B, 0xE5, 0x66, 0x06, 0x00, 0xEB, 0x20, 0x24, 0x9F, 0xE5, 0x00, 0x00, 0x96, 0xE5,
    0x04, 0x20, 0x8D, 0xE5, 0x18, 0x24, 0x9F, 0xE5, 0x80, 0x80, 0x8B, 0xE5, 0x84, 0x20, 0x8B, 0xE5,
    0x88, 0x70, 0x8B, 0xE5, 0x8C, 0x50, 0x8B, 0xE5, 0x90, 0x40, 0x8B, 0xE5, 0x5C, 0x06, 0x00, 0xEB,
    0x00, 0x24, 0x9F, 0xE5, 0x00, 0x00, 0x96, 0xE5, 0x04, 0x20, 0x8D, 0xE5, 0xF8, 0x23, 0x9F, 0xE5,
    0x80, 0x80, 0x8B, 0xE5, 0x84, 0x20, 0x8B, 0xE5, 0x88, 0x70, 0x8B, 0xE5, 0x8C, 0x50, 0x8B, 0xE5,
    0x90, 0x40, 0x8B, 0xE5, 0x52, 0x06, 0x00, 0xEB, 0xE0, 0x23, 0x9F, 0xE5, 0x04, 0xA0, 0x8D, 0xE5,
    0x00, 0x00, 0x96, 0xE5, 0x84, 0x20, 0x8B, 0xE5, 0x80, 0x80, 0x8B, 0xE5, 0x88, 0x70, 0x8B, 0xE5,
    0x8C, 0x50, 0x8B, 0xE5, 0x90, 0x40, 0x8B, 0xE5, 0x49, 0x06, 0x00, 0xEB, 0xC0, 0xA3, 0x9F, 0xE5,
    0xC0, 0x23, 0x9F, 0xE5, 0x04, 0xA0, 0x8D, 0xE5, 0x00, 0x00, 0x96, 0xE5, 0x84, 0x20, 0x8B, 0xE5,
    0x80, 0x80, 0x8B, 0xE5, 0x88, 0x70, 0x8B, 0xE5, 0x8C, 0x50, 0x8B, 0xE5, 0x90, 0x40, 0x8B, 0xE5,
    0x3F, 0x06, 0x00, 0xEB, 0xA0, 0x23, 0x9F, 0xE5, 0x04, 0xA0, 0x8D, 0xE5, 0x00, 0x00, 0x96, 0xE5,
    0x84, 0x20, 0x8B, 0xE5, 0x80, 0x80, 0x8B, 0xE5, 0x88, 0x70, 0x8B, 0xE5, 0x8C, 0x50, 0x8B, 0xE5,
    0x90, 0x40, 0x8B, 0xE5, 0x36, 0x06, 0x00, 0xEB, 0x80, 0x23, 0x9F, 0xE5, 0x04, 0xA0, 0x8D, 0xE5,
    0x00, 0x00, 0x96, 0xE5, 0x84, 0x20, 0x8B, 0xE5, 0x80, 0x80, 0x8B, 0xE5, 0x88, 0x70, 0x8B, 0xE5,
    0x8C, 0x50, 0x8B, 0xE5, 0x90, 0x40, 0x8B, 0xE5, 0x2D, 0x06, 0x00, 0xEB, 0x60, 0x23, 0x9F, 0xE5,
    0x04, 0xA0, 0x8D, 0xE5, 0x00, 0x00, 0x96, 0xE5, 0x84, 0x20, 0x8B, 0xE5, 0x80, 0x80, 0x8B, 0xE5,
    0x88, 0x70, 0x8B, 0xE5, 0x8C, 0x50, 0x8B, 0xE5, 0x90, 0x40, 0x8B, 0xE5, 0x24, 0x06, 0x00, 0xEB,
    0x40, 0x23, 0x9F, 0xE5, 0x04, 0xA0, 0x8D, 0xE5, 0x00, 0x00, 0x96, 0xE5, 0x84, 0x20, 0x8B, 0xE5,
    0x80, 0x80, 0x8B, 0xE5, 0x88, 0x70, 0x8B, 0xE5, 0x8C, 0x50, 0x8B, 0xE5, 0x90, 0x40, 0x8B, 0xE5,
    0x1B, 0x06, 0x00, 0xEB, 0x20, 0x23, 0x9F, 0xE5, 0x04, 0xA0, 0x8D, 0xE5, 0x00, 0x00, 0x96, 0xE5,
    0x84, 0x20, 0x8B, 0xE5, 0x80, 0x80, 0x8B, 0xE5, 0x88, 0x70, 0x8B, 0xE5, 0x8C, 0x50, 0x8B, 0xE5,
    0x90, 0x40, 0x8B, 0xE5, 0x12, 0x06, 0x00, 0xEB, 0x00, 0x23, 0x9F, 0xE5, 0x04, 0x90, 0x8D, 0xE5,
    0x00, 0x00, 0x96, 0xE5, 0x84, 0x20, 0x8B, 0xE5, 0x80, 0x80, 0x8B, 0xE5, 0x88, 0x70, 0x8B, 0xE5,
    0x8C, 0x50, 0x8B, 0xE5, 0x90, 0x40, 0x8B, 0xE5, 0x09, 0x06, 0x00, 0xEB, 0xE0, 0x22, 0x9F, 0xE5,
    0x04, 0x90, 0x8D, 0xE5, 0x00, 0x00, 0x96, 0xE5, 0x84, 0x20, 0x8B, 0xE5, 0x80, 0x80, 0x8B, 0xE5,
    0x88, 0x70, 0x8B, 0xE5, 0x8C, 0x50, 0x8B, 0xE5, 0x90, 0x40, 0x8B, 0xE5, 0x00, 0x06, 0x00, 0xEB,
    0x00, 0x00, 0xA0, 0xE3, 0xFF, 0x1C, 0xA0, 0xE3, 0xB8, 0x92, 0x9F, 0xE5, 0xF0, 0x00, 0xCD, 0xE1,
    0xB4, 0x12, 0x9F, 0xE5, 0xB4, 0x02, 0x9F, 0xE5, 0x94, 0x90, 0x8B, 0xE5, 0xF0, 0x08, 0xCB, 0xE1,
    0x88, 0x70, 0x8B, 0xE5, 0x00, 0x00, 0x96, 0xE5, 0x8C, 0x50, 0x8B, 0xE5, 0x98, 0x40, 0x8B, 0xE5,
    0x90, 0xD0, 0x8B, 0xE5, 0xF2, 0x05, 0x00, 0xEB, 0x94, 0x22, 0x9F, 0xE5, 0x00, 0x00, 0x96, 0xE5,
    0x04, 0x20, 0x8D, 0xE5, 0x8C, 0x22, 0x9F, 0xE5, 0x80, 0x80, 0x8B, 0xE5, 0x84, 0x20, 0x8B, 0xE5,
    0x88, 0x70, 0x8B, 0xE5, 0x8C, 0x50, 0x8B, 0xE5, 0x90, 0x40, 0x8B, 0xE5, 0xE8, 0x05, 0x00, 0xEB,
    0xFF, 0x20, 0xA0, 0xE3, 0x00, 0x30, 0xA0, 0xE3, 0x04, 0x20, 0x8D, 0xE5, 0x68, 0x12, 0x9F, 0xE5,
    0x58, 0x22, 0x9F, 0xE5, 0x00, 0x30, 0x8D, 0xE5, 0x00, 0x00, 0x96, 0xE5, 0x84, 0x10, 0x8B, 0xE5,
    0x80, 0x20, 0x8B, 0xE5, 0x94, 0x90, 0x8B, 0xE5, 0x88, 0x70, 0x8B, 0xE5, 0x8C, 0x50, 0x8B, 0xE5,
    0x90, 0xD0, 0x8B, 0xE5, 0x98, 0x40, 0x8B, 0xE5, 0xD9, 0x05, 0x00, 0xEB, 0xFF, 0x30, 0xA0, 0xE3,
    0x00, 0x20, 0xA0, 0xE3, 0xF0, 0x20, 0xCD, 0xE1, 0x20, 0x22, 0x9F, 0xE5, 0x94, 0x90, 0x8B, 0xE5,
    0x80, 0x20, 0x8B, 0xE5, 0x24, 0x22, 0x9F, 0xE5, 0x00, 0x00, 0x96, 0xE5, 0x84, 0x20, 0x8B, 0xE5,
    0x88, 0x70, 0x8B, 0xE5, 0x8C, 0x50, 0x8B, 0xE5, 0x90, 0xD0, 0x8B, 0xE5, 0x98, 0x40, 0x8B, 0xE5,
    0xCB, 0x05, 0x00, 0xEB, 0x08, 0x22, 0x9F, 0xE5, 0x00, 0x00, 0x96, 0xE5, 0x04, 0x20, 0x8D, 0xE5,
    0x00, 0x22, 0x9F, 0xE5, 0x80, 0x80, 0x8B, 0xE5, 0x84, 0x20, 0x8B, 0xE5, 0x88, 0x70, 0x8B, 0xE5,
    0x8C, 0x50, 0x8B, 0xE5, 0x90, 0x40, 0x8B, 0xE5, 0xC1, 0x05, 0x00, 0xEB, 0xE8, 0x11, 0x9F, 0xE5,
    0xE8, 0x01, 0x9F, 0xE5, 0xC4, 0x21, 0x9F, 0xE5, 0xF0, 0x00, 0xCD, 0xE1, 0x80, 0x20, 0x8B, 0xE5,
    0xDC, 0x21, 0x9F, 0xE5, 0x94, 0x90, 0x8B, 0xE5, 0x84, 0x20, 0x8B, 0xE5, 0x00, 0x00, 0x96, 0xE5,
    0x90, 0xD0, 0x8B, 0xE5, 0x88, 0x70, 0x8B, 0xE5, 0x8C, 0x50, 0x8B, 0xE5, 0x98, 0x40, 0x8B, 0xE5,
    0xB3, 0x05, 0x00, 0xEB, 0xBC, 0x21, 0x9F, 0xE5, 0xFF, 0x90, 0x89, 0xE2, 0x04, 0x90, 0x8D, 0xE5,
    0x00, 0x00, 0x96, 0xE5, 0x84, 0x20, 0x8B, 0xE5, 0x80, 0x80, 0x8B, 0xE5, 0x88, 0x70, 0x8B, 0xE5,
    0x8C, 0x50, 0x8B, 0xE5, 0x90, 0x40, 0x8B, 0xE5, 0xA9, 0x05, 0x00, 0xEB, 0x98, 0x21, 0x9F, 0xE5,
    0x04, 0x90, 0x8D, 0xE5, 0x00, 0x00, 0x96, 0xE5, 0x80, 0x80, 0x8B, 0xE5, 0x88, 0x70, 0x8B, 0xE5,
    0x8C, 0x50, 0x8B, 0xE5, 0x90, 0x40, 0x8B, 0xE5, 0x84, 0x20, 0x8B, 0xE5, 0xA0, 0x05, 0x00, 0xEB,
    0x0C, 0xD0, 0x8D, 0xE2, 0xF0, 0x8F, 0xBD, 0xE8, 0x02, 0x00, 0x01, 0x00, 0xB4, 0xD2, 0x11, 0x00,
    0x82, 0x00, 0x01, 0x00, 0x00, 0x10, 0x40, 0x00, 0x78, 0x56, 0x34, 0x12, 0x80, 0x10, 0x40, 0x00,
    0xC0, 0x10, 0x40, 0x00, 0xD0, 0x10, 0x40, 0x00, 0x14, 0x19, 0x40, 0x00, 0xC2, 0x01, 0x00, 0x00,
    0x00, 0x04, 0x40, 0x00, 0x04, 0x04, 0x40, 0x00, 0x08, 0x04, 0x40, 0x00, 0xC1, 0x01, 0x00, 0x00,
    0x0C, 0x04, 0x40, 0x00, 0x10, 0x04, 0x40, 0x00, 0x14, 0x04, 0x40, 0x00, 0x18, 0x04, 0x40, 0x00,
    0xC1, 0x01, 0xC5, 0x01, 0x1C, 0x04, 0x40, 0x00, 0x20, 0x04, 0x40, 0x00, 0x9D, 0x01, 0x00, 0x00,
    0x24, 0x04, 0x40, 0x00, 0x28, 0x04, 0x40, 0x00, 0x92, 0x01, 0x00, 0x00, 0x2C, 0x04, 0x40, 0x00,
    0x30, 0x04, 0x40, 0x00, 0x34, 0x04, 0x40, 0x00, 0x38, 0x04, 0x40, 0x00, 0x3C, 0x04, 0x40, 0x00,
    0x92, 0x01, 0x96, 0x01, 0x40, 0x04, 0x40, 0x00, 0x44, 0x04, 0x40, 0x00, 0x48, 0x04, 0x40, 0x00,
    0xF0, 0x00, 0x90, 0x01, 0x5C, 0x04, 0x40, 0x00, 0xD1, 0x00, 0xC1, 0x01, 0x60, 0x04, 0x40, 0x00,
    0x02, 0x00, 0x92, 0x01, 0x64, 0x04, 0x40, 0x00, 0x40, 0x03, 0x08, 0x00, 0x70, 0x04, 0x40, 0x00,
    0x9C, 0x04, 0x40, 0x00, 0x00, 0x05, 0x40, 0x00, 0x04, 0x05, 0x40, 0x00, 0x08, 0x05, 0x40, 0x00,
    0x0C, 0x05, 0x40, 0x00, 0x10, 0x05, 0x40, 0x00, 0x14, 0x05, 0x40, 0x00, 0x18, 0x05, 0x40, 0x00,
    0x1C, 0x05, 0x40, 0x00, 0x20, 0x05, 0x40, 0x00, 0x24, 0x05, 0x40, 0x00, 0x28, 0x05, 0x40, 0x00,
    0x2C, 0x05, 0x40, 0x00, 0x30, 0x05, 0x40, 0x00, 0x34, 0x05, 0x40, 0x00, 0x38, 0x05, 0x40, 0x00,
    0x3C, 0x05, 0x40, 0x00, 0x94, 0x01, 0x98, 0x01, 0x40, 0x05, 0x40, 0x00, 0x44, 0x05, 0x40, 0x00,
    0x48, 0x05, 0x40, 0x00, 0xF0, 0x00, 0x40, 0x01, 0x5C, 0x05, 0x40, 0x00, 0x60, 0x05, 0x40, 0x00,
    0x52, 0x00, 0x92, 0x01, 0x64, 0x05, 0x40, 0x00, 0x00, 0x03, 0x08, 0x00, 0x70, 0x05, 0x40, 0x00,
    0x9C, 0x05, 0x40, 0x00, 0x00, 0x00, 0x30, 0x18, 0x68, 0x04, 0x40, 0x00, 0x6C, 0x04, 0x40, 0x00,
    0x68, 0x05, 0x40, 0x00, 0x6C, 0x05, 0x40, 0x00, 0x94, 0x04, 0x40, 0x00, 0x98, 0x04, 0x40, 0x00,
    0x78, 0x04, 0x40, 0x00, 0x78, 0x05, 0x40, 0x00, 0x02, 0x04, 0x01, 0x00, 0x18, 0x0C, 0x40, 0x00,
    0x84, 0x00, 0x02, 0x00, 0x00, 0x01, 0x07, 0x00, 0x04, 0x00, 0x40, 0x00, 0x1C, 0x00, 0x40, 0x00,
    0x2C, 0x00, 0x40, 0x00, 0x00, 0x12, 0x22, 0x22, 0x50, 0x00, 0x40, 0x00, 0xFF, 0xFF, 0x00, 0x00,
    0xF2, 0x0F, 0x00, 0x00, 0x54, 0x00, 0x40, 0x00, 0x74, 0x04, 0x40, 0x00, 0x74, 0x05, 0x40, 0x00,
    0xF0, 0x41, 0x2D, 0xE9, 0x08, 0xD0, 0x4D, 0xE2, 0xBA, 0x0F, 0x07, 0xEE, 0x30, 0x62, 0x9F, 0xE5,
    0x9F, 0x3F, 0x96, 0xE1, 0x01, 0x20, 0x83, 0xE2, 0x92, 0x1F, 0x86, 0xE1, 0x00, 0x00, 0x51, 0xE3,
    0xFA, 0xFF, 0xFF, 0x1A, 0x00, 0x00, 0x53, 0xE3, 0xBA, 0x0F, 0x07, 0xEE, 0x62, 0x00, 0x00, 0x1A,
    0x10, 0x42, 0x9F, 0xE5, 0x38, 0x50, 0x84, 0xE2, 0x04, 0x00, 0xA0, 0xE1, 0x01, 0x10, 0xA0, 0xE3,
    0x08, 0x40, 0x84, 0xE2, 0x0B, 0x09, 0x00, 0xEB, 0x04, 0x00, 0x55, 0xE1, 0xF9, 0xFF, 0xFF, 0x1A,
    0xF4, 0x71, 0x9F, 0xE5, 0xF4, 0x11, 0x9F, 0xE5, 0x07, 0x00, 0xA0, 0xE1, 0x48, 0x08, 0x00, 0xEB,
    0x00, 0x40, 0x50, 0xE2, 0x5E, 0x00, 0x00, 0xBA, 0xE4, 0x81, 0x9F, 0xE5, 0x00, 0x30, 0xD8, 0xE5,
    0x00, 0x00, 0x53, 0xE3, 0x0F, 0x00, 0x00, 0x1A, 0x70, 0x5F, 0x1D, 0xEE, 0x84, 0x30, 0x85, 0xE5,
    0x88, 0x30, 0x85, 0xE5, 0xCC, 0x31, 0x9F, 0xE5, 0x00, 0x00, 0x97, 0xE5, 0x8C, 0x30, 0x85, 0xE5,
    0xC4, 0x31, 0x9F, 0xE5, 0x80, 0x30, 0x85, 0xE5, 0x19, 0x05, 0x00, 0xEB, 0x00, 0x40, 0x50, 0xE2,
    0x4D, 0x00, 0x00, 0xBA, 0x84, 0x40, 0x95, 0xE5, 0x00, 0x00, 0x54, 0xE3, 0x4A, 0x00, 0x00, 0xBA,
    0x01, 0x30, 0xA0, 0xE3, 0x00, 0x30, 0xC8, 0xE5, 0xA0, 0x41, 0x9F, 0xE5, 0x00, 0x10, 0xA0, 0xE3,
    0x70, 0x5F, 0x1D, 0xEE, 0x04, 0x00, 0xA0, 0xE1, 0xE1, 0x04, 0x00, 0xEB, 0x01, 0x30, 0xA0, 0xE3,
    0x84, 0x30, 0x85, 0xE5, 0x00, 0x30, 0x94, 0xE5, 0x00, 0x00, 0x97, 0xE5, 0x8C, 0x30, 0x85, 0xE5,
    0x00, 0x30, 0xA0, 0xE3, 0x88, 0x30, 0x85, 0xE5, 0x74, 0x31, 0x9F, 0xE5, 0x80, 0x30, 0x85, 0xE5,
    0x03, 0x05, 0x00, 0xEB, 0x00, 0x40, 0x50, 0xE2, 0x33, 0x00, 0x00, 0xBA, 0x88, 0x30, 0x95, 0xE5,
    0x60, 0x21, 0x9F, 0xE5, 0x84, 0x40, 0x95, 0xE5, 0x00, 0x30, 0xC2, 0xE5, 0x90, 0x30, 0x95, 0xE5,
    0x54, 0x51, 0x9F, 0xE5, 0x00, 0x00, 0x54, 0xE3, 0x00, 0x30, 0x85, 0xE5, 0x2A, 0x00, 0x00, 0xBA,
    0x48, 0x31, 0x9F, 0xE5, 0x03, 0x00, 0x54, 0xE1, 0x37, 0x00, 0x00, 0x0A, 0x01, 0x0A, 0xA0, 0xE3,
    0x6D, 0x0A, 0x00, 0xEB, 0x00, 0x10, 0xA0, 0xE1, 0x34, 0x41, 0x9F, 0xE5, 0x01, 0x32, 0xA0, 0xE3,
    0x03, 0x20, 0xA0, 0xE3, 0x00, 0x00, 0x95, 0xE5, 0x00, 0x10, 0x84, 0xE5, 0xC9, 0x04, 0x00, 0xEB,
    0x02, 0x1B, 0xA0, 0xE3, 0x00, 0x20, 0xA0, 0xE3, 0x08, 0x31, 0x9F, 0xE5, 0x00, 0x00, 0xD3, 0xE5,
    0x00, 0x30, 0x94, 0xE5, 0x80, 0x14, 0x81, 0xE0, 0x01, 0x30, 0x83, 0xE0, 0x9F, 0x1F, 0x93, 0xE1,
    0x92, 0x1F, 0x83, 0xE1, 0x71, 0x10, 0xEF, 0xE6, 0x00, 0x00, 0x51, 0xE3, 0xFA, 0xFF, 0xFF, 0x1A,
    0x01, 0x00, 0xA0, 0xE3, 0x01, 0xE0, 0xE0, 0xE3, 0x00, 0x20, 0xE0, 0xE3, 0xE4, 0xC0, 0x9F, 0xE5,
    0xE4, 0x30, 0x9F, 0xE5, 0x00, 0xE0, 0x8D, 0xE5, 0x00, 0x20, 0x83, 0xE5, 0x04, 0x00, 0x8D, 0xE5,
    0x1A, 0x30, 0xA0, 0xE3, 0x00, 0x00, 0xCC, 0xE5, 0x01, 0x2A, 0xA0, 0xE3, 0xCC, 0x00, 0x9F, 0xE5,
    0x65, 0x09, 0x00, 0xEB, 0xC8, 0x30, 0x9F, 0xE5, 0x00, 0x00, 0x83, 0xE5, 0x00, 0x40, 0xA0, 0xE3,
    0x04, 0x00, 0xA0, 0xE1, 0x08, 0xD0, 0x8D, 0xE2, 0xF0, 0x81, 0xBD, 0xE8, 0x80, 0x80, 0x9F, 0xE5,
    0x00, 0x30, 0xD8, 0xE5, 0x00, 0x00, 0x53, 0xE3, 0x0D, 0x00, 0x00, 0x1A, 0x00, 0x00, 0x97, 0xE5,
    0xAF, 0x04, 0x00, 0xEB, 0xBA, 0x0F, 0x07, 0xEE, 0x9F, 0x3F, 0x96, 0xE1, 0x01, 0x30, 0x43, 0xE2,
    0x93, 0x2F, 0x86, 0xE1, 0x00, 0x00, 0x52, 0xE3, 0xFA, 0xFF, 0xFF, 0x1A, 0x04, 0x00, 0xA0, 0xE1,
    0xBA, 0x0F, 0x07, 0xEE, 0x08, 0xD0, 0x8D, 0xE2, 0xF0, 0x81, 0xBD, 0xE8, 0x5F, 0xFC, 0xFF, 0xEB,
    0xC5, 0xFF, 0xFF, 0xEA, 0x17, 0x38, 0xA0, 0xE3, 0x70, 0x5F, 0x1D, 0xEE, 0x00, 0x00, 0x97, 0xE5,
    0x80, 0x30, 0x85, 0xE5, 0xB6, 0x04, 0x00, 0xEB, 0x00, 0x00, 0x50, 0xE3, 0xEA, 0xFF, 0xFF, 0xBA,
    0x84, 0x30, 0x95, 0xE5, 0x00, 0x00, 0x53, 0xE3, 0x00, 0x30, 0xA0, 0xA3, 0x00, 0x30, 0xC8, 0xA5,
    0xE5, 0xFF, 0xFF, 0xEA, 0xB0, 0xD2, 0x11, 0x00, 0x5C, 0xD2, 0x11, 0x00, 0xB4, 0xD2, 0x11, 0x00,
    0xDC, 0x80, 0x11, 0x00, 0xA4, 0xD2, 0x11, 0x00, 0x01, 0x80, 0xFF, 0xFF, 0x42, 0x00, 0x16, 0x00,
    0xA0, 0xD2, 0x11, 0x00, 0x42, 0x00, 0x13, 0x00, 0xA5, 0xD2, 0x11, 0x00, 0xAC, 0xD2, 0x11, 0x00,
    0x07, 0x2A, 0x00, 0x00, 0xA8, 0xD2, 0x11, 0x00, 0x98, 0xD2, 0x11, 0x00, 0x94, 0xD2, 0x11, 0x00,
    0x64, 0x4B, 0x10, 0x00, 0x9C, 0xD2, 0x11, 0x00, 0x70, 0x40, 0x2D, 0xE9, 0xBA, 0x0F, 0x07, 0xEE,
    0xD4, 0x30, 0x9F, 0xE5, 0x9F, 0x4F, 0x93, 0xE1, 0x01, 0x40, 0x44, 0xE2, 0x94, 0x2F, 0x83, 0xE1,
    0x00, 0x00, 0x52, 0xE3, 0xFA, 0xFF, 0xFF, 0x1A, 0x00, 0x00, 0x54, 0xE3, 0xBA, 0x0F, 0x07, 0xEE,
    0x70, 0x80, 0xBD, 0x18, 0xB4, 0x20, 0x9F, 0xE5, 0xB4, 0x30, 0x9F, 0xE5, 0x00, 0x00, 0x92, 0xE5,
    0x00, 0x40, 0xC3, 0xE5, 0x67, 0x04, 0x00, 0xEB, 0x70, 0x5F, 0x1D, 0xEE, 0xA4, 0x10, 0x9F, 0xE5,
    0x00, 0x20, 0xE0, 0xE3, 0x00, 0x30, 0xE0, 0xE3, 0x00, 0x00, 0x91, 0xE5, 0xA7, 0x09, 0x00, 0xEB,
    0x94, 0x30, 0x9F, 0xE5, 0x94, 0x20, 0x9F, 0xE5, 0x00, 0x10, 0x93, 0xE5, 0x00, 0x00, 0x92, 0xE5,
    0x62, 0x04, 0x00, 0xEB, 0x84, 0x20, 0x9F, 0xE5, 0x00, 0x00, 0x92, 0xE5, 0x68, 0x04, 0x00, 0xEB,
    0x74, 0x30, 0x9F, 0xE5, 0x00, 0x00, 0x93, 0xE5, 0x16, 0x0A, 0x00, 0xEB, 0x05, 0x27, 0xA0, 0xE3,
    0x6C, 0x30, 0x9F, 0xE5, 0x80, 0x20, 0x85, 0xE5, 0x00, 0x00, 0x93, 0xE5, 0x78, 0x04, 0x00, 0xEB,
    0x60, 0x20, 0x9F, 0xE5, 0x58, 0x30, 0x9F, 0xE5, 0x00, 0x10, 0xD2, 0xE5, 0x00, 0x00, 0x51, 0xE3,
    0x0A, 0x00, 0x00, 0x0A, 0x17, 0x18, 0xA0, 0xE3, 0x00, 0x00, 0x93, 0xE5, 0x80, 0x10, 0x85, 0xE5,
    0x6F, 0x04, 0x00, 0xEB, 0x00, 0x00, 0x50, 0xE3, 0x34, 0x30, 0x9F, 0xE5, 0x03, 0x00, 0x00, 0xBA,
    0x84, 0x10, 0x95, 0xE5, 0x00, 0x00, 0x51, 0xE3, 0x28, 0x20, 0x9F, 0xA5, 0x00, 0x40, 0xC2, 0xA5,
    0x00, 0x00, 0x93, 0xE5, 0x70, 0x40, 0xBD, 0xE8, 0x4D, 0x04, 0x00, 0xEA, 0xB0, 0xD2, 0x11, 0x00,
    0xA0, 0xD2, 0x11, 0x00, 0x98, 0xD2, 0x11, 0x00, 0x9C, 0xD2, 0x11, 0x00, 0xA8, 0xD2, 0x11, 0x00,
    0xAC, 0xD2, 0x11, 0x00, 0xB4, 0xD2, 0x11, 0x00, 0xA4, 0xD2, 0x11, 0x00, 0x04, 0x30, 0x9F, 0xE5,
    0x00, 0x00, 0xD3, 0xE5, 0x1E, 0xFF, 0x2F, 0xE1, 0xA4, 0xD2, 0x11, 0x00, 0x30, 0x40, 0x2D, 0xE9,
    0x03, 0x50, 0xA0, 0xE1, 0x00, 0x30, 0xA0, 0xE3, 0x88, 0xC0, 0x9F, 0xE5, 0x00, 0xE3, 0xA0, 0xE1,
    0x00, 0x40, 0xDC, 0xE5, 0x80, 0xC0, 0x9F, 0xE5, 0x84, 0xE3, 0x8E, 0xE0, 0x00, 0xC0, 0x9C, 0xE5,
    0x02, 0xEC, 0x8E, 0xE2, 0x0E, 0x00, 0xDC, 0xE7, 0x0E, 0xC0, 0x8C, 0xE0, 0x01, 0x00, 0x60, 0xE2,
    0x80, 0xE1, 0x60, 0xE0, 0x0E, 0xE1, 0xA0, 0xE1, 0x04, 0xE0, 0x8E, 0xE2, 0x0E, 0x10, 0x8C, 0xE7,
    0x0E, 0xE0, 0x8C, 0xE0, 0x24, 0x00, 0x8E, 0xE9, 0x0C, 0x20, 0x9D, 0xE5, 0x14, 0x10, 0x8E, 0xE5,
    0x0C, 0x20, 0x8E, 0xE5, 0x10, 0x20, 0x9D, 0xE5, 0x18, 0x30, 0x8E, 0xE5, 0x10, 0x20, 0x8E, 0xE5,
    0x9A, 0x3F, 0x07, 0xEE, 0x70, 0x10, 0xEF, 0xE6, 0x9F, 0x0F, 0x9C, 0xE1, 0xFE, 0x3C, 0xC0, 0xE3,
    0xFF, 0x30, 0xC3, 0xE3, 0x01, 0x30, 0x83, 0xE1, 0x01, 0x3C, 0x83, 0xE3, 0x93, 0x2F, 0x8C, 0xE1,
    0x72, 0x30, 0xEF, 0xE6, 0x00, 0x00, 0x53, 0xE3, 0xF6, 0xFF, 0xFF, 0x1A, 0xFF, 0x0C, 0x10, 0xE2,
    0x01, 0x00, 0xA0, 0x13, 0x30, 0x80, 0xBD, 0xE8, 0xA5, 0xD2, 0x11, 0x00, 0xA8, 0xD2, 0x11, 0x00,
    0x06, 0x00, 0x50, 0xE3, 0x1E, 0xFF, 0x2F, 0x81, 0x04, 0xE0, 0x2D, 0xE5, 0x38, 0x30, 0x9F, 0xE5,
    0x0C, 0xD0, 0x4D, 0xE2, 0x80, 0x01, 0x83, 0xE0, 0x00, 0x00, 0x51, 0xE3, 0x04, 0x00, 0x8D, 0xE5,
    0x04, 0x00, 0x00, 0x1A, 0x8D, 0x08, 0x00, 0xEB, 0x04, 0x00, 0x9D, 0xE5, 0x0C, 0xD0, 0x8D, 0xE2,
    0x04, 0xE0, 0x9D, 0xE4, 0x10, 0x08, 0x00, 0xEA, 0x0F, 0x08, 0x00, 0xEB, 0x04, 0x00, 0x9D, 0xE5,
    0x0C, 0xD0, 0x8D, 0xE2, 0x04, 0xE0, 0x9D, 0xE4, 0x84, 0x08, 0x00, 0xEA, 0x5C, 0xD2, 0x11, 0x00,
    0x1E, 0xFF, 0x2F, 0xE1, 0xF8, 0x4F, 0x2D, 0xE9, 0x24, 0x51, 0x9F, 0xE5, 0x00, 0x30, 0xD5, 0xE5,
    0x00, 0x00, 0x53, 0xE3, 0xF8, 0x8F, 0xBD, 0x08, 0x18, 0x61, 0x9F, 0xE5, 0x18, 0x81, 0x9F, 0xE5,
    0x18, 0x71, 0x9F, 0xE5, 0x18, 0x91, 0x9F, 0xE5, 0x18, 0x41, 0x9F, 0xE5, 0x00, 0x30, 0xE0, 0xE3,
    0x00, 0x20, 0xE0, 0xE3, 0x00, 0x00, 0x96, 0xE5, 0xF7, 0x03, 0x00, 0xEB, 0x00, 0x00, 0x96, 0xE5,
    0xE6, 0x03, 0x00, 0xEB, 0x00, 0x30, 0xD5, 0xE5, 0x00, 0x00, 0x53, 0xE3, 0xF8, 0x8F, 0xBD, 0x08,
    0x00, 0x30, 0xD7, 0xE5, 0x00, 0xC0, 0x98, 0xE5, 0x03, 0xC3, 0x8C, 0xE0, 0x0B, 0x00, 0x00, 0xEA,
    0x34, 0x00, 0x52, 0xE3, 0xFF, 0x20, 0x0E, 0x22, 0x01, 0x28, 0x82, 0xE1, 0x03, 0x14, 0x82, 0xE1,
    0x0C, 0xB0, 0xD0, 0xE5, 0xFF, 0x18, 0xC1, 0xE3, 0x91, 0x2F, 0x8C, 0xE1, 0x72, 0xA0, 0xEF, 0xE6,
    0x00, 0x00, 0x5A, 0xE3, 0x01, 0x00, 0x00, 0x1A, 0x06, 0x00, 0x5B, 0xE3, 0x10, 0x00, 0x00, 0xDA,
    0x9F, 0x3F, 0x9C, 0xE1, 0x73, 0x00, 0xEF, 0xE6, 0x23, 0x18, 0xA0, 0xE1, 0xFF, 0x0C, 0x13, 0xE3,
    0x73, 0x34, 0xEF, 0xE6, 0x01, 0x20, 0x80, 0xE2, 0x01, 0x30, 0x43, 0xE2, 0x33, 0xE0, 0x40, 0xE2,
    0x72, 0x20, 0xEF, 0xE6, 0x00, 0x00, 0x8C, 0xE0, 0x73, 0x30, 0xEF, 0xE6, 0xE7, 0xFF, 0xFF, 0x1A,
    0x1F, 0xF0, 0x7F, 0xF5, 0x00, 0x30, 0xD5, 0xE5, 0x00, 0x00, 0x53, 0xE3, 0xD6, 0xFF, 0xFF, 0x1A,
    0xF8, 0x8F, 0xBD, 0xE8, 0x0B, 0x00, 0xA0, 0xE1, 0xC8, 0xFF, 0xFF, 0xEB, 0x0B, 0x11, 0x99, 0xE7,
    0x00, 0x00, 0x51, 0xE3, 0x06, 0x00, 0x00, 0x0A, 0x5C, 0x30, 0x9F, 0xE5, 0x5C, 0x20, 0x9F, 0xE5,
    0x0B, 0x00, 0xD3, 0xE7, 0x00, 0x00, 0x50, 0xE3, 0x0B, 0x01, 0x92, 0xE7, 0x0B, 0xA1, 0x89, 0x17,
    0x31, 0xFF, 0x2F, 0xE1, 0x48, 0x30, 0x9F, 0xE5, 0x8B, 0x01, 0x83, 0xE0, 0xF4, 0x07, 0x00, 0xEB,
    0x9F, 0x2F, 0x94, 0xE1, 0x9B, 0x1F, 0x84, 0xE1, 0x71, 0x10, 0xEF, 0xE6, 0x00, 0x00, 0x51, 0xE3,
    0xFA, 0xFF, 0xFF, 0x1A, 0x01, 0x20, 0xA0, 0xE3, 0x04, 0x00, 0xA0, 0xE1, 0x3E, 0x07, 0x00, 0xEB,
    0xC6, 0xFF, 0xFF, 0xEA, 0x98, 0xD2, 0x11, 0x00, 0xA0, 0xD2, 0x11, 0x00, 0xA8, 0xD2, 0x11, 0x00,
    0xA5, 0xD2, 0x11, 0x00, 0x40, 0xD2, 0x11, 0x00, 0x94, 0xD2, 0x11, 0x00, 0x1C, 0xD2, 0x11, 0x00,
    0x24, 0xD2, 0x11, 0x00, 0x5C, 0xD2, 0x11, 0x00, 0x00, 0x20, 0xA0, 0xE1, 0x00, 0x30, 0xA0, 0xE3,
    0x34, 0x00, 0x9F, 0xE5, 0x10, 0x40, 0x2D, 0xE9, 0x70, 0x4F, 0x1D, 0xEE, 0x2C, 0xC0, 0x9F, 0xE5,
    0x90, 0x00, 0x84, 0xE5, 0x28, 0x00, 0x9F, 0xE5, 0x80, 0xC0, 0x84, 0xE5, 0x84, 0x20, 0x84, 0xE5,
    0x88, 0x10, 0x84, 0xE5, 0x8C, 0x30, 0x84, 0xE5, 0x00, 0x00, 0x90, 0xE5, 0xB8, 0x03, 0x00, 0xEB,
    0x00, 0x00, 0x50, 0xE3, 0x84, 0x00, 0x94, 0xA5, 0x10, 0x80, 0xBD, 0xE8, 0x01, 0x80, 0xFF, 0xFF,
    0x82, 0x00, 0x08, 0x00, 0xB4, 0xD2, 0x11, 0x00, 0x00, 0x30, 0xA0, 0xE1, 0x20, 0x20, 0x9F, 0xE5,
    0x20, 0x10, 0x9F, 0xE5, 0x10, 0x40, 0x2D, 0xE9, 0x70, 0x4F, 0x1D, 0xEE, 0x00, 0x00, 0x91, 0xE5,
    0xF0, 0x28, 0xC4, 0xE1, 0xAA, 0x03, 0x00, 0xEB, 0x00, 0x00, 0x50, 0xE3, 0x84, 0x00, 0x94, 0xA5,
    0x10, 0x80, 0xBD, 0xE8, 0x40, 0x00, 0x0B, 0x00, 0xB4, 0xD2, 0x11, 0x00, 0x6C, 0x10, 0x9F, 0xE5,
    0x00, 0x20, 0xD1, 0xE5, 0x00, 0x00, 0x52, 0xE3, 0x01, 0x00, 0x00, 0x0A, 0x00, 0x00, 0xA0, 0xE3,
    0x1E, 0xFF, 0x2F, 0xE1, 0x04, 0xE0, 0x2D, 0xE5, 0x70, 0x3F, 0x1D, 0xEE, 0x0C, 0xD0, 0x4D, 0xE2,
    0x4C, 0xE0, 0x9F, 0xE5, 0x4C, 0xC0, 0x9F, 0xE5, 0x84, 0x00, 0x83, 0xE5, 0x48, 0x00, 0x9F, 0xE5,
    0x80, 0xE0, 0x83, 0xE5, 0x00, 0x00, 0x90, 0xE5, 0x88, 0x20, 0x83, 0xE5, 0x8C, 0xC0, 0x83, 0xE5,
    0x04, 0x30, 0x8D, 0xE5, 0x92, 0x03, 0x00, 0xEB, 0x00, 0x00, 0x50, 0xE3, 0x05, 0x00, 0x00, 0xBA,
    0x04, 0x30, 0x9D, 0xE5, 0x84, 0x00, 0x93, 0xE5, 0x00, 0x00, 0x50, 0xE3, 0x01, 0x30, 0xA0, 0xA3,
    0x08, 0x10, 0x9F, 0xA5, 0x00, 0x30, 0xC1, 0xA5, 0x0C, 0xD0, 0x8D, 0xE2, 0x04, 0xF0, 0x9D, 0xE4,
    0xA4, 0xD2, 0x11, 0x00, 0x42, 0x00, 0x16, 0x00, 0x01, 0x80, 0xFF, 0xFF, 0xB4, 0xD2, 0x11, 0x00,
    0x54, 0x30, 0x9F, 0xE5, 0x00, 0x00, 0xD3, 0xE5, 0x00, 0x00, 0x50, 0xE3, 0x1E, 0xFF, 0x2F, 0x01,
    0x17, 0x18, 0xA0, 0xE3, 0x70, 0x2F, 0x1D, 0xEE, 0x04, 0xE0, 0x2D, 0xE5, 0x3C, 0x00, 0x9F, 0xE5,
    0x0C, 0xD0, 0x4D, 0xE2, 0x00, 0x00, 0x90, 0xE5, 0x80, 0x10, 0x82, 0xE5, 0x04, 0x20, 0x8D, 0xE5,
    0x77, 0x03, 0x00, 0xEB, 0x00, 0x00, 0x50, 0xE3, 0x05, 0x00, 0x00, 0xBA, 0x04, 0x20, 0x9D, 0xE5,
    0x84, 0x00, 0x92, 0xE5, 0x00, 0x00, 0x50, 0xE3, 0x00, 0x20, 0xA0, 0xA3, 0x08, 0x30, 0x9F, 0xA5,
    0x00, 0x20, 0xC3, 0xA5, 0x0C, 0xD0, 0x8D, 0xE2, 0x04, 0xF0, 0x9D, 0xE4, 0xA4, 0xD2, 0x11, 0x00,
    0xB4, 0xD2, 0x11, 0x00, 0x06, 0x37, 0xA0, 0xE3, 0x6C, 0x20, 0x9F, 0xE5, 0x70, 0x40, 0x2D, 0xE9,
    0x70, 0x4F, 0x1D, 0xEE, 0x00, 0x50, 0xA0, 0xE1, 0x80, 0x30, 0x84, 0xE5, 0x00, 0x00, 0x92, 0xE5,
    0x63, 0x03, 0x00, 0xEB, 0x00, 0x00, 0x50, 0xE3, 0x70, 0x80, 0xBD, 0xB8, 0x84, 0x00, 0x94, 0xE5,
    0x00, 0x00, 0x50, 0xE3, 0x70, 0x80, 0xBD, 0xB8, 0x88, 0xC0, 0x94, 0xE5, 0x8C, 0x10, 0x94, 0xE5,
    0x90, 0x20, 0x94, 0xE5, 0x94, 0x30, 0x94, 0xE5, 0x00, 0xC0, 0x85, 0xE5, 0x04, 0x10, 0x85, 0xE5,
    0x08, 0x20, 0x85, 0xE5, 0x0C, 0x30, 0x85, 0xE5, 0x98, 0xC0, 0x94, 0xE5, 0x9C, 0x10, 0x94, 0xE5,
    0xA0, 0x20, 0x94, 0xE5, 0xA4, 0x30, 0x94, 0xE5, 0x10, 0xC0, 0x85, 0xE5, 0x14, 0x10, 0x85, 0xE5,
    0x18, 0x20, 0x85, 0xE5, 0x1C, 0x30, 0x85, 0xE5, 0x70, 0x80, 0xBD, 0xE8, 0xB4, 0xD2, 0x11, 0x00,
    0x19, 0x38, 0xA0, 0xE3, 0x1C, 0x20, 0x9F, 0xE5, 0x10, 0x40, 0x2D, 0xE9, 0x70, 0x4F, 0x1D, 0xEE,
    0x00, 0x00, 0x92, 0xE5, 0x80, 0x30, 0x84, 0xE5, 0x45, 0x03, 0x00, 0xEB, 0x00, 0x00, 0x50, 0xE3,
    0x84, 0x00, 0x94, 0xA5, 0x10, 0x80, 0xBD, 0xE8, 0xB4, 0xD2, 0x11, 0x00, 0x1A, 0x38, 0xA0, 0xE3,
    0x1C, 0x20, 0x9F, 0xE5, 0x10, 0x40, 0x2D, 0xE9, 0x70, 0x4F, 0x1D, 0xEE, 0x00, 0x00, 0x92, 0xE5,
    0x80, 0x30, 0x84, 0xE5, 0x3A, 0x03, 0x00, 0xEB, 0x00, 0x00, 0x50, 0xE3, 0x84, 0x00, 0x94, 0xA5,
    0x10, 0x80, 0xBD, 0xE8, 0xB4, 0xD2, 0x11, 0x00, 0x04, 0xE0, 0x2D, 0xE5, 0x0C, 0xD0, 0x4D, 0xE2,
    0x07, 0x00, 0x8D, 0xE2, 0xB1, 0xFA, 0xFF, 0xEB, 0x00, 0x00, 0x50, 0xE3, 0x00, 0x00, 0xA0, 0xB3,
    0x07, 0x00, 0xDD, 0xA5, 0x0C, 0xD0, 0x8D, 0xE2, 0x04, 0xF0, 0x9D, 0xE4, 0x30, 0x40, 0x2D, 0xE9,
    0x0C, 0xD0, 0x4D, 0xE2, 0xBA, 0x0F, 0x07, 0xEE, 0x98, 0x41, 0x9F, 0xE5, 0x9F, 0x3F, 0x94, 0xE1,
    0x01, 0x20, 0x83, 0xE2, 0x92, 0x1F, 0x84, 0xE1, 0x00, 0x00, 0x51, 0xE3, 0xFA, 0xFF, 0xFF, 0x1A,
    0x00, 0x00, 0x53, 0xE3, 0xBA, 0x0F, 0x07, 0xEE, 0x00, 0x30, 0xA0, 0x13, 0x02, 0x00, 0x00, 0x0A,
    0x03, 0x00, 0xA0, 0xE1, 0x0C, 0xD0, 0x8D, 0xE2, 0x30, 0x80, 0xBD, 0xE8, 0x68, 0x11, 0x9F, 0xE5,
    0x68, 0x01, 0x9F, 0xE5, 0x3A, 0x06, 0x00, 0xEB, 0x00, 0x00, 0x50, 0xE3, 0x41, 0x00, 0x00, 0xBA,
    0x70, 0x1F, 0x1D, 0xEE, 0x0A, 0x38, 0xA0, 0xE3, 0x50, 0x21, 0x9F, 0xE5, 0x80, 0x30, 0x81, 0xE5,
    0x00, 0x00, 0x92, 0xE5, 0x04, 0x10, 0x8D, 0xE5, 0x11, 0x03, 0x00, 0xEB, 0x00, 0x30, 0x50, 0xE2,
    0x04, 0x10, 0x9D, 0xE5, 0x28, 0x00, 0x00, 0xBA, 0x34, 0x21, 0x9F, 0xE5, 0x90, 0x00, 0x91, 0xE5,
    0x8C, 0x30, 0x91, 0xE5, 0x00, 0x00, 0x82, 0xE5, 0x94, 0x00, 0x91, 0xE5, 0x24, 0x51, 0x9F, 0xE5,
    0x04, 0x00, 0x82, 0xE5, 0x98, 0x00, 0x91, 0xE5, 0x00, 0x30, 0x85, 0xE5, 0x84, 0x30, 0x91, 0xE5,
    0x08, 0x00, 0x82, 0xE5, 0x9C, 0x00, 0x91, 0xE5, 0xA0, 0x10, 0x91, 0xE5, 0x00, 0x00, 0x53, 0xE3,
    0x0C, 0x00, 0x82, 0xE5, 0x10, 0x10, 0x82, 0xE5, 0x17, 0x00, 0x00, 0xBA, 0x2B, 0x0E, 0xA0, 0xE3,
    0x75, 0x08, 0x00, 0xEB, 0xF0, 0x30, 0x9F, 0xE5, 0x00, 0x00, 0x50, 0xE3, 0x00, 0x00, 0x83, 0xE5,
    0x10, 0x00, 0x00, 0x0A, 0x00, 0x10, 0xA0, 0xE1, 0x01, 0x32, 0xA0, 0xE3, 0x01, 0x20, 0xA0, 0xE3,
    0x00, 0x00, 0x95, 0xE5, 0xCF, 0x02, 0x00, 0xEB, 0x00, 0x30, 0x50, 0xE2, 0x04, 0x30, 0x8D, 0xE5,
    0x1E, 0x00, 0x00, 0xBA, 0xB7, 0xFF, 0xFF, 0xEB, 0xC0, 0x20, 0x9F, 0xE5, 0x00, 0x00, 0x50, 0xE3,
    0x04, 0x30, 0x9D, 0xE5, 0x00, 0x00, 0xC2, 0xE5, 0xC8, 0xFF, 0xFF, 0x0A, 0x0C, 0xD0, 0x8D, 0xE2,
    0x30, 0x40, 0xBD, 0xE8, 0x11, 0x01, 0x00, 0xEA, 0x00, 0x30, 0xE0, 0xE3, 0x04, 0x30, 0x8D, 0xE5,
    0x88, 0x30, 0x9F, 0xE5, 0x00, 0x00, 0x93, 0xE5, 0xC9, 0x02, 0x00, 0xEB, 0x04, 0x30, 0x9D, 0xE5,
    0xBA, 0x0F, 0x07, 0xEE, 0x9F, 0x2F, 0x94, 0xE1, 0x01, 0x20, 0x42, 0xE2, 0x92, 0x1F, 0x84, 0xE1,
    0x00, 0x00, 0x51, 0xE3, 0xFA, 0xFF, 0xFF, 0x1A, 0x03, 0x00, 0xA0, 0xE1, 0xBA, 0x0F, 0x07, 0xEE,
    0x0C, 0xD0, 0x8D, 0xE2, 0x30, 0x80, 0xBD, 0xE8, 0x50, 0x00, 0x9F, 0xE5, 0x60, 0x10, 0x9F, 0xE5,
    0xF3, 0x05, 0x00, 0xEB, 0x00, 0x30, 0x50, 0xE2, 0xB8, 0xFF, 0xFF, 0xAA, 0xEF, 0xFF, 0xFF, 0xEA,
    0x00, 0x00, 0x95, 0xE5, 0xB6, 0x02, 0x00, 0xEB, 0x3C, 0x30, 0x9F, 0xE5, 0x00, 0x00, 0x93, 0xE5,
    0x04, 0x30, 0x9D, 0xE5, 0x00, 0x00, 0x50, 0xE3, 0xE3, 0xFF, 0xFF, 0x0A, 0x04, 0x30, 0x8D, 0xE5,
    0x60, 0x08, 0x00, 0xEB, 0x00, 0x20, 0xA0, 0xE3, 0x1C, 0x30, 0x9F, 0xE5, 0x00, 0x20, 0x83, 0xE5,
    0x04, 0x30, 0x9D, 0xE5, 0xDC, 0xFF, 0xFF, 0xEA, 0xBC, 0xD2, 0x11, 0x00, 0xE8, 0x80, 0x11, 0x00,
    0x08, 0xD3, 0x11, 0x00, 0xF0, 0xD2, 0x11, 0x00, 0x04, 0xD3, 0x11, 0x00, 0xEC, 0xD2, 0x11, 0x00,
    0xB8, 0xD2, 0x11, 0x00, 0xF4, 0x80, 0x11, 0x00, 0xBA, 0x0F, 0x07, 0xEE, 0xB4, 0x20, 0x9F, 0xE5,
    0x9F, 0x3F, 0x92, 0xE1, 0x01, 0x30, 0x43, 0xE2, 0x93, 0x1F, 0x82, 0xE1, 0x00, 0x00, 0x51, 0xE3,
    0xFA, 0xFF, 0xFF, 0x1A, 0x00, 0x00, 0x53, 0xE3, 0xBA, 0x0F, 0x07, 0xEE, 0x1E, 0xFF, 0x2F, 0x11,
    0x70, 0x40, 0x2D, 0xE9, 0x90, 0xC0, 0x9F, 0xE5, 0x90, 0x00, 0x9F, 0xE5, 0x90, 0x10, 0x9F, 0xE5,
    0x90, 0x20, 0x9F, 0xE5, 0x90, 0x40, 0x9F, 0xE5, 0x00, 0x30, 0x8C, 0xE5, 0x00, 0x30, 0x80, 0xE5,
    0x00, 0x30, 0x81, 0xE5, 0x00, 0x30, 0x82, 0xE5, 0x14, 0x50, 0x84, 0xE2, 0x04, 0x00, 0x94, 0xE4,
    0x8B, 0x02, 0x00, 0xEB, 0x05, 0x00, 0x54, 0xE1, 0xFB, 0xFF, 0xFF, 0x1A, 0x6C, 0x50, 0x9F, 0xE5,
    0x6C, 0x40, 0x9F, 0xE5, 0x00, 0x00, 0x95, 0xE5, 0x00, 0x10, 0x94, 0xE5, 0x7B, 0x02, 0x00, 0xEB,
    0x00, 0x00, 0x95, 0xE5, 0x82, 0x02, 0x00, 0xEB, 0x58, 0x30, 0x9F, 0xE5, 0x00, 0x00, 0x93, 0xE5,
    0x7F, 0x02, 0x00, 0xEB, 0x50, 0x30, 0x9F, 0xE5, 0x00, 0x30, 0xD3, 0xE5, 0x00, 0x00, 0x53, 0xE3,
    0x06, 0x00, 0x00, 0x1A, 0x00, 0x00, 0x94, 0xE5, 0x00, 0x00, 0x50, 0xE3, 0x70, 0x80, 0xBD, 0x08,
    0x28, 0x08, 0x00, 0xEB, 0x00, 0x30, 0xA0, 0xE3, 0x00, 0x30, 0x84, 0xE5, 0x70, 0x80, 0xBD, 0xE8,
    0x1F, 0x01, 0x00, 0xEB, 0xF6, 0xFF, 0xFF, 0xEA, 0xBC, 0xD2, 0x11, 0x00, 0xDC, 0xD2, 0x11, 0x00,
    0xE0, 0xD2, 0x11, 0x00, 0xE4, 0xD2, 0x11, 0x00, 0xE8, 0xD2, 0x11, 0x00, 0xF0, 0xD2, 0x11, 0x00,
    0x04, 0xD3, 0x11, 0x00, 0xEC, 0xD2, 0x11, 0x00, 0x08, 0xD3, 0x11, 0x00, 0xB8, 0xD2, 0x11, 0x00,
    0xF0, 0x47, 0x2D, 0xE9, 0x60, 0x72, 0x9F, 0xE5, 0x60, 0x62, 0x9F, 0xE5, 0x00, 0x30, 0x97, 0xE5,
    0x5C, 0x82, 0x9F, 0xE5, 0x00, 0x30, 0x86, 0xE5, 0x44, 0x01, 0x00, 0xEB, 0x00, 0x20, 0xA0, 0xE3,
    0x00, 0x30, 0x98, 0xE5, 0x4C, 0x52, 0x9F, 0xE5, 0x10, 0x10, 0x93, 0xE5, 0x48, 0x42, 0x9F, 0xE5,
    0x48, 0xE2, 0x9F, 0xE5, 0x48, 0xC2, 0x9F, 0xE5, 0x07, 0x00, 0x51, 0xE3, 0x00, 0x20, 0x87, 0xE5,
    0x00, 0x20, 0x8E, 0xE5, 0x00, 0x20, 0x8C, 0xE5, 0x00, 0x20, 0x85, 0xE5, 0xB4, 0x20, 0xC5, 0xE1,
    0x00, 0x20, 0x84, 0xE5, 0xB4, 0x20, 0xC4, 0xE1, 0x60, 0x00, 0x00, 0x8A, 0x02, 0x00, 0x51, 0xE1,
    0x7D, 0x00, 0x00, 0x1A, 0xD8, 0x00, 0xC3, 0xE1, 0x04, 0x20, 0x93, 0xE5, 0x00, 0x90, 0x93, 0xE5,
    0x01, 0x00, 0x52, 0xE1, 0x00, 0x00, 0x59, 0x01, 0x01, 0x20, 0x82, 0xE1, 0x01, 0x10, 0xA0, 0x03,
    0x00, 0x10, 0xA0, 0x13, 0xA2, 0x1F, 0x91, 0xE1, 0x34, 0x10, 0xA0, 0x03, 0x28, 0x20, 0xA0, 0x03,
    0x54, 0x00, 0x00, 0x0A, 0xB8, 0x20, 0x93, 0xE5, 0x00, 0x00, 0x52, 0xE3, 0x58, 0x00, 0x00, 0x0A,
    0x07, 0x00, 0x52, 0xE3, 0x07, 0x20, 0xA0, 0x23, 0x19, 0x20, 0x82, 0xE2, 0x82, 0x11, 0xA0, 0xE1,
    0x04, 0x10, 0x81, 0xE2, 0x01, 0x10, 0x93, 0xE7, 0x82, 0x01, 0x93, 0xE7, 0x00, 0x00, 0x51, 0xE3,
    0x00, 0x30, 0x97, 0x15, 0x00, 0x00, 0x8C, 0xE5, 0x01, 0x36, 0x83, 0x13, 0x00, 0x30, 0x87, 0x15,
    0x43, 0x01, 0x00, 0xEB, 0x00, 0x10, 0x97, 0xE5, 0xA8, 0x31, 0x9F, 0xE5, 0x00, 0x20, 0x96, 0xE5,
    0x01, 0x00, 0x80, 0xE1, 0xA0, 0xE1, 0x9F, 0xE5, 0x00, 0x30, 0x93, 0xE5, 0x9C, 0xC1, 0x9F, 0xE5,
    0x02, 0x10, 0xC0, 0xE1, 0x00, 0x10, 0x8E, 0xE5, 0x00, 0x00, 0x53, 0xE3, 0x00, 0xE0, 0xC2, 0xE1,
    0x00, 0x00, 0x87, 0xE5, 0x00, 0xE0, 0x8C, 0xE5, 0x0D, 0x00, 0x00, 0x0A, 0x02, 0x00, 0x50, 0xE1,
    0x7C, 0x21, 0x9F, 0x05, 0x7C, 0x21, 0x9F, 0x15, 0x00, 0x30, 0x92, 0x05, 0x00, 0x10, 0x82, 0x15,
    0x01, 0x30, 0x43, 0xE2, 0x68, 0x21, 0x9F, 0x15, 0x00, 0x00, 0x53, 0xE3, 0x00, 0x30, 0x82, 0xE5,
    0x64, 0x31, 0x9F, 0x05, 0x00, 0x30, 0x93, 0x05, 0x00, 0x30, 0x82, 0x05, 0x54, 0x31, 0x9F, 0x05,
    0x00, 0x00, 0x83, 0x05, 0x00, 0x30, 0x98, 0xE5, 0x18, 0x21, 0x93, 0xE5, 0x00, 0x00, 0x52, 0xE3,
    0x37, 0x00, 0x00, 0x1A, 0x14, 0x01, 0x93, 0xE5, 0x0C, 0x11, 0x93, 0xE5, 0x08, 0xE1, 0x93, 0xE5,
    0x10, 0xC1, 0x93, 0xE5, 0x00, 0x00, 0x51, 0xE1, 0x0C, 0x00, 0x5E, 0x01, 0x00, 0x10, 0x81, 0xE1,
    0x01, 0x00, 0xA0, 0x03, 0x00, 0x00, 0xA0, 0x13, 0xA1, 0x0F, 0x90, 0xE1, 0x2C, 0x00, 0x00, 0x0A,
    0x68, 0x21, 0x93, 0xE5, 0x00, 0x00, 0x52, 0xE3, 0x0A, 0x00, 0x00, 0x1A, 0x64, 0x01, 0x93, 0xE5,
    0x5C, 0x11, 0x93, 0xE5, 0x58, 0xE1, 0x93, 0xE5, 0x60, 0xC1, 0x93, 0xE5, 0x00, 0x00, 0x51, 0xE1,
    0x0C, 0x00, 0x5E, 0x01, 0x00, 0x10, 0x81, 0xE1, 0x01, 0x00, 0xA0, 0x03, 0x00, 0x00, 0xA0, 0x13,
    0xA1, 0x0F, 0x90, 0xE1, 0xF0, 0x87, 0xBD, 0x18, 0x1F, 0x00, 0x52, 0xE3, 0x1F, 0x20, 0xA0, 0x23,
    0x82, 0x20, 0x82, 0xE0, 0x82, 0x30, 0x83, 0xE0, 0x78, 0x01, 0x93, 0xE5, 0x5E, 0x3F, 0x83, 0xE2,
    0x00, 0x00, 0x84, 0xE5, 0xB4, 0x30, 0xD3, 0xE1, 0xB4, 0x30, 0xC4, 0xE1, 0xF0, 0x87, 0xBD, 0xE8,
    0xA4, 0x10, 0xA0, 0xE3, 0x98, 0x20, 0xA0, 0xE3, 0x02, 0x20, 0x93, 0xE7, 0x01, 0x00, 0x93, 0xE7,
    0x00, 0x20, 0x87, 0xE5, 0xB8, 0x20, 0x93, 0xE5, 0x00, 0x00, 0x8E, 0xE5, 0x00, 0x00, 0x52, 0xE3,
    0xA6, 0xFF, 0xFF, 0x1A, 0xB4, 0x00, 0x93, 0xE5, 0xAC, 0x10, 0x93, 0xE5, 0xB0, 0xE0, 0x93, 0xE5,
    0xA8, 0x90, 0x93, 0xE5, 0x00, 0x00, 0x51, 0xE1, 0x0E, 0x00, 0x59, 0x01, 0x00, 0x10, 0x81, 0xE1,
    0x01, 0x00, 0xA0, 0x03, 0x00, 0x00, 0xA0, 0x13, 0xA1, 0x0F, 0x90, 0xE1, 0xA7, 0xFF, 0xFF, 0x1A,
    0x9A, 0xFF, 0xFF, 0xEA, 0x07, 0x00, 0x52, 0xE3, 0x07, 0x20, 0xA0, 0x23, 0x82, 0x20, 0x82, 0xE0,
    0x82, 0x20, 0x83, 0xE0, 0x28, 0x01, 0x92, 0xE5, 0x4A, 0x2F, 0x82, 0xE2, 0x00, 0x00, 0x85, 0xE5,
    0xB4, 0x20, 0xD2, 0xE1, 0xB4, 0x20, 0xC5, 0xE1, 0xC8, 0xFF, 0xFF, 0xEA, 0x01, 0x12, 0xA0, 0xE1,
    0x28, 0x20, 0x81, 0xE2, 0x34, 0x10, 0x81, 0xE2, 0xDE, 0xFF, 0xFF, 0xEA, 0xE4, 0xD2, 0x11, 0x00,
    0xE8, 0xD2, 0x11, 0x00, 0xEC, 0xD2, 0x11, 0x00, 0xC8, 0xD2, 0x11, 0x00, 0xC0, 0xD2, 0x11, 0x00,
    0xD0, 0xD2, 0x11, 0x00, 0xD4, 0xD2, 0x11, 0x00, 0x5C, 0xA0, 0x11, 0x00, 0xE0, 0xD2, 0x11, 0x00,
    0xDC, 0xD2, 0x11, 0x00, 0x54, 0xA0, 0x11, 0x00, 0xD8, 0xD2, 0x11, 0x00, 0x58, 0xA0, 0x11, 0x00,
    0x04, 0x30, 0x9F, 0xE5, 0x00, 0x00, 0x93, 0xE5, 0x1E, 0xFF, 0x2F, 0xE1, 0xE0, 0xD2, 0x11, 0x00,
    0x30, 0x40, 0x2D, 0xE9, 0x0C, 0xD0, 0x4D, 0xE2, 0xBA, 0x0F, 0x07, 0xEE, 0x74, 0x41, 0x9F, 0xE5,
    0x9F, 0x3F, 0x94, 0xE1, 0x01, 0x20, 0x83, 0xE2, 0x92, 0x1F, 0x84, 0xE1, 0x00, 0x00, 0x51, 0xE3,
    0xFA, 0xFF, 0xFF, 0x1A, 0x00, 0x00, 0x53, 0xE3, 0xBA, 0x0F, 0x07, 0xEE, 0x03, 0x00, 0x00, 0x0A,
    0x00, 0x30, 0xA0, 0xE3, 0x03, 0x00, 0xA0, 0xE1, 0x0C, 0xD0, 0x8D, 0xE2, 0x30, 0x80, 0xBD, 0xE8,
    0x44, 0x11, 0x9F, 0xE5, 0x44, 0x01, 0x9F, 0xE5, 0xE1, 0x04, 0x00, 0xEB, 0x00, 0x30, 0x50, 0xE2,
    0x37, 0x00, 0x00, 0xBA, 0x70, 0x2F, 0x1D, 0xEE, 0x01, 0x38, 0xA0, 0xE3, 0x2C, 0x11, 0x9F, 0xE5,
    0x80, 0x30, 0x82, 0xE5, 0x00, 0x00, 0x91, 0xE5, 0x04, 0x20, 0x8D, 0xE5, 0xB8, 0x01, 0x00, 0xEB,
    0x00, 0x30, 0x50, 0xE2, 0x29, 0x00, 0x00, 0xBA, 0x04, 0x20, 0x9D, 0xE5, 0x10, 0x11, 0x9F, 0xE5,
    0x8C, 0x30, 0x92, 0xE5, 0x90, 0x00, 0x92, 0xE5, 0x00, 0x30, 0x81, 0xE5, 0x84, 0x30, 0x92, 0xE5,
    0x00, 0x11, 0x9F, 0xE5, 0x00, 0x00, 0x53, 0xE3, 0x00, 0x00, 0x81, 0xE5, 0x1F, 0x00, 0x00, 0xBA,
    0xE4, 0x00, 0x9F, 0xE5, 0xD4, 0x03, 0x00, 0xEB, 0x00, 0x00, 0x50, 0xE3, 0x04, 0x20, 0x9D, 0xE5,
    0x29, 0x00, 0x00, 0x0A, 0x98, 0x00, 0xA0, 0xE3, 0x1F, 0x07, 0x00, 0xEB, 0xD8, 0x30, 0x9F, 0xE5,
    0x00, 0x00, 0x50, 0xE3, 0x00, 0x00, 0x83, 0xE5, 0x2C, 0x00, 0x00, 0x0A, 0x00, 0x10, 0xA0, 0xE1,
    0xBC, 0x00, 0x9F, 0xE5, 0x01, 0x32, 0xA0, 0xE3, 0x01, 0x20, 0xA0, 0xE3, 0x00, 0x00, 0x90, 0xE5,
    0x78, 0x01, 0x00, 0xEB, 0x00, 0x30, 0x50, 0xE2, 0xD0, 0xFF, 0xFF, 0xAA, 0x04, 0x30, 0x8D, 0xE5,
    0x9C, 0x30, 0x9F, 0xE5, 0xA0, 0x50, 0x9F, 0xE5, 0x00, 0x00, 0x93, 0xE5, 0x7C, 0x01, 0x00, 0xEB,
    0x00, 0x00, 0x95, 0xE5, 0x04, 0x30, 0x9D, 0xE5, 0x00, 0x00, 0x50, 0xE3, 0x03, 0x00, 0x00, 0x0A,
    0x28, 0x07, 0x00, 0xEB, 0x00, 0x20, 0xA0, 0xE3, 0x04, 0x30, 0x9D, 0xE5, 0x00, 0x20, 0x85, 0xE5,
    0x04, 0x30, 0x8D, 0xE5, 0x64, 0x30, 0x9F, 0xE5, 0x00, 0x00, 0x93, 0xE5, 0x70, 0x01, 0x00, 0xEB,
    0x04, 0x30, 0x9D, 0xE5, 0xBA, 0x0F, 0x07, 0xEE, 0x9F, 0x2F, 0x94, 0xE1, 0x01, 0x20, 0x42, 0xE2,
    0x92, 0x1F, 0x84, 0xE1, 0x00, 0x00, 0x51, 0xE3, 0xFA, 0xFF, 0xFF, 0x1A, 0x03, 0x00, 0xA0, 0xE1,
    0xBA, 0x0F, 0x07, 0xEE, 0x0C, 0xD0, 0x8D, 0xE2, 0x30, 0x80, 0xBD, 0xE8, 0x2C, 0x30, 0x9F, 0xE5,
    0x88, 0x00, 0x82, 0xE5, 0x00, 0x00, 0x93, 0xE5, 0x0A, 0x30, 0xA0, 0xE3, 0x84, 0x30, 0x82, 0xE5,
    0x28, 0x30, 0x9F, 0xE5, 0x80, 0x30, 0x82, 0xE5, 0x75, 0x01, 0x00, 0xEB, 0xCC, 0xFF, 0xFF, 0xEA,
    0x00, 0x30, 0xE0, 0xE3, 0xE5, 0xFF, 0xFF, 0xEA, 0x0C, 0xD3, 0x11, 0x00, 0x00, 0x81, 0x11, 0x00,
    0x24, 0xD3, 0x11, 0x00, 0x20, 0xD3, 0x11, 0x00, 0x1C, 0xD3, 0x11, 0x00, 0x18, 0xD3, 0x11, 0x00,
    0x80, 0x00, 0x02, 0x00, 0xBA, 0x0F, 0x07, 0xEE, 0xB4, 0x30, 0x9F, 0xE5, 0x9F, 0x2F, 0x93, 0xE1,
    0x01, 0x20, 0x42, 0xE2, 0x92, 0x1F, 0x83, 0xE1, 0x00, 0x00, 0x51, 0xE3, 0xFA, 0xFF, 0xFF, 0x1A,
    0x00, 0x00, 0x52, 0xE3, 0xBA, 0x0F, 0x07, 0xEE, 0x1E, 0xFF, 0x2F, 0x11, 0x94, 0x10, 0x9F, 0xE5,
    0x94, 0x30, 0x9F, 0xE5, 0x10, 0x40, 0x2D, 0xE9, 0x00, 0x00, 0x91, 0xE5, 0x00, 0x20, 0x83, 0xE5,
    0x43, 0x01, 0x00, 0xEB, 0x84, 0x30, 0x9F, 0xE5, 0x84, 0x20, 0x9F, 0xE5, 0x00, 0x00, 0x93, 0xE5,
    0x00, 0x10, 0x92, 0xE5, 0x35, 0x01, 0x00, 0xEB, 0x78, 0x00, 0x9F, 0xE5, 0x7E, 0x03, 0x00, 0xEB,
    0x00, 0x00, 0x50, 0xE3, 0x64, 0x30, 0x9F, 0xE5, 0x0C, 0x00, 0x00, 0x0A, 0x68, 0x40, 0x9F, 0xE5,
    0x00, 0x00, 0x93, 0xE5, 0x36, 0x01, 0x00, 0xEB, 0x00, 0x00, 0x94, 0xE5, 0x50, 0x40, 0x9F, 0xE5,
    0x33, 0x01, 0x00, 0xEB, 0x00, 0x00, 0x94, 0xE5, 0x00, 0x00, 0x50, 0xE3, 0x10, 0x80, 0xBD, 0x08,
    0xE0, 0x06, 0x00, 0xEB, 0x00, 0x30, 0xA0, 0xE3, 0x00, 0x30, 0x84, 0xE5, 0x10, 0x80, 0xBD, 0xE8,
    0x03, 0x18, 0xA0, 0xE3, 0x70, 0x2F, 0x1D, 0xEE, 0x2C, 0x30, 0x9F, 0xE5, 0x80, 0x10, 0x82, 0xE5,
    0x00, 0x00, 0x93, 0xE5, 0x03, 0x40, 0xA0, 0xE1, 0x3D, 0x01, 0x00, 0xEB, 0x0C, 0x30, 0x9F, 0xE5,
    0xEA, 0xFF, 0xFF, 0xEA, 0x0C, 0xD3, 0x11, 0x00, 0x1C, 0xD3, 0x11, 0x00, 0x14, 0xD3, 0x11, 0x00,
    0x20, 0xD3, 0x11, 0x00, 0x18, 0xD3, 0x11, 0x00, 0x00, 0x81, 0x11, 0x00, 0x24, 0xD3, 0x11, 0x00,
    0x9C, 0x30, 0x9F, 0xE5, 0x00, 0x30, 0x93, 0xE5, 0x00, 0x00, 0x53, 0xE3, 0x1E, 0xFF, 0x2F, 0x01,
    0x00, 0x10, 0xA0, 0xE3, 0x8C, 0x30, 0x9F, 0xE5, 0x10, 0x40, 0x2D, 0xE9, 0x00, 0x20, 0x93, 0xE5,
    0x84, 0xE0, 0x9F, 0xE5, 0x10, 0x30, 0x92, 0xE5, 0x80, 0xC0, 0x9F, 0xE5, 0x07, 0x00, 0x53, 0xE3,
    0x00, 0x10, 0x8E, 0xE5, 0x00, 0x10, 0x8C, 0xE5, 0x0E, 0x00, 0x00, 0x8A, 0x01, 0x00, 0x53, 0xE1,
    0x13, 0x00, 0x00, 0x1A, 0xD8, 0x00, 0xC2, 0xE1, 0x04, 0x30, 0x92, 0xE5, 0x00, 0x40, 0x92, 0xE5,
    0x01, 0x00, 0x53, 0xE1, 0x00, 0x00, 0x54, 0x01, 0x01, 0x30, 0x83, 0xE1, 0x01, 0x10, 0xA0, 0x03,
    0x00, 0x10, 0xA0, 0x13, 0xA3, 0x1F, 0x91, 0xE1, 0x24, 0x30, 0xA0, 0x03, 0x18, 0x10, 0xA0, 0x03,
    0x10, 0x80, 0xBD, 0x18, 0x01, 0x00, 0x00, 0xEA, 0x94, 0x30, 0xA0, 0xE3, 0x88, 0x10, 0xA0, 0xE3,
    0x01, 0x10, 0x92, 0xE7, 0x03, 0x00, 0x92, 0xE7, 0x00, 0x10, 0x8E, 0xE5, 0x00, 0x00, 0x8C, 0xE5,
    0x10, 0x80, 0xBD, 0xE8, 0x03, 0x32, 0xA0, 0xE1, 0x18, 0x10, 0x83, 0xE2, 0x24, 0x30, 0x83, 0xE2,
    0xF6, 0xFF, 0xFF, 0xEA, 0x0C, 0xD3, 0x11, 0x00, 0x18, 0xD3, 0x11, 0x00, 0x14, 0xD3, 0x11, 0x00,
    0x10, 0xD3, 0x11, 0x00, 0x14, 0x30, 0x9F, 0xE5, 0x00, 0x30, 0x93, 0xE5, 0x00, 0x00, 0x53, 0xE3,
    0x0C, 0x30, 0x9F, 0xC5, 0x00, 0x00, 0x93, 0xC5, 0x00, 0x00, 0xA0, 0xD3, 0x1E, 0xFF, 0x2F, 0xE1,
    0x0C, 0xD3, 0x11, 0x00, 0x14, 0xD3, 0x11, 0x00, 0x28, 0x20, 0x9F, 0xE5, 0x10, 0x40, 0x2D, 0xE9,
    0x00, 0x20, 0x92, 0xE5, 0x20, 0x30, 0x9F, 0xE5, 0x00, 0x00, 0x52, 0xE3, 0x00, 0x00, 0xA0, 0x03,
    0x00, 0x00, 0x83, 0xE5, 0x5B, 0x04, 0x00, 0xEB, 0x85, 0x00, 0x00, 0xEB, 0x3D, 0x08, 0x00, 0xEB,
    0x10, 0x40, 0xBD, 0xE8, 0x01, 0x00, 0x00, 0xEA, 0x08, 0x00, 0x10, 0x00, 0x28, 0xD3, 0x11, 0x00,
    0xF0, 0x41, 0x2D, 0xE9, 0x48, 0x31, 0x9F, 0xE5, 0x08, 0xD0, 0x4D, 0xE2, 0x00, 0xE0, 0x93, 0xE5,
    0x00, 0x00, 0x5E, 0xE3, 0x3C, 0x00, 0x00, 0x0A, 0x0E, 0x10, 0xA0, 0xE1, 0x04, 0xC0, 0x91, 0xE4,
    0x30, 0x41, 0x9F, 0xE5, 0x00, 0x00, 0x5C, 0xE3, 0x00, 0x20, 0xA0, 0xD3, 0x00, 0xC0, 0x84, 0xE5,
    0x0D, 0x00, 0x00, 0xDA, 0x01, 0x30, 0xA0, 0xE1, 0x00, 0x00, 0xA0, 0xE3, 0x00, 0x20, 0xD3, 0xE5,
    0x00, 0x00, 0x52, 0xE3, 0x02, 0x00, 0x00, 0x0A, 0x01, 0x20, 0xF3, 0xE5, 0x00, 0x00, 0x52, 0xE3,
    0xFC, 0xFF, 0xFF, 0x1A, 0x01, 0x00, 0x80, 0xE2, 0x00, 0x00, 0x5C, 0xE1, 0x01, 0x30, 0x83, 0xE2,
    0xF5, 0xFF, 0xFF, 0x1A, 0x0E, 0x30, 0x43, 0xE0, 0x04, 0x20, 0x43, 0xE2, 0xE8, 0x00, 0x9F, 0xE5,
    0x01, 0x30, 0x8C, 0xE2, 0x00, 0xC0, 0x90, 0xE5, 0xE0, 0x60, 0x9F, 0xE5, 0x03, 0x31, 0x8C, 0xE0,
    0x00, 0xC0, 0x86, 0xE5, 0x02, 0xC0, 0x83, 0xE0, 0x00, 0xC0, 0x80, 0xE5, 0x03, 0x00, 0xA0, 0xE1,
    0x67, 0x14, 0x00, 0xEB, 0x00, 0x50, 0x94, 0xE5, 0x00, 0x30, 0xA0, 0xE1, 0x00, 0x00, 0x55, 0xE3,
    0x05, 0x80, 0xA0, 0xE1, 0x00, 0x70, 0x96, 0xE5, 0x15, 0x00, 0x00, 0xDA, 0x04, 0x10, 0x47, 0xE2,
    0x05, 0x01, 0x81, 0xE0, 0x04, 0x30, 0xA1, 0xE5, 0x00, 0x20, 0xD3, 0xE5, 0x00, 0x00, 0x52, 0xE3,
    0x02, 0x00, 0x00, 0x0A, 0x01, 0x20, 0xF3, 0xE5, 0x00, 0x00, 0x52, 0xE3, 0xFC, 0xFF, 0xFF, 0x1A,
    0x01, 0x00, 0x50, 0xE1, 0x01, 0x30, 0x83, 0xE2, 0xF5, 0xFF, 0xFF, 0x1A, 0x01, 0x00, 0x55, 0xE3,
    0x07, 0x00, 0x00, 0x0A, 0x05, 0x31, 0x87, 0xE0, 0x04, 0x30, 0x13, 0xE5, 0x03, 0x00, 0xA0, 0xE1,
    0x04, 0x30, 0x8D, 0xE5, 0x98, 0x14, 0x00, 0xEB, 0x11, 0x00, 0x50, 0xE3, 0x04, 0x30, 0x9D, 0xE5,
    0x03, 0x00, 0x00, 0x0A, 0x00, 0x30, 0xA0, 0xE3, 0x08, 0x31, 0x87, 0xE7, 0x08, 0xD0, 0x8D, 0xE2,
    0xF0, 0x81, 0xBD, 0xE8, 0x48, 0x10, 0x9F, 0xE5, 0x08, 0x20, 0xA0, 0xE3, 0x08, 0x00, 0x83, 0xE2,
    0x3A, 0x1C, 0x00, 0xEB, 0x00, 0x10, 0x50, 0xE2, 0xF5, 0xFF, 0xFF, 0x1A, 0x01, 0x50, 0x45, 0xE2,
    0x05, 0x01, 0x97, 0xE7, 0x10, 0x20, 0xA0, 0xE3, 0x00, 0x50, 0x84, 0xE5, 0x59, 0x15, 0x00, 0xEB,
    0x20, 0x30, 0x9F, 0xE5, 0x00, 0x70, 0x96, 0xE5, 0x00, 0x80, 0x94, 0xE5, 0x00, 0x00, 0x83, 0xE5,
    0xEB, 0xFF, 0xFF, 0xEA, 0x18, 0x00, 0x10, 0x00, 0x30, 0xD3, 0x11, 0x00, 0xBC, 0xDF, 0x11, 0x00,
    0x2C, 0xD3, 0x11, 0x00, 0x08, 0x81, 0x11, 0x00, 0x74, 0xD3, 0x11, 0x00, 0x24, 0x20, 0x9F, 0xE5,
    0x70, 0x3F, 0x1D, 0xEE, 0x00, 0x10, 0x93, 0xE5, 0x02, 0x00, 0x51, 0xE1, 0x01, 0x00, 0x00, 0x1A,
    0x08, 0x00, 0x93, 0xE5, 0x1E, 0xFF, 0x2F, 0xE1, 0x00, 0x00, 0xA0, 0xE3, 0x10, 0x40, 0x2D, 0xE9,
    0x96, 0x00, 0x00, 0xEB, 0xFE, 0xFF, 0xFF, 0xEA, 0x24, 0x56, 0x54, 0x21, 0x00, 0x04, 0x00, 0xEA,
    0x2A, 0x04, 0x00, 0xEA, 0x39, 0x04, 0x00, 0xEA, 0x4D, 0x04, 0x00, 0xEA, 0xA5, 0x00, 0x00, 0xEA,
    0x40, 0x20, 0x9F, 0xE5, 0x00, 0x00, 0x50, 0xE3, 0x70, 0x3F, 0x1D, 0xEE, 0x38, 0x10, 0x9F, 0x05,
    0x00, 0x20, 0x83, 0xE5, 0x18, 0x20, 0x80, 0x12, 0x05, 0x00, 0x83, 0x19, 0x00, 0x10, 0x91, 0x05,
    0x18, 0x22, 0x90, 0x15, 0xF4, 0x00, 0xC3, 0x01, 0x00, 0x00, 0xA0, 0xE3, 0x03, 0x14, 0xA0, 0xE3,
    0x18, 0x20, 0x9F, 0x05, 0x08, 0x20, 0x42, 0x12, 0x0C, 0x20, 0x83, 0xE5, 0x18, 0x00, 0xC3, 0xE5,
    0x10, 0x1A, 0xE1, 0xEE, 0x1E, 0xFF, 0x2F, 0xE1, 0x24, 0x56, 0x54, 0x21, 0x64, 0xA0, 0x11, 0x00,
    0xC0, 0xDF, 0x11, 0x00, 0x00, 0x20, 0xA0, 0xE3, 0x03, 0x14, 0xA0, 0xE3, 0x04, 0xE0, 0x2D, 0xE5,
    0x54, 0x30, 0x9F, 0xE5, 0x54, 0xE0, 0x9F, 0xE5, 0x00, 0x00, 0x93, 0xE5, 0x50, 0xC0, 0x9F, 0xE5,
    0x70, 0x3F, 0x1D, 0xEE, 0x00, 0xE0, 0x83, 0xE5, 0x08, 0x00, 0x83, 0xE5, 0x0C, 0xC0, 0x83, 0xE5,
    0x04, 0x20, 0x83, 0xE5, 0x18, 0x20, 0xC3, 0xE5, 0x10, 0x1A, 0xE1, 0xEE, 0x34, 0x20, 0x9F, 0xE5,
    0x34, 0x10, 0x9F, 0xE5, 0x01, 0x20, 0x52, 0xE0, 0x04, 0xF0, 0x9D, 0x04, 0x2C, 0x30, 0x9F, 0xE5,
    0x04, 0xE0, 0x9D, 0xE4, 0x00, 0x00, 0x93, 0xE5, 0x00, 0xC0, 0x8C, 0xE0, 0x07, 0xC0, 0x8C, 0xE2,
    0x00, 0x00, 0x60, 0xE2, 0x0C, 0x00, 0x00, 0xE0, 0xF1, 0x13, 0x00, 0xEA, 0x64, 0xA0, 0x11, 0x00,
    0x24, 0x56, 0x54, 0x21, 0xC0, 0xDF, 0x11, 0x00, 0xA0, 0xBD, 0x11, 0x00, 0xA0, 0xBD, 0x11, 0x00,
    0x9C, 0x95, 0x11, 0x00, 0x11, 0x00, 0x2D, 0xE9, 0x08, 0x00, 0x9D, 0xE5, 0x0C, 0x40, 0x9D, 0xE5,
    0x01, 0x00, 0x00, 0xEF, 0x04, 0x20, 0x9D, 0xE4, 0x00, 0x10, 0x82, 0xE5, 0x04, 0x40, 0x9D, 0xE4,
    0x1E, 0xFF, 0x2F, 0xE1, 0x73, 0x00, 0x2D, 0xE9, 0x02, 0x00, 0x00, 0xEF, 0x00, 0x60, 0x9D, 0xE5,
    0x00, 0x10, 0x86, 0xE5, 0x04, 0x20, 0x86, 0xE5, 0x08, 0x30, 0x86, 0xE5, 0x0C, 0x40, 0x86, 0xE5,
    0x04, 0x60, 0x9D, 0xE5, 0x00, 0x50, 0x86, 0xE5, 0x08, 0xD0, 0x8D, 0xE2, 0x70, 0x00, 0xBD, 0xE8,
    0x1E, 0xFF, 0x2F, 0xE1, 0x03, 0x00, 0x00, 0xEF, 0x1E, 0xFF, 0x2F, 0xE1, 0x11, 0x00, 0x2D, 0xE9,
    0x08, 0x00, 0x9D, 0xE5, 0x0C, 0x40, 0x9D, 0xE5, 0x08, 0x00, 0x00, 0xEF, 0x04, 0x20, 0x9D, 0xE4,
    0x00, 0x10, 0x82, 0xE5, 0x04, 0x40, 0x9D, 0xE4, 0x1E, 0xFF, 0x2F, 0xE1, 0x09, 0x00, 0x00, 0xEF,
    0x1E, 0xFF, 0x2F, 0xE1, 0x0A, 0x00, 0x00, 0xEF, 0x1E, 0xFF, 0x2F, 0xE1, 0x14, 0x00, 0x00, 0xEF,
    0x1E, 0xFF, 0x2F, 0xE1, 0x04, 0x00, 0x2D, 0xE5, 0x17, 0x00, 0x00, 0xEF, 0x04, 0x20, 0x9D, 0xE4,
    0x00, 0x10, 0x82, 0xE5, 0x1E, 0xFF, 0x2F, 0xE1, 0x18, 0x00, 0x00, 0xEF, 0x1E, 0xFF, 0x2F, 0xE1,
    0x19, 0x00, 0x00, 0xEF, 0x1E, 0xFF, 0x2F, 0xE1, 0x1F, 0x00, 0x00, 0xEF, 0x1E, 0xFF, 0x2F, 0xE1,
    0x20, 0x00, 0x00, 0xEF, 0x1E, 0xFF, 0x2F, 0xE1, 0x04, 0x00, 0x2D, 0xE5, 0x21, 0x00, 0x00, 0xEF,
    0x04, 0x20, 0x9D, 0xE4, 0x00, 0x10, 0x82, 0xE5, 0x1E, 0xFF, 0x2F, 0xE1, 0x22, 0x00, 0x00, 0xEF,
    0x1E, 0xFF, 0x2F, 0xE1, 0x23, 0x00, 0x00, 0xEF, 0x1E, 0xFF, 0x2F, 0xE1, 0x24, 0x00, 0x00, 0xEF,
    0x1E, 0xFF, 0x2F, 0xE1, 0x04, 0x50, 0x2D, 0xE5, 0x04, 0x40, 0x2D, 0xE5, 0x00, 0x50, 0xA0, 0xE1,
    0x08, 0x00, 0x9D, 0xE5, 0x0C, 0x40, 0x9D, 0xE5, 0x25, 0x00, 0x00, 0xEF, 0x00, 0x10, 0x85, 0xE5,
    0x04, 0x40, 0x9D, 0xE4, 0x04, 0x50, 0x9D, 0xE4, 0x1E, 0xFF, 0x2F, 0xE1, 0x04, 0x00, 0x2D, 0xE5,
    0x27, 0x00, 0x00, 0xEF, 0x04, 0x30, 0x9D, 0xE4, 0x00, 0x10, 0x83, 0xE5, 0x1E, 0xFF, 0x2F, 0xE1,
    0x04, 0x00, 0x2D, 0xE5, 0x2D, 0x00, 0x00, 0xEF, 0x04, 0x30, 0x9D, 0xE4, 0x00, 0x10, 0x83, 0xE5,
    0x1E, 0xFF, 0x2F, 0xE1, 0x32, 0x00, 0x00, 0xEF, 0x1E, 0xFF, 0x2F, 0xE1, 0x04, 0x00, 0x2D, 0xE5,
    0x38, 0x00, 0x00, 0xEF, 0x04, 0x30, 0x9D, 0xE4, 0x00, 0x10, 0x83, 0xE5, 0x1E, 0xFF, 0x2F, 0xE1,
    0x39, 0x00, 0x00, 0xEF, 0x1E, 0xFF, 0x2F, 0xE1, 0x3A, 0x00, 0x00, 0xEF, 0x1E, 0xFF, 0x2F, 0xE1,
    0x3C, 0x00, 0x00, 0xEF, 0x1E, 0xFF, 0x2F, 0xE1, 0x3C, 0x20, 0x9F, 0xE5, 0x00, 0xD0, 0x82, 0xE5,
    0x04, 0xE0, 0x82, 0xE5, 0xEF, 0xFE, 0xFF, 0xEB, 0x30, 0x20, 0x9F, 0xE5, 0x00, 0xD0, 0x92, 0xE5,
    0x2C, 0x30, 0x9F, 0xE5, 0x00, 0x30, 0x93, 0xE5, 0x03, 0xD0, 0x8D, 0xE0, 0x07, 0xD0, 0x8D, 0xE2,
    0x07, 0xD0, 0xDD, 0xE3, 0x00, 0xD0, 0x82, 0xE5, 0xB4, 0x07, 0x00, 0xEB, 0x49, 0x1A, 0x00, 0xEB,
    0x04, 0x20, 0x9F, 0xE5, 0x04, 0xE0, 0x92, 0xE5, 0x1E, 0xFF, 0x2F, 0xE1, 0x34, 0xD3, 0x11, 0x00,
    0xBC, 0xDF, 0x11, 0x00, 0x60, 0xA0, 0x11, 0x00, 0xA0, 0x07, 0x00, 0xEB, 0x04, 0x20, 0x9F, 0xE5,
    0x00, 0xD0, 0x92, 0xE5, 0xB5, 0x07, 0x00, 0xEA, 0x34, 0xD3, 0x11, 0x00, 0x0C, 0x20, 0x90, 0xE5,
    0x0C, 0x30, 0x91, 0xE5, 0x03, 0x00, 0x52, 0xE1, 0x02, 0x00, 0x00, 0x3A, 0x01, 0x00, 0xA0, 0x83,
    0x00, 0x00, 0xA0, 0x93, 0x1E, 0xFF, 0x2F, 0xE1, 0x00, 0x00, 0xE0, 0xE3, 0x1E, 0xFF, 0x2F, 0xE1,
    0x9A, 0x1A, 0x00, 0xEA, 0x0F, 0x00, 0x51, 0xE3, 0x07, 0x00, 0x00, 0x9A, 0x01, 0x30, 0x41, 0xE2,
    0x01, 0x00, 0x13, 0xE1, 0x3E, 0x00, 0x00, 0x1A, 0x00, 0x30, 0x61, 0xE2, 0x01, 0x30, 0x03, 0xE0,
    0x13, 0x3F, 0x6F, 0xE1, 0x1F, 0x30, 0x63, 0xE2, 0x00, 0x00, 0x00, 0xEA, 0x04, 0x30, 0xA0, 0xE3,
    0x70, 0x40, 0x2D, 0xE9, 0xE0, 0x20, 0x9F, 0xE5, 0x00, 0x60, 0xA0, 0xE1, 0x00, 0x10, 0x92, 0xE5,
    0x10, 0xD0, 0x4D, 0xE2, 0x00, 0x00, 0x51, 0xE3, 0x11, 0x00, 0x00, 0x0A, 0x06, 0x20, 0xA0, 0xE1,
    0xC4, 0x00, 0x9F, 0xE5, 0x08, 0x10, 0x8D, 0xE2, 0x6F, 0x00, 0x00, 0xEB, 0x00, 0x00, 0x50, 0xE3,
    0x28, 0x00, 0x00, 0x0A, 0x14, 0x00, 0xA0, 0xE3, 0x70, 0x1A, 0x00, 0xEB, 0x00, 0x30, 0x50, 0xE2,
    0x21, 0x00, 0x00, 0x0A, 0xD8, 0x00, 0xCD, 0xE1, 0xFC, 0x00, 0xC3, 0xE1, 0x03, 0x10, 0xA0, 0xE1,
    0x98, 0x00, 0x9F, 0xE5, 0x0C, 0x06, 0x00, 0xEB, 0x08, 0x00, 0x9D, 0xE5, 0x10, 0xD0, 0x8D, 0xE2,
    0x70, 0x80, 0xBD, 0xE8, 0x88, 0x00, 0x9F, 0xE5, 0x04, 0x10, 0x8D, 0xE5, 0x00, 0x40, 0x90, 0xE5,
    0x80, 0x00, 0x9F, 0xE5, 0x00, 0x30, 0x8D, 0xE5, 0x00, 0x50, 0x90, 0xE5, 0x10, 0x00, 0xA0, 0xE3,
    0x5E, 0x1A, 0x00, 0xEB, 0x00, 0xC0, 0x50, 0xE2, 0x12, 0x00, 0x00, 0x0A, 0x58, 0x20, 0x9F, 0xE5,
    0x04, 0x10, 0x9D, 0xE5, 0x00, 0x30, 0x9D, 0xE5, 0x32, 0x00, 0x8C, 0xE9, 0x04, 0x10, 0x92, 0xE5,
    0x48, 0x00, 0x9F, 0xE5, 0x00, 0x00, 0x51, 0xE3, 0x00, 0x10, 0x8C, 0xE5, 0x04, 0xC0, 0x81, 0x15,
    0x44, 0x10, 0x9F, 0xE5, 0x00, 0x30, 0x8D, 0xE5, 0x00, 0xC0, 0x82, 0xE5, 0x04, 0xC0, 0x82, 0xE5,
    0x87, 0x05, 0x00, 0xEB, 0x00, 0x30, 0x9D, 0xE5, 0xD3, 0xFF, 0xFF, 0xEA, 0x18, 0x00, 0x9F, 0xE5,
    0x08, 0x10, 0x8D, 0xE2, 0xA2, 0x00, 0x00, 0xEB, 0x00, 0x00, 0xA0, 0xE3, 0x10, 0xD0, 0x8D, 0xE2,
    0x70, 0x80, 0xBD, 0xE8, 0x00, 0x00, 0xA0, 0xE3, 0x1E, 0xFF, 0x2F, 0xE1, 0x40, 0xD3, 0x11, 0x00,
    0x48, 0xD3, 0x11, 0x00, 0xA8, 0xD3, 0x11, 0x00, 0xA0, 0xD3, 0x11, 0x00, 0x6C, 0x5C, 0x10, 0x00,
    0x80, 0x10, 0xA0, 0xE3, 0xB2, 0xFF, 0xFF, 0xEA, 0x04, 0xE0, 0x2D, 0xE5, 0x24, 0xD0, 0x4D, 0xE2,
    0x18, 0x00, 0x8D, 0xE5, 0x0C, 0x10, 0x8D, 0xE2, 0x38, 0x00, 0x9F, 0xE5, 0x53, 0x05, 0x00, 0xEB,
    0x00, 0x30, 0x50, 0xE2, 0x09, 0x00, 0x00, 0x0A, 0x0C, 0x10, 0x83, 0xE2, 0x28, 0x00, 0x9F, 0xE5,
    0x04, 0x30, 0x8D, 0xE5, 0x8A, 0x00, 0x00, 0xEB, 0x20, 0x20, 0x9F, 0xE5, 0x14, 0x00, 0x9F, 0xE5,
    0x04, 0x10, 0x9D, 0xE5, 0x24, 0xD0, 0x8D, 0xE2, 0x04, 0xE0, 0x9D, 0xE4, 0xD0, 0x05, 0x00, 0xEA,
    0x24, 0xD0, 0x8D, 0xE2, 0x04, 0xF0, 0x9D, 0xE4, 0x48, 0xD3, 0x11, 0x00, 0x40, 0xD3, 0x11, 0x00,
    0x90, 0x5C, 0x10, 0x00, 0xF0, 0x41, 0x2D, 0xE9, 0x00, 0x70, 0xA0, 0xE1, 0x04, 0x00, 0x91, 0xE5,
    0x00, 0x00, 0x50, 0xE3, 0xF0, 0x81, 0xBD, 0x08, 0x01, 0x60, 0xA0, 0xE1, 0x08, 0x50, 0x91, 0xE5,
    0x0C, 0x30, 0x91, 0xE5, 0x03, 0x50, 0x85, 0xE0, 0x08, 0x30, 0x90, 0xE5, 0x05, 0x00, 0x53, 0xE1,
    0xF0, 0x81, 0xBD, 0x18, 0x00, 0x20, 0x90, 0xE5, 0x0C, 0x30, 0x96, 0xE5, 0x0C, 0x10, 0x90, 0xE5,
    0x04, 0x40, 0x90, 0xE5, 0x01, 0x30, 0x83, 0xE0, 0x00, 0x00, 0x52, 0xE3, 0x0C, 0x30, 0x86, 0xE5,
    0x07, 0x30, 0xA0, 0x01, 0x04, 0x30, 0x82, 0x12, 0x00, 0x00, 0x54, 0xE3, 0x06, 0x00, 0x00, 0x0A,
    0x0C, 0x10, 0x90, 0xE5, 0x00, 0x40, 0x83, 0xE5, 0x00, 0x20, 0x84, 0xE5, 0x01, 0x50, 0x85, 0xE0,
    0x1A, 0x1A, 0x00, 0xEB, 0x04, 0x00, 0xA0, 0xE1, 0xEA, 0xFF, 0xFF, 0xEA, 0x00, 0x40, 0x83, 0xE5,
    0x04, 0x20, 0x87, 0xE5, 0xF0, 0x41, 0xBD, 0xE8, 0x14, 0x1A, 0x00, 0xEA, 0x01, 0xC0, 0x43, 0xE2,
    0x1E, 0x00, 0x5C, 0xE3, 0x01, 0x00, 0x00, 0x9A, 0x00, 0x00, 0xA0, 0xE3, 0x1E, 0xFF, 0x2F, 0xE1,
    0x01, 0xC0, 0xA0, 0xE3, 0xF0, 0x40, 0x2D, 0xE9, 0x1C, 0x33, 0xA0, 0xE1, 0x01, 0x70, 0xA0, 0xE1,
    0x01, 0x10, 0x43, 0xE2, 0x02, 0x00, 0x11, 0xE1, 0x0C, 0xD0, 0x4D, 0xE2, 0x05, 0x00, 0x00, 0x0A,
    0x00, 0xC0, 0x63, 0xE2, 0x02, 0x00, 0x5C, 0xE1, 0x00, 0x00, 0xA0, 0x33, 0x2F, 0x00, 0x00, 0x3A,
    0x02, 0x20, 0x81, 0xE0, 0x0C, 0x20, 0x02, 0xE0, 0x00, 0x40, 0x90, 0xE5, 0x00, 0x00, 0x54, 0xE3,
    0x2F, 0x00, 0x00, 0x0A, 0x08, 0xC0, 0x94, 0xE5, 0x0C, 0x50, 0x94, 0xE5, 0x01, 0xE0, 0x1C, 0xE0,
    0x06, 0x00, 0x00, 0x0A, 0x0E, 0x60, 0x43, 0xE0, 0x05, 0x00, 0x56, 0xE1, 0x03, 0x50, 0x45, 0xE0,
    0x0E, 0x50, 0x85, 0xE0, 0x23, 0x00, 0x00, 0x8A, 0x06, 0xE0, 0xA0, 0xE1, 0x06, 0xC0, 0x8C, 0xE0,
    0x05, 0x00, 0x52, 0xE1, 0x1F, 0x00, 0x00, 0x8A, 0x07, 0x10, 0xA0, 0xE1, 0x00, 0x00, 0x5E, 0xE3,
    0x00, 0x70, 0xA0, 0xE1, 0x02, 0x00, 0x8C, 0xE0, 0x00, 0x60, 0xA0, 0xE1, 0x00, 0xC0, 0x81, 0xE5,
    0x04, 0x20, 0x81, 0xE5, 0x02, 0x30, 0x45, 0xE0, 0x10, 0x00, 0x00, 0x1A, 0x00, 0x00, 0x53, 0xE3,
    0x08, 0x00, 0x84, 0xE5, 0x0C, 0x30, 0x84, 0xE5, 0x0F, 0x00, 0x00, 0x1A, 0x00, 0x30, 0x94, 0xE5,
    0x04, 0x20, 0x94, 0xE5, 0x00, 0x00, 0x53, 0xE3, 0x07, 0x00, 0xA0, 0x01, 0x04, 0x00, 0x83, 0x12,
    0x00, 0x00, 0x52, 0xE3, 0x02, 0x10, 0xA0, 0x11, 0x04, 0x10, 0x87, 0x02, 0x00, 0x20, 0x80, 0xE5,
    0x04, 0x00, 0xA0, 0xE1, 0x00, 0x30, 0x81, 0xE5, 0xD8, 0x19, 0x00, 0xEB, 0x02, 0x00, 0x00, 0xEA,
    0x05, 0x00, 0x52, 0xE1, 0x0C, 0xE0, 0x84, 0xE5, 0x07, 0x00, 0x00, 0x1A, 0x01, 0x00, 0xA0, 0xE3,
    0x0C, 0xD0, 0x8D, 0xE2, 0xF0, 0x80, 0xBD, 0xE8, 0x04, 0x40, 0x94, 0xE5, 0x00, 0x00, 0x54, 0xE3,
    0xCF, 0xFF, 0xFF, 0x1A, 0x04, 0x00, 0xA0, 0xE1, 0xF8, 0xFF, 0xFF, 0xEA, 0x10, 0x00, 0xA0, 0xE3,
    0x04, 0x10, 0x8D, 0xE5, 0x00, 0x30, 0x8D, 0xE5, 0xB8, 0x19, 0x00, 0xEB, 0x04, 0x10, 0x9D, 0xE5,
    0x00, 0x00, 0x50, 0xE3, 0x00, 0x30, 0x9D, 0xE5, 0x04, 0x50, 0x81, 0x05, 0xEE, 0xFF, 0xFF, 0x0A,
    0x0C, 0x30, 0x80, 0xE5, 0x00, 0x30, 0xA0, 0xE3, 0x04, 0x30, 0x80, 0xE5, 0x04, 0x20, 0x94, 0xE5,
    0x08, 0x60, 0x80, 0xE5, 0x03, 0x00, 0x52, 0xE1, 0x02, 0x30, 0xA0, 0x11, 0x04, 0x30, 0x87, 0x02,
    0x04, 0x00, 0x84, 0xE5, 0x00, 0x40, 0x80, 0xE5, 0x04, 0x20, 0x80, 0xE5, 0x00, 0x00, 0x83, 0xE5,
    0xE1, 0xFF, 0xFF, 0xEA, 0x01, 0x30, 0xA0, 0xE1, 0xF0, 0x40, 0x2D, 0xE9, 0x00, 0x10, 0x90, 0xE5,
    0x00, 0x60, 0xA0, 0xE1, 0x00, 0x00, 0x51, 0xE3, 0x01, 0x40, 0xA0, 0x11, 0x00, 0x50, 0x93, 0xE5,
    0x04, 0x70, 0x93, 0xE5, 0x0C, 0xD0, 0x4D, 0xE2, 0x1C, 0x00, 0x00, 0x0A, 0x08, 0x30, 0x94, 0xE5,
    0x03, 0x00, 0x55, 0xE1, 0x12, 0x00, 0x00, 0x2A, 0x07, 0x20, 0x85, 0xE0, 0x02, 0x00, 0x53, 0xE1,
    0x29, 0x00, 0x00, 0x0A, 0x10, 0x00, 0xA0, 0xE3, 0x94, 0x19, 0x00, 0xEB, 0x00, 0x00, 0x50, 0xE3,
    0x09, 0x00, 0x00, 0x0A, 0x00, 0x30, 0xA0, 0xE3, 0x00, 0x30, 0x80, 0xE5, 0x00, 0x30, 0x94, 0xE5,
    0x08, 0x50, 0x80, 0xE5, 0x00, 0x00, 0x53, 0xE3, 0x04, 0x60, 0x83, 0x12, 0x0C, 0x70, 0x80, 0xE5,
    0x00, 0x00, 0x84, 0xE5, 0x18, 0x00, 0x80, 0xE8, 0x00, 0x00, 0x86, 0xE5, 0x0C, 0xD0, 0x8D, 0xE2,
    0xF0, 0x80, 0xBD, 0xE8, 0x0C, 0x20, 0x94, 0xE5, 0x02, 0x30, 0x83, 0xE0, 0x03, 0x00, 0x55, 0xE1,
    0x1A, 0x00, 0x00, 0x0A, 0x04, 0x40, 0x94, 0xE5, 0x00, 0x00, 0x54, 0xE3, 0xE2, 0xFF, 0xFF, 0x1A,
    0x10, 0x00, 0xA0, 0xE3, 0x04, 0x10, 0x8D, 0xE5, 0x7C, 0x19, 0x00, 0xEB, 0x00, 0x00, 0x50, 0xE3,
    0x04, 0x10, 0x9D, 0xE5, 0xF0, 0xFF, 0xFF, 0x0A, 0x00, 0x20, 0xA0, 0xE3, 0x04, 0x30, 0x96, 0xE5,
    0x08, 0x50, 0x80, 0xE5, 0x00, 0x00, 0x53, 0xE3, 0x0C, 0x70, 0x80, 0xE5, 0x00, 0x30, 0x80, 0xE5,
    0x04, 0x20, 0x80, 0xE5, 0x04, 0x00, 0x83, 0x15, 0x00, 0x00, 0x51, 0xE3, 0x00, 0x00, 0x86, 0x05,
    0x04, 0x00, 0x86, 0xE5, 0x0C, 0xD0, 0x8D, 0xE2, 0xF0, 0x80, 0xBD, 0xE8, 0x0C, 0x30, 0x94, 0xE5,
    0x08, 0x50, 0x84, 0xE5, 0x07, 0x30, 0x83, 0xE0, 0x0C, 0x30, 0x84, 0xE5, 0xDE, 0xFF, 0xFF, 0xEA,
    0x04, 0x10, 0xA0, 0xE1, 0x06, 0x00, 0xA0, 0xE1, 0x07, 0x20, 0x82, 0xE0, 0x0C, 0x20, 0x84, 0xE5,
    0x0C, 0xD0, 0x8D, 0xE2, 0xF0, 0x40, 0xBD, 0xE8, 0x39, 0xFF, 0xFF, 0xEA, 0x00, 0x30, 0x90, 0xE5,
    0x00, 0x00, 0x53, 0xE3, 0x06, 0x00, 0x00, 0x0A, 0x00, 0x00, 0xA0, 0xE3, 0x0C, 0x20, 0x93, 0xE5,
    0x04, 0x30, 0x93, 0xE5, 0x02, 0x00, 0x80, 0xE0, 0x00, 0x00, 0x53, 0xE3, 0xFA, 0xFF, 0xFF, 0x1A,
    0x1E, 0xFF, 0x2F, 0xE1, 0x03, 0x00, 0xA0, 0xE1, 0x1E, 0xFF, 0x2F, 0xE1, 0x0C, 0x20, 0x90, 0xE5,
    0x0C, 0x30, 0x91, 0xE5, 0x03, 0x00, 0x52, 0xE1, 0x02, 0x00, 0x00, 0x3A, 0x01, 0x00, 0xA0, 0x83,
    0x00, 0x00, 0xA0, 0x93, 0x1E, 0xFF, 0x2F, 0xE1, 0x00, 0x00, 0xE0, 0xE3, 0x1E, 0xFF, 0x2F, 0xE1,
    0x5A, 0x19, 0x00, 0xEA, 0xF0, 0x41, 0x2D, 0xE9, 0x0F, 0x00, 0x51, 0xE3, 0x10, 0xD0, 0x4D, 0xE2,
    0x07, 0x00, 0x00, 0x9A, 0x01, 0x30, 0x41, 0xE2, 0x01, 0x00, 0x13, 0xE1, 0x49, 0x00, 0x00, 0x1A,
    0x00, 0x30, 0x61, 0xE2, 0x01, 0x30, 0x03, 0xE0, 0x13, 0x3F, 0x6F, 0xE1, 0x1F, 0x70, 0x63, 0xE2,
    0x00, 0x00, 0x00, 0xEA, 0x04, 0x70, 0xA0, 0xE3, 0xF0, 0x11, 0x9F, 0xE5, 0x00, 0x80, 0xA0, 0xE1,
    0x00, 0x00, 0x91, 0xE5, 0x00, 0x00, 0x50, 0xE3, 0x41, 0x00, 0x00, 0x0A, 0x03, 0x10, 0x02, 0xE2,
    0x02, 0x00, 0x51, 0xE3, 0x69, 0x00, 0x00, 0x0A, 0x03, 0x00, 0x51, 0xE3, 0x15, 0x00, 0x00, 0x0A,
    0x01, 0x00, 0x51, 0xE3, 0x37, 0x00, 0x00, 0x1A, 0x08, 0x10, 0x8D, 0xE2, 0x07, 0x30, 0xA0, 0xE1,
    0x08, 0x20, 0xA0, 0xE1, 0xB4, 0x01, 0x9F, 0xE5, 0x01, 0x40, 0xA0, 0xE1, 0x26, 0xFF, 0xFF, 0xEB,
    0x00, 0x00, 0x50, 0xE3, 0x2F, 0x00, 0x00, 0x0A, 0x14, 0x00, 0xA0, 0xE3, 0x27, 0x19, 0x00, 0xEB,
    0x00, 0x30, 0x50, 0xE2, 0x1E, 0x00, 0x00, 0x0A, 0xD0, 0x00, 0xC4, 0xE1, 0xFC, 0x00, 0xC3, 0xE1,
    0x03, 0x10, 0xA0, 0xE1, 0x88, 0x01, 0x9F, 0xE5, 0xC3, 0x04, 0x00, 0xEB, 0x08, 0x00, 0x9D, 0xE5,
    0x10, 0xD0, 0x8D, 0xE2, 0xF0, 0x81, 0xBD, 0xE8, 0x70, 0x01, 0x9F, 0xE5, 0xBA, 0xFF, 0xFF, 0xEB,
    0x00, 0x40, 0xA0, 0xE1, 0x6C, 0x01, 0x9F, 0xE5, 0xB7, 0xFF, 0xFF, 0xEB, 0x00, 0x00, 0x54, 0xE1,
    0x58, 0x01, 0x9F, 0x25, 0x5C, 0x01, 0x9F, 0x35, 0x08, 0x10, 0x8D, 0xE2, 0x07, 0x30, 0xA0, 0xE1,
    0x08, 0x20, 0xA0, 0xE1, 0x4C, 0x51, 0x9F, 0x25, 0x40, 0x51, 0x9F, 0x35, 0x01, 0x40, 0xA0, 0xE1,
    0x09, 0xFF, 0xFF, 0xEB, 0x00, 0x00, 0x50, 0xE3, 0xE2, 0xFF, 0xFF, 0x1A, 0x07, 0x30, 0xA0, 0xE1,
    0x08, 0x20, 0xA0, 0xE1, 0x04, 0x10, 0xA0, 0xE1, 0x05, 0x00, 0xA0, 0xE1, 0x02, 0xFF, 0xFF, 0xEB,
    0xDA, 0xFF, 0xFF, 0xEA, 0x08, 0x20, 0x9D, 0xE5, 0x1F, 0x04, 0x52, 0xE3, 0x06, 0x00, 0x00, 0x3A,
    0x14, 0x11, 0x9F, 0xE5, 0x01, 0x00, 0x52, 0xE1, 0x3B, 0x00, 0x00, 0x9A, 0x0C, 0x01, 0x9F, 0xE5,
    0x00, 0x11, 0x9F, 0xE5, 0x00, 0x00, 0x52, 0xE1, 0x01, 0x30, 0xA0, 0x91, 0x04, 0x10, 0xA0, 0xE1,
    0x03, 0x00, 0xA0, 0xE1, 0x52, 0xFF, 0xFF, 0xEB, 0x00, 0x00, 0xA0, 0xE3, 0x10, 0xD0, 0x8D, 0xE2,
    0xF0, 0x81, 0xBD, 0xE8, 0xDC, 0x30, 0x9F, 0xE5, 0x00, 0x00, 0x93, 0xE5, 0x00, 0x50, 0x50, 0xE2,
    0xB9, 0xFF, 0xFF, 0x1A, 0x10, 0x00, 0xA0, 0xE3, 0x04, 0x20, 0x8D, 0xE5, 0xEF, 0x18, 0x00, 0xEB,
    0x00, 0x40, 0x50, 0xE2, 0xF3, 0xFF, 0xFF, 0x0A, 0x1F, 0x04, 0xA0, 0xE3, 0x03, 0x66, 0xA0, 0xE3,
    0x08, 0x00, 0x84, 0xE5, 0x04, 0x50, 0x84, 0xE5, 0x10, 0x00, 0xA0, 0xE3, 0x0C, 0x60, 0x84, 0xE5,
    0xE6, 0x18, 0x00, 0xEB, 0x00, 0x00, 0x50, 0xE3, 0x21, 0x00, 0x00, 0x0A, 0x8C, 0x10, 0x9F, 0xE5,
    0x90, 0x30, 0x9F, 0xE5, 0x04, 0xC0, 0x91, 0xE5, 0x94, 0xE0, 0x9F, 0xE5, 0x00, 0x00, 0x5C, 0xE3,
    0x04, 0x50, 0x80, 0xE5, 0x0C, 0x60, 0x80, 0xE5, 0x08, 0xE0, 0x80, 0xE5, 0x00, 0xC0, 0x84, 0xE5,
    0x04, 0x40, 0x8C, 0x15, 0x04, 0x40, 0x81, 0xE5, 0x00, 0x40, 0x81, 0xE5, 0x04, 0x10, 0x93, 0xE5,
    0x04, 0x20, 0x9D, 0xE5, 0x00, 0x00, 0x51, 0xE3, 0x00, 0x10, 0x80, 0xE5, 0x04, 0x00, 0x81, 0x15,
    0x00, 0x00, 0x83, 0xE5, 0x04, 0x00, 0x83, 0xE5, 0x58, 0x10, 0x9F, 0xE5, 0x40, 0x00, 0x9F, 0xE5,
    0x04, 0x20, 0x8D, 0xE5, 0x06, 0x04, 0x00, 0xEB, 0x04, 0x20, 0x9D, 0xE5, 0x92, 0xFF, 0xFF, 0xEA,
    0x08, 0x10, 0x8D, 0xE2, 0x07, 0x30, 0xA0, 0xE1, 0x08, 0x20, 0xA0, 0xE1, 0x24, 0x00, 0x9F, 0xE5,
    0x01, 0x40, 0xA0, 0xE1, 0xC0, 0xFE, 0xFF, 0xEB, 0x98, 0xFF, 0xFF, 0xEA, 0x0C, 0x30, 0x9F, 0xE5,
    0xC5, 0xFF, 0xFF, 0xEA, 0x04, 0x00, 0xA0, 0xE1, 0xD0, 0x18, 0x00, 0xEB, 0xC5, 0xFF, 0xFF, 0xEA,
    0x60, 0xD3, 0x11, 0x00, 0x68, 0xD3, 0x11, 0x00, 0x58, 0xD3, 0x11, 0x00, 0xFF, 0xFF, 0x2F, 0x1F,
    0xFF, 0xFF, 0x5F, 0x1F, 0x00, 0x00, 0x30, 0x1F, 0x6C, 0x61, 0x10, 0x00, 0x03, 0x20, 0xA0, 0xE3,
    0x80, 0x10, 0xA0, 0xE3, 0x6A, 0xFF, 0xFF, 0xEA, 0x10, 0x40, 0x2D, 0xE9, 0x00, 0x40, 0xA0, 0xE1,
    0x20, 0xD0, 0x4D, 0xE2, 0x6C, 0x00, 0x9F, 0xE5, 0x0C, 0x10, 0x8D, 0xE2, 0x18, 0x40, 0x8D, 0xE5,
    0xCA, 0x03, 0x00, 0xEB, 0x00, 0x30, 0x50, 0xE2, 0x14, 0x00, 0x00, 0x0A, 0x1F, 0x04, 0x54, 0xE3,
    0x00, 0x00, 0xA0, 0x33, 0x06, 0x00, 0x00, 0x3A, 0x4C, 0x20, 0x9F, 0xE5, 0x02, 0x00, 0x54, 0xE1,
    0x0C, 0x00, 0x00, 0x9A, 0x03, 0x26, 0x82, 0xE2, 0x02, 0x00, 0x54, 0xE1, 0x3C, 0x00, 0x9F, 0xE5,
    0x00, 0x00, 0xA0, 0x83, 0x0C, 0x10, 0x83, 0xE2, 0x04, 0x30, 0x8D, 0xE5, 0xF8, 0xFE, 0xFF, 0xEB,
    0x2C, 0x20, 0x9F, 0xE5, 0x1C, 0x00, 0x9F, 0xE5, 0x04, 0x10, 0x9D, 0xE5, 0x20, 0xD0, 0x8D, 0xE2,
    0x10, 0x40, 0xBD, 0xE8, 0x3E, 0x04, 0x00, 0xEA, 0x18, 0x00, 0x9F, 0xE5, 0xF4, 0xFF, 0xFF, 0xEA,
    0x20, 0xD0, 0x8D, 0xE2, 0x10, 0x80, 0xBD, 0xE8, 0x68, 0xD3, 0x11, 0x00, 0xFF, 0xFF, 0x2F, 0x1F,
    0x58, 0xD3, 0x11, 0x00, 0x90, 0x61, 0x10, 0x00, 0x60, 0xD3, 0x11, 0x00, 0x80, 0x30, 0x9F, 0xE5,
    0x70, 0x40, 0x2D, 0xE9, 0x00, 0x40, 0x93, 0xE5, 0x00, 0x00, 0x54, 0xE3, 0x04, 0x50, 0xA0, 0x01,
    0x12, 0x00, 0x00, 0x0A, 0x00, 0x50, 0x94, 0xE5, 0x00, 0x00, 0x55, 0xE3, 0x0F, 0x00, 0x00, 0x0A,
    0x01, 0x60, 0x40, 0xE2, 0x00, 0x00, 0xA0, 0xE3, 0x0B, 0xE0, 0x84, 0xE2, 0x06, 0x10, 0xA0, 0xE1,
    0x08, 0x30, 0x4E, 0xE2, 0x01, 0xC0, 0xF3, 0xE5, 0x01, 0x20, 0xF1, 0xE5, 0x0C, 0x00, 0x52, 0xE1,
    0x08, 0x00, 0x00, 0x1A, 0x00, 0x00, 0x52, 0xE3, 0x01, 0x00, 0x00, 0x0A, 0x0E, 0x00, 0x53, 0xE1,
    0xF7, 0xFF, 0xFF, 0x1A, 0x80, 0x00, 0x80, 0xE0, 0x00, 0x31, 0x84, 0xE0, 0x0C, 0x50, 0x93, 0xE5,
    0x05, 0x00, 0xA0, 0xE1, 0x70, 0x80, 0xBD, 0xE8, 0x01, 0x00, 0x80, 0xE2, 0x00, 0x00, 0x55, 0xE1,
    0x0C, 0xE0, 0x8E, 0xE2, 0xEC, 0xFF, 0xFF, 0x1A, 0x00, 0x50, 0xA0, 0xE3, 0x05, 0x00, 0xA0, 0xE1,
    0x70, 0x80, 0xBD, 0xE8, 0x08, 0x00, 0x10, 0x00, 0x44, 0x30, 0x9F, 0xE5, 0xF0, 0x41, 0x2D, 0xE9,
    0x00, 0x70, 0x93, 0xE5, 0x00, 0x00, 0x57, 0xE3, 0xF0, 0x81, 0xBD, 0x08, 0x00, 0x50, 0x97, 0xE5,
    0x00, 0x00, 0x55, 0xE3, 0x07, 0x00, 0x00, 0x0A, 0x00, 0x40, 0xA0, 0xE3, 0x85, 0x50, 0x85, 0xE0,
    0x0C, 0x60, 0x87, 0xE2, 0x04, 0x01, 0x96, 0xE7, 0x03, 0x40, 0x84, 0xE2, 0x8C, 0xFD, 0xFF, 0xEB,
    0x05, 0x00, 0x54, 0xE1, 0xFA, 0xFF, 0xFF, 0x1A, 0x00, 0x30, 0xA0, 0xE3, 0x00, 0x30, 0x87, 0xE5,
    0xF0, 0x81, 0xBD, 0xE8, 0x08, 0x00, 0x10, 0x00, 0x10, 0x40, 0x2D, 0xE9, 0x36, 0x03, 0x00, 0xEB,
    0x00, 0x00, 0x50, 0xE3, 0x10, 0x80, 0xBD, 0xB8, 0x18, 0x30, 0x9F, 0xE5, 0x00, 0x30, 0xD3, 0xE5,
    0x00, 0x00, 0x53, 0xE3, 0x03, 0x00, 0xA0, 0x13, 0x00, 0x00, 0xA0, 0x03, 0x5B, 0x03, 0x00, 0xEB,
    0x10, 0x40, 0xBD, 0xE8, 0x4A, 0x03, 0x00, 0xEA, 0x78, 0xD3, 0x11, 0x00, 0xBA, 0x0F, 0x07, 0xEE,
    0x44, 0x31, 0x9F, 0xE5, 0x9F, 0x2F, 0x93, 0xE1, 0x01, 0x10, 0x82, 0xE2, 0x91, 0x0F, 0x83, 0xE1,
    0x00, 0x00, 0x50, 0xE3, 0xFA, 0xFF, 0xFF, 0x1A, 0x00, 0x00, 0x52, 0xE3, 0xBA, 0x0F, 0x07, 0xEE,
    0x40, 0x00, 0x00, 0x1A, 0x04, 0xE0, 0x2D, 0xE5, 0x20, 0x31, 0x9F, 0xE5, 0x0C, 0xD0, 0x4D, 0xE2,
    0x02, 0x30, 0xD3, 0xE5, 0x26, 0x00, 0x53, 0xE3, 0x1A, 0x00, 0x00, 0x9A, 0x10, 0x11, 0x9F, 0xE5,
    0x10, 0x01, 0x9F, 0xE5, 0x79, 0xFD, 0xFF, 0xEB, 0x00, 0x30, 0xA0, 0xE1, 0x00, 0x00, 0x53, 0xE3,
    0x20, 0x00, 0x00, 0xAA, 0x00, 0x20, 0xA0, 0xE3, 0xF8, 0x10, 0x9F, 0xE5, 0x00, 0x20, 0x81, 0xE5,
    0xBA, 0x0F, 0x07, 0xEE, 0xE0, 0x20, 0x9F, 0xE5, 0x9F, 0x0F, 0x92, 0xE1, 0x01, 0x00, 0x40, 0xE2,
    0x90, 0xCF, 0x82, 0xE1, 0x00, 0x00, 0x5C, 0xE3, 0xFA, 0xFF, 0xFF, 0x1A, 0x00, 0x00, 0x50, 0xE3,
    0xBA, 0x0F, 0x07, 0xEE, 0x04, 0x00, 0x00, 0x1A, 0x00, 0x00, 0x91, 0xE5, 0x00, 0x00, 0x50, 0xE3,
    0x27, 0x00, 0x00, 0x1A, 0x00, 0x20, 0xA0, 0xE3, 0x00, 0x20, 0x81, 0xE5, 0x03, 0x00, 0xA0, 0xE1,
    0x0C, 0xD0, 0x8D, 0xE2, 0x04, 0xF0, 0x9D, 0xE4, 0x39, 0x03, 0x00, 0xEB, 0x00, 0x30, 0x90, 0xE5,
    0x00, 0x00, 0x53, 0xE3, 0xE0, 0xFF, 0xFF, 0x0A, 0x35, 0x03, 0x00, 0xEB, 0x00, 0x30, 0xA0, 0xE1,
    0x90, 0x00, 0x9F, 0xE5, 0x00, 0x10, 0x93, 0xE5, 0x53, 0xFD, 0xFF, 0xEB, 0x00, 0x30, 0xA0, 0xE1,
    0x00, 0x00, 0x53, 0xE3, 0xDE, 0xFF, 0xFF, 0xBA, 0x70, 0x2F, 0x1D, 0xEE, 0x20, 0x30, 0xA0, 0xE3,
    0x70, 0x10, 0x9F, 0xE5, 0x70, 0xC0, 0x9F, 0xE5, 0x00, 0x00, 0x91, 0xE5, 0x84, 0x30, 0x82, 0xE5,
    0x80, 0xC0, 0x82, 0xE5, 0x00, 0x10, 0x8D, 0xE5, 0x04, 0x20, 0x8D, 0xE5, 0x50, 0xFD, 0xFF, 0xEB,
    0x00, 0x30, 0x50, 0xE2, 0x00, 0x10, 0x9D, 0xE5, 0xD4, 0xFF, 0xFF, 0xBA, 0x04, 0x20, 0x9D, 0xE5,
    0x84, 0x30, 0x92, 0xE5, 0x00, 0x00, 0x53, 0xE3, 0xD0, 0xFF, 0xFF, 0xBA, 0x03, 0x00, 0xA0, 0xE1,
    0x0C, 0xD0, 0x8D, 0xE2, 0x04, 0xF0, 0x9D, 0xE4, 0x00, 0x30, 0xA0, 0xE3, 0x03, 0x00, 0xA0, 0xE1,
    0x1E, 0xFF, 0x2F, 0xE1, 0x04, 0x10, 0x8D, 0xE5, 0x00, 0x30, 0x8D, 0xE5, 0x28, 0xFD, 0xFF, 0xEB,
    0x04, 0x10, 0x9D, 0xE5, 0x00, 0x30, 0x9D, 0xE5, 0xD1, 0xFF, 0xFF, 0xEA, 0x7C, 0xD3, 0x11, 0x00,
    0x00, 0x00, 0xF8, 0x1F, 0x14, 0x81, 0x11, 0x00, 0x80, 0xD3, 0x11, 0x00, 0x02, 0x00, 0x01, 0x00,
    0xBA, 0x0F, 0x07, 0xEE, 0x50, 0x30, 0x9F, 0xE5, 0x9F, 0x2F, 0x93, 0xE1, 0x01, 0x20, 0x42, 0xE2,
    0x92, 0x1F, 0x83, 0xE1, 0x00, 0x00, 0x51, 0xE3, 0xFA, 0xFF, 0xFF, 0x1A, 0x00, 0x00, 0x52, 0xE3,
    0xBA, 0x0F, 0x07, 0xEE, 0x1E, 0xFF, 0x2F, 0x11, 0x30, 0x30, 0x9F, 0xE5, 0x00, 0x00, 0x93, 0xE5,
    0x00, 0x00, 0x50, 0xE3, 0x02, 0x00, 0x00, 0x1A, 0x00, 0x20, 0xA0, 0xE3, 0x00, 0x20, 0x83, 0xE5,
    0x1E, 0xFF, 0x2F, 0xE1, 0x10, 0x40, 0x2D, 0xE9, 0x0D, 0xFD, 0xFF, 0xEB, 0x00, 0x20, 0xA0, 0xE3,
    0x08, 0x30, 0x9F, 0xE5, 0x00, 0x20, 0x83, 0xE5, 0x10, 0x80, 0xBD, 0xE8, 0x7C, 0xD3, 0x11, 0x00,
    0x80, 0xD3, 0x11, 0x00, 0x02, 0x38, 0xA0, 0xE3, 0x50, 0x20, 0x9F, 0xE5, 0x70, 0x40, 0x2D, 0xE9,
    0x70, 0x4F, 0x1D, 0xEE, 0x00, 0x50, 0xA0, 0xE1, 0x80, 0x30, 0x84, 0xE5, 0x00, 0x00, 0x92, 0xE5,
    0x17, 0xFD, 0xFF, 0xEB, 0x00, 0x00, 0x50, 0xE3, 0x07, 0x00, 0x00, 0xBA, 0x00, 0x00, 0x55, 0xE3,
    0x84, 0x00, 0x94, 0xE5, 0x70, 0x80, 0xBD, 0x08, 0x00, 0x00, 0x50, 0xE3, 0x04, 0x00, 0x00, 0xBA,
    0x8C, 0x30, 0x94, 0xE5, 0x00, 0x30, 0x85, 0xE5, 0x70, 0x80, 0xBD, 0xE8, 0x00, 0x00, 0x55, 0xE3,
    0x70, 0x80, 0xBD, 0x08, 0x00, 0x30, 0xA0, 0xE3, 0x00, 0x30, 0x85, 0xE5, 0x70, 0x80, 0xBD, 0xE8,
    0x80, 0xD3, 0x11, 0x00, 0x70, 0x40, 0x2D, 0xE9, 0x70, 0x4F, 0x1D, 0xEE, 0x01, 0x60, 0xA0, 0xE1,
    0x80, 0x30, 0x9F, 0xE5, 0x08, 0x20, 0xA0, 0xE3, 0x80, 0x30, 0x84, 0xE5, 0x00, 0x50, 0xA0, 0xE1,
    0x84, 0x00, 0x84, 0xE2, 0x84, 0x17, 0x00, 0xEB, 0x08, 0x10, 0xA0, 0xE3, 0x06, 0x00, 0xA0, 0xE1,
    0x7F, 0x18, 0x00, 0xEB, 0x00, 0x20, 0x94, 0xE5, 0x5C, 0x30, 0x9F, 0xE5, 0x8C, 0x00, 0x84, 0xE5,
    0x03, 0x00, 0x52, 0xE1, 0x00, 0x20, 0xA0, 0x13, 0x18, 0x20, 0xD4, 0x05, 0x4C, 0x30, 0x9F, 0xE5,
    0x90, 0x20, 0x84, 0xE5, 0x00, 0x00, 0x93, 0xE5, 0xF1, 0xFC, 0xFF, 0xEB, 0x00, 0x00, 0x50, 0xE3,
    0x07, 0x00, 0x00, 0xBA, 0x00, 0x00, 0x55, 0xE3, 0x84, 0x00, 0x94, 0xE5, 0x70, 0x80, 0xBD, 0x08,
    0x00, 0x00, 0x50, 0xE3, 0x04, 0x00, 0x00, 0xBA, 0x8C, 0x30, 0x94, 0xE5, 0x00, 0x30, 0x85, 0xE5,
    0x70, 0x80, 0xBD, 0xE8, 0x00, 0x00, 0x55, 0xE3, 0x70, 0x80, 0xBD, 0x08, 0x00, 0x30, 0xA0, 0xE3,
    0x00, 0x30, 0x85, 0xE5, 0x70, 0x80, 0xBD, 0xE8, 0x00, 0x01, 0x05, 0x00, 0x24, 0x56, 0x54, 0x21,
    0x80, 0xD3, 0x11, 0x00, 0x10, 0x40, 0x2D, 0xE9, 0x00, 0x40, 0xA0, 0xE1, 0x08, 0xD0, 0x4D, 0xE2,
    0x01, 0x00, 0xA0, 0xE1, 0x04, 0x10, 0x8D, 0xE5, 0x03, 0xFF, 0xFF, 0xEB, 0x00, 0x00, 0x50, 0xE3,
    0x04, 0x10, 0x9D, 0xE5, 0x03, 0x00, 0x00, 0x1A, 0x04, 0x00, 0xA0, 0xE1, 0x08, 0xD0, 0x8D, 0xE2,
    0x10, 0x40, 0xBD, 0xE8, 0xCA, 0xFF, 0xFF, 0xEA, 0x00, 0x10, 0xA0, 0xE1, 0x04, 0x00, 0xA0, 0xE1,
    0x08, 0xD0, 0x8D, 0xE2, 0x10, 0x40, 0xBD, 0xE8, 0xC3, 0xFC, 0xFF, 0xEA, 0x00, 0x30, 0xA0, 0xE1,
    0x20, 0x20, 0x9F, 0xE5, 0x20, 0x10, 0x9F, 0xE5, 0x10, 0x40, 0x2D, 0xE9, 0x70, 0x4F, 0x1D, 0xEE,
    0x00, 0x00, 0x91, 0xE5, 0xF0, 0x28, 0xC4, 0xE1, 0xC5, 0xFC, 0xFF, 0xEB, 0x00, 0x00, 0x50, 0xE3,
    0x84, 0x00, 0x94, 0xA5, 0x10, 0x80, 0xBD, 0xE8, 0x40, 0x00, 0x09, 0x00, 0x80, 0xD3, 0x11, 0x00,
    0x0B, 0x38, 0xA0, 0xE3, 0x50, 0x20, 0x9F, 0xE5, 0x70, 0x40, 0x2D, 0xE9, 0x70, 0x4F, 0x1D, 0xEE,
    0x00, 0x50, 0xA0, 0xE1, 0x80, 0x30, 0x84, 0xE5, 0x00, 0x00, 0x92, 0xE5, 0xB8, 0xFC, 0xFF, 0xEB,
    0x00, 0x00, 0x50, 0xE3, 0x07, 0x00, 0x00, 0xBA, 0x00, 0x00, 0x55, 0xE3, 0x84, 0x00, 0x94, 0xE5,
    0x70, 0x80, 0xBD, 0x08, 0x00, 0x00, 0x50, 0xE3, 0x04, 0x00, 0x00, 0xBA, 0x88, 0x30, 0x94, 0xE5,
    0x00, 0x30, 0x85, 0xE5, 0x70, 0x80, 0xBD, 0xE8, 0x00, 0x00, 0x55, 0xE3, 0x70, 0x80, 0xBD, 0x08,
    0x00, 0x30, 0xA0, 0xE3, 0x00, 0x30, 0x85, 0xE5, 0x70, 0x80, 0xBD, 0xE8, 0x80, 0xD3, 0x11, 0x00,
    0x00, 0x30, 0xA0, 0xE1, 0x24, 0x20, 0x9F, 0xE5, 0x24, 0x00, 0x9F, 0xE5, 0x10, 0x40, 0x2D, 0xE9,
    0x70, 0x4F, 0x1D, 0xEE, 0x00, 0x00, 0x90, 0xE5, 0xF0, 0x28, 0xC4, 0xE1, 0x88, 0x10, 0x84, 0xE5,
    0x9F, 0xFC, 0xFF, 0xEB, 0x00, 0x00, 0x50, 0xE3, 0x84, 0x00, 0x94, 0xA5, 0x10, 0x80, 0xBD, 0xE8,
    0x80, 0x00, 0x0C, 0x00, 0x80, 0xD3, 0x11, 0x00, 0x00, 0x00, 0x9F, 0xE5, 0x79, 0xFC, 0xFF, 0xEA,
    0x84, 0xD3, 0x11, 0x00, 0x0C, 0x30, 0x9F, 0xE5, 0x00, 0x00, 0x93, 0xE5, 0x00, 0x00, 0x50, 0xE3,
    0x1E, 0xFF, 0x2F, 0x01, 0x7A, 0xFC, 0xFF, 0xEA, 0x84, 0xD3, 0x11, 0x00, 0x01, 0xC0, 0xA0, 0xE1,
    0x02, 0x30, 0xA0, 0xE1, 0x14, 0x20, 0x9F, 0xE5, 0x04, 0xE0, 0x2D, 0xE5, 0x00, 0x10, 0xA0, 0xE1,
    0x04, 0xE0, 0x9D, 0xE4, 0x00, 0x00, 0x92, 0xE5, 0x0C, 0x20, 0xA0, 0xE1, 0x6E, 0xFC, 0xFF, 0xEA,
    0x84, 0xD3, 0x11, 0x00, 0x9F, 0x3F, 0x90, 0xE1, 0x00, 0x00, 0x53, 0xE3, 0x1B, 0x00, 0x00, 0x0A,
    0x00, 0x30, 0x63, 0xA2, 0x1B, 0x00, 0x00, 0xBA, 0x00, 0x10, 0xA0, 0xE3, 0x93, 0x2F, 0x80, 0xE1,
    0x72, 0x30, 0xEF, 0xE6, 0x00, 0x00, 0x53, 0xE3, 0xF5, 0xFF, 0xFF, 0x1A, 0x00, 0x00, 0x51, 0xE3,
    0x1A, 0x00, 0x00, 0x0A, 0x70, 0x40, 0x2D, 0xE9, 0x00, 0x40, 0xA0, 0xE1, 0x68, 0x50, 0x9F, 0xE5,
    0x00, 0x30, 0xA0, 0xE3, 0x01, 0x20, 0xA0, 0xE3, 0x04, 0x10, 0xA0, 0xE1, 0x00, 0x00, 0x95, 0xE5,
    0x59, 0xFC, 0xFF, 0xEB, 0x03, 0x00, 0x00, 0xEA, 0x92, 0x3F, 0x84, 0xE1, 0x73, 0x30, 0xEF, 0xE6,
    0x00, 0x00, 0x53, 0xE3, 0x0A, 0x00, 0x00, 0x0A, 0x9F, 0x3F, 0x94, 0xE1, 0x00, 0x00, 0x53, 0xE3,
    0x01, 0x20, 0x63, 0xE2, 0xF7, 0xFF, 0xFF, 0xAA, 0x1F, 0xF0, 0x7F, 0xF5, 0xEF, 0xFF, 0xFF, 0xEA,
    0x00, 0x30, 0xE0, 0xE3, 0xE3, 0xFF, 0xFF, 0xEA, 0x01, 0x10, 0xA0, 0xE3, 0x01, 0x30, 0x43, 0xE2,
    0xE1, 0xFF, 0xFF, 0xEA, 0x00, 0x30, 0xA0, 0xE3, 0xBA, 0x3F, 0x07, 0xEE, 0x70, 0x80, 0xBD, 0xE8,
    0x00, 0x30, 0xA0, 0xE3, 0xBA, 0x3F, 0x07, 0xEE, 0x1E, 0xFF, 0x2F, 0xE1, 0x84, 0xD3, 0x11, 0x00,
    0x00, 0x30, 0xA0, 0xE3, 0xBA, 0x3F, 0x07, 0xEE, 0x9F, 0x3F, 0x90, 0xE1, 0x00, 0x10, 0x63, 0xE2,
    0x91, 0x2F, 0x80, 0xE1, 0x72, 0x20, 0xEF, 0xE6, 0x00, 0x00, 0x52, 0xE3, 0xF9, 0xFF, 0xFF, 0x1A,
    0x01, 0x00, 0x73, 0xE3, 0x1E, 0xFF, 0x2F, 0xA1, 0x0C, 0xC0, 0x9F, 0xE5, 0x00, 0x10, 0xA0, 0xE1,
    0x01, 0x30, 0xA0, 0xE3, 0x00, 0x00, 0x9C, 0xE5, 0x33, 0xFC, 0xFF, 0xEA, 0x84, 0xD3, 0x11, 0x00,
    0x04, 0x10, 0x90, 0xE5, 0x70, 0x2F, 0x1D, 0xEE, 0x02, 0x00, 0x51, 0xE1, 0x03, 0x00, 0x00, 0x1A,
    0x08, 0x20, 0x90, 0xE5, 0x01, 0x20, 0x82, 0xE2, 0x08, 0x20, 0x80, 0xE5, 0x1E, 0xFF, 0x2F, 0xE1,
    0x04, 0xE0, 0x2D, 0xE5, 0x0C, 0xD0, 0x4D, 0xE2, 0x04, 0x20, 0x8D, 0xE5, 0x00, 0x00, 0x8D, 0xE5,
    0xB7, 0xFF, 0xFF, 0xEB, 0x00, 0x30, 0x9D, 0xE5, 0x04, 0x20, 0x9D, 0xE5, 0x04, 0x20, 0x83, 0xE5,
    0x08, 0x20, 0x93, 0xE5, 0x01, 0x20, 0x82, 0xE2, 0x08, 0x20, 0x83, 0xE5, 0x0C, 0xD0, 0x8D, 0xE2,
    0x04, 0xF0, 0x9D, 0xE4, 0x08, 0x30, 0x90, 0xE5, 0x01, 0x30, 0x43, 0xE2, 0x00, 0x00, 0x53, 0xE3,
    0x08, 0x30, 0x80, 0xE5, 0x1E, 0xFF, 0x2F, 0x11, 0x04, 0x30, 0x80, 0xE5, 0xBA, 0x3F, 0x07, 0xEE,
    0x9F, 0x3F, 0x90, 0xE1, 0x00, 0x10, 0x63, 0xE2, 0x91, 0x2F, 0x80, 0xE1, 0x72, 0x20, 0xEF, 0xE6,
    0x00, 0x00, 0x52, 0xE3, 0xF9, 0xFF, 0xFF, 0x1A, 0x01, 0x00, 0x73, 0xE3, 0x1E, 0xFF, 0x2F, 0xA1,
    0x0C, 0xC0, 0x9F, 0xE5, 0x00, 0x10, 0xA0, 0xE1, 0x01, 0x30, 0xA0, 0xE3, 0x00, 0x00, 0x9C, 0xE5,
    0x09, 0xFC, 0xFF, 0xEA, 0x84, 0xD3, 0x11, 0x00, 0x01, 0x20, 0xA0, 0xE3, 0x04, 0x30, 0x80, 0xE2,
    0x9F, 0x3F, 0x93, 0xE1, 0x04, 0xC0, 0x80, 0xE2, 0x92, 0x3F, 0x8C, 0xE1, 0x73, 0x30, 0xEF, 0xE6,
    0x00, 0x00, 0x53, 0xE3, 0xF8, 0xFF, 0xFF, 0x1A, 0x01, 0x00, 0x51, 0xE3, 0x00, 0x20, 0xE0, 0x13,
    0x01, 0x20, 0xE0, 0x03, 0x9F, 0x3F, 0x90, 0xE1, 0x92, 0x3F, 0x80, 0xE1, 0x73, 0x30, 0xEF, 0xE6,
    0x00, 0x00, 0x53, 0xE3, 0xFA, 0xFF, 0xFF, 0x1A, 0x1E, 0xFF, 0x2F, 0xE1, 0x00, 0x30, 0x90, 0xE5,
    0x01, 0x00, 0x53, 0xE3, 0x0A, 0x00, 0x00, 0x0A, 0x00, 0x00, 0x53, 0xE3, 0x1E, 0xFF, 0x2F, 0x11,
    0xBA, 0x3F, 0x07, 0xEE, 0x00, 0x20, 0xE0, 0xE3, 0x9F, 0x3F, 0x90, 0xE1, 0x92, 0x3F, 0x80, 0xE1,
    0x73, 0x30, 0xEF, 0xE6, 0x00, 0x00, 0x53, 0xE3, 0xFA, 0xFF, 0xFF, 0x1A, 0xBA, 0x3F, 0x07, 0xEE,
    0x1E, 0xFF, 0x2F, 0xE1, 0x00, 0x30, 0xA0, 0xE1, 0x04, 0xE0, 0x2D, 0xE5, 0x04, 0x00, 0x80, 0xE2,
    0x0C, 0xD0, 0x4D, 0xE2, 0x09, 0x00, 0x8D, 0xE8, 0x75, 0xFF, 0xFF, 0xEB, 0x09, 0x00, 0x9D, 0xE8,
    0x01, 0x10, 0xE0, 0xE3, 0x9F, 0x2F, 0x93, 0xE1, 0x91, 0x2F, 0x83, 0xE1, 0x72, 0x20, 0xEF, 0xE6,
    0x00, 0x00, 0x52, 0xE3, 0xFA, 0xFF, 0xFF, 0x1A, 0xBA, 0x2F, 0x07, 0xEE, 0x9F, 0x3F, 0x90, 0xE1,
    0x00, 0x10, 0x63, 0xE2, 0x91, 0x2F, 0x80, 0xE1, 0x72, 0x20, 0xEF, 0xE6, 0x00, 0x00, 0x52, 0xE3,
    0xF9, 0xFF, 0xFF, 0x1A, 0x01, 0x00, 0x73, 0xE3, 0x01, 0x00, 0x00, 0xBA, 0x0C, 0xD0, 0x8D, 0xE2,
    0x04, 0xF0, 0x9D, 0xE4, 0x00, 0x10, 0xA0, 0xE1, 0x01, 0x30, 0xA0, 0xE3, 0x0C, 0xC0, 0x9F, 0xE5,
    0x00, 0x00, 0x9C, 0xE5, 0x0C, 0xD0, 0x8D, 0xE2, 0x04, 0xE0, 0x9D, 0xE4, 0xCA, 0xFB, 0xFF, 0xEA,
    0x84, 0xD3, 0x11, 0x00, 0x00, 0x30, 0x90, 0xE5, 0x01, 0x00, 0x73, 0xE3, 0x1F, 0x00, 0x00, 0x0A,
    0x02, 0x00, 0x73, 0xE3, 0x1E, 0xFF, 0x2F, 0x11, 0x10, 0x40, 0x2D, 0xE9, 0x04, 0x40, 0x80, 0xE2,
    0x08, 0xD0, 0x4D, 0xE2, 0x04, 0x00, 0x8D, 0xE5, 0x04, 0x00, 0xA0, 0xE1, 0x50, 0xFF, 0xFF, 0xEB,
    0x01, 0x30, 0xA0, 0xE3, 0x04, 0x10, 0x9D, 0xE5, 0x9F, 0x2F, 0x91, 0xE1, 0x93, 0x2F, 0x81, 0xE1,
    0x72, 0x20, 0xEF, 0xE6, 0x00, 0x00, 0x52, 0xE3, 0xFA, 0xFF, 0xFF, 0x1A, 0x88, 0x00, 0x9F, 0xE5,
    0x00, 0x30, 0xE0, 0xE3, 0x00, 0x00, 0x90, 0xE5, 0x04, 0x20, 0x8D, 0xE5, 0xB2, 0xFB, 0xFF, 0xEB,
    0x04, 0x20, 0x9D, 0xE5, 0xBA, 0x2F, 0x07, 0xEE, 0x9F, 0x3F, 0x94, 0xE1, 0x00, 0x10, 0x63, 0xE2,
    0x91, 0x2F, 0x84, 0xE1, 0x72, 0x20, 0xEF, 0xE6, 0x00, 0x00, 0x52, 0xE3, 0xF9, 0xFF, 0xFF, 0x1A,
    0x01, 0x00, 0x73, 0xE3, 0x0D, 0x00, 0x00, 0xBA, 0x08, 0xD0, 0x8D, 0xE2, 0x10, 0x80, 0xBD, 0xE8,
    0x00, 0x30, 0xA0, 0xE3, 0xBA, 0x3F, 0x07, 0xEE, 0x9F, 0x2F, 0x90, 0xE1, 0x93, 0x2F, 0x80, 0xE1,
    0x72, 0x20, 0xEF, 0xE6, 0x00, 0x00, 0x52, 0xE3, 0xFA, 0xFF, 0xFF, 0x1A, 0x28, 0xC0, 0x9F, 0xE5,
    0x00, 0x10, 0xA0, 0xE1, 0x01, 0x30, 0xA0, 0xE3, 0x00, 0x00, 0x9C, 0xE5, 0x9A, 0xFB, 0xFF, 0xEA,
    0x01, 0x30, 0xA0, 0xE3, 0x04, 0x10, 0xA0, 0xE1, 0x0C, 0x00, 0x9F, 0xE5, 0x00, 0x00, 0x90, 0xE5,
    0x08, 0xD0, 0x8D, 0xE2, 0x10, 0x40, 0xBD, 0xE8, 0x93, 0xFB, 0xFF, 0xEA, 0x84, 0xD3, 0x11, 0x00,
    0x00, 0x30, 0x90, 0xE5, 0x01, 0x00, 0x53, 0xE3, 0x0E, 0x00, 0x00, 0x0A, 0x00, 0x30, 0xA0, 0xE3,
    0xBA, 0x3F, 0x07, 0xEE, 0x00, 0x20, 0xE0, 0xE3, 0x03, 0x00, 0x00, 0xEA, 0x92, 0x3F, 0x80, 0xE1,
    0x73, 0x30, 0xEF, 0xE6, 0x00, 0x00, 0x53, 0xE3, 0x05, 0x00, 0x00, 0x0A, 0x9F, 0x3F, 0x90, 0xE1,
    0x00, 0x00, 0x53, 0xE3, 0xF8, 0xFF, 0xFF, 0x0A, 0x1F, 0xF0, 0x7F, 0xF5, 0x00, 0x00, 0xA0, 0xE3,
    0x1E, 0xFF, 0x2F, 0xE1, 0xBA, 0x3F, 0x07, 0xEE, 0x01, 0x00, 0xA0, 0xE3, 0x1E, 0xFF, 0x2F, 0xE1,
    0x00, 0x10, 0xA0, 0xE1, 0x04, 0xE0, 0x2D, 0xE5, 0x00, 0x30, 0x91, 0xE5, 0x0C, 0xD0, 0x4D, 0xE2,
    0x00, 0x00, 0x53, 0xE3, 0x0D, 0x00, 0x00, 0x0A, 0x01, 0x00, 0x53, 0xE3, 0x18, 0x00, 0x00, 0x0A,
    0x02, 0x00, 0x73, 0xE3, 0x18, 0x00, 0x00, 0x0A, 0x78, 0x00, 0x9F, 0xE5, 0x00, 0x30, 0xA0, 0xE3,
    0x01, 0x20, 0xA0, 0xE3, 0x00, 0x00, 0x90, 0xE5, 0x04, 0x10, 0x8D, 0xE5, 0x6E, 0xFB, 0xFF, 0xEB,
    0x04, 0x10, 0x9D, 0xE5, 0x00, 0x30, 0x91, 0xE5, 0x00, 0x00, 0x53, 0xE3, 0xF1, 0xFF, 0xFF, 0x1A,
    0xBA, 0x3F, 0x07, 0xEE, 0x00, 0x20, 0xE0, 0xE3, 0x03, 0x00, 0x00, 0xEA, 0x92, 0x3F, 0x81, 0xE1,
    0x73, 0x30, 0xEF, 0xE6, 0x00, 0x00, 0x53, 0xE3, 0x04, 0x00, 0x00, 0x0A, 0x9F, 0x3F, 0x91, 0xE1,
    0x00, 0x00, 0x53, 0xE3, 0xF8, 0xFF, 0xFF, 0x0A, 0x1F, 0xF0, 0x7F, 0xF5, 0xE9, 0xFF, 0xFF, 0xEA,
    0xBA, 0x3F, 0x07, 0xEE, 0x0C, 0xD0, 0x8D, 0xE2, 0x04, 0xF0, 0x9D, 0xE4, 0x00, 0x30, 0xA0, 0xE3,
    0x01, 0x20, 0xA0, 0xE3, 0x0C, 0x00, 0x9F, 0xE5, 0x00, 0x00, 0x90, 0xE5, 0x0C, 0xD0, 0x8D, 0xE2,
    0x04, 0xE0, 0x9D, 0xE4, 0x54, 0xFB, 0xFF, 0xEA, 0x84, 0xD3, 0x11, 0x00, 0xF0, 0x4F, 0x2D, 0xE9,
    0x03, 0x70, 0xA0, 0xE1, 0xC8, 0x31, 0x9F, 0xE5, 0x02, 0xE0, 0xA0, 0xE1, 0x00, 0x30, 0x93, 0xE5,
    0x14, 0xD0, 0x4D, 0xE2, 0x08, 0x00, 0x53, 0xE3, 0x08, 0x30, 0xA0, 0x33, 0x87, 0xCF, 0x83, 0xE2,
    0x00, 0x60, 0x63, 0xE2, 0x03, 0xC0, 0x8C, 0xE2, 0x06, 0xC0, 0x0C, 0xE0, 0x01, 0x20, 0x43, 0xE2,
    0x0C, 0x20, 0x82, 0xE0, 0x0E, 0x20, 0x82, 0xE0, 0x06, 0x20, 0x02, 0xE0, 0x0C, 0x00, 0x52, 0xE1,
    0x3C, 0x80, 0xDD, 0xE5, 0x54, 0x00, 0x00, 0x3A, 0x88, 0x41, 0x9F, 0xE5, 0x88, 0x51, 0x9F, 0xE5,
    0x0C, 0xC0, 0x42, 0xE0, 0x04, 0x50, 0x45, 0xE0, 0x05, 0x40, 0x83, 0xE0, 0x01, 0x40, 0x44, 0xE2,
    0x02, 0x40, 0x84, 0xE0, 0x06, 0x40, 0x04, 0xE0, 0x02, 0x00, 0x54, 0xE1, 0x0E, 0x00, 0x5C, 0x21,
    0x01, 0x90, 0xA0, 0x33, 0x00, 0x90, 0xA0, 0x23, 0x47, 0x00, 0x00, 0x3A, 0x07, 0xB0, 0xA0, 0xE1,
    0x01, 0xA0, 0xA0, 0xE1, 0x00, 0x70, 0xA0, 0xE1, 0x04, 0x10, 0xA0, 0xE1, 0x03, 0x00, 0xA0, 0xE1,
    0x08, 0x30, 0x8D, 0xE5, 0x0C, 0x20, 0x8D, 0xE5, 0x6C, 0x0F, 0x00, 0xEB, 0x00, 0x40, 0x50, 0xE2,
    0x3D, 0x00, 0x00, 0x0A, 0x08, 0x30, 0x9D, 0xE5, 0x0C, 0x20, 0x9D, 0xE5, 0x09, 0x00, 0x43, 0xE2,
    0x02, 0x20, 0x84, 0xE0, 0x00, 0x00, 0x82, 0xE0, 0x06, 0x00, 0x00, 0xE0, 0x1C, 0x11, 0x9F, 0xE5,
    0x1C, 0x61, 0x9F, 0xE5, 0x80, 0x04, 0x84, 0xE9, 0x01, 0x60, 0x46, 0xE0, 0x00, 0x00, 0x56, 0xE3,
    0x10, 0x80, 0xC4, 0xE5, 0x11, 0x90, 0xC4, 0xE5, 0x18, 0x22, 0x84, 0xE5, 0x08, 0x30, 0x80, 0xE2,
    0x06, 0x50, 0x45, 0xE0, 0x35, 0x00, 0x00, 0x1A, 0x00, 0x00, 0x55, 0xE3, 0x2E, 0x00, 0x00, 0x1A,
    0x02, 0x2C, 0xA0, 0xE3, 0x00, 0x10, 0xA0, 0xE3, 0x18, 0x00, 0x84, 0xE2, 0x52, 0x10, 0x00, 0xEB,
    0x0B, 0x00, 0xA0, 0xE3, 0xDC, 0x30, 0x9F, 0xE5, 0xB4, 0x0C, 0xC4, 0xE1, 0x78, 0x10, 0x83, 0xE2,
    0x20, 0x10, 0x84, 0xE5, 0x01, 0x00, 0xA0, 0xE3, 0x00, 0x10, 0xA0, 0xE3, 0x1C, 0x30, 0x84, 0xE5,
    0xF0, 0x20, 0x83, 0xE2, 0xC0, 0x30, 0x9F, 0xE5, 0xF0, 0x0B, 0xC4, 0xE1, 0xB8, 0x30, 0x84, 0xE5,
    0x83, 0x3D, 0x43, 0xE2, 0x6B, 0x31, 0x43, 0xE2, 0x56, 0x36, 0x43, 0xE2, 0xBC, 0x30, 0x84, 0xE5,
    0xA8, 0x30, 0x9F, 0xE5, 0x24, 0x20, 0x84, 0xE5, 0xC0, 0x30, 0x84, 0xE5, 0x70, 0x2F, 0x1D, 0xEE,
    0x08, 0x10, 0x92, 0xE5, 0x18, 0x32, 0x94, 0xE5, 0x04, 0x00, 0x91, 0xE5, 0x04, 0x20, 0xA0, 0xE1,
    0x1C, 0x00, 0x84, 0xE5, 0x08, 0x00, 0x91, 0xE5, 0x20, 0x00, 0x84, 0xE5, 0x0C, 0x10, 0x91, 0xE5,
    0x04, 0x00, 0xA0, 0xE1, 0x24, 0x10, 0x84, 0xE5, 0x38, 0x10, 0x9D, 0xE5, 0x00, 0xB0, 0x8D, 0xE5,
    0x04, 0x10, 0x8D, 0xE5, 0x68, 0x10, 0x9F, 0xE5, 0xCF, 0xFA, 0xFF, 0xEB, 0x00, 0x00, 0x50, 0xE3,
    0x02, 0x00, 0x00, 0xAA, 0x04, 0x00, 0xA0, 0xE1, 0xD0, 0x15, 0x00, 0xEB, 0x00, 0x40, 0xA0, 0xE3,
    0x04, 0x00, 0xA0, 0xE1, 0x14, 0xD0, 0x8D, 0xE2, 0xF0, 0x8F, 0xBD, 0xE8, 0x05, 0x20, 0xA0, 0xE1,
    0x00, 0x10, 0xA0, 0xE3, 0x03, 0x00, 0x86, 0xE0, 0x23, 0x10, 0x00, 0xEB, 0xCB, 0xFF, 0xFF, 0xEA,
    0x03, 0x00, 0xA0, 0xE1, 0x06, 0x20, 0xA0, 0xE1, 0x95, 0x0E, 0x00, 0xEB, 0x00, 0x30, 0xA0, 0xE1,
    0xC4, 0xFF, 0xFF, 0xEA, 0x9C, 0x95, 0x11, 0x00, 0xC8, 0xDF, 0x11, 0x00, 0xD0, 0xEB, 0x11, 0x00,
    0xA0, 0xBD, 0x11, 0x00, 0xA0, 0xBD, 0x11, 0x00, 0x40, 0xDA, 0x11, 0x00, 0x0E, 0x33, 0xCD, 0xAB,
    0xEC, 0xDE, 0x05, 0x00, 0xE4, 0x70, 0x10, 0x00, 0x00, 0x30, 0x50, 0xE2, 0x1E, 0xFF, 0x2F, 0x01,
    0x11, 0x20, 0xD3, 0xE5, 0x00, 0x00, 0x52, 0xE3, 0x1E, 0xFF, 0x2F, 0x01, 0x04, 0xE0, 0x2D, 0xE5,
    0x00, 0x00, 0x93, 0xE5, 0x0C, 0xD0, 0x4D, 0xE2, 0x04, 0x30, 0x8D, 0xE5, 0xCC, 0xFA, 0xFF, 0xEB,
    0x04, 0x00, 0x9D, 0xE5, 0x0C, 0xD0, 0x8D, 0xE2, 0x04, 0xE0, 0x9D, 0xE4, 0xAB, 0x15, 0x00, 0xEA,
    0x00, 0x00, 0x50, 0xE3, 0x02, 0x00, 0x00, 0x0A, 0x11, 0x10, 0xD0, 0xE5, 0x00, 0x00, 0x51, 0xE3,
    0x01, 0x00, 0x00, 0x0A, 0x00, 0x00, 0xA0, 0xE3, 0x1E, 0xFF, 0x2F, 0xE1, 0x00, 0x00, 0x90, 0xE5,
    0xC1, 0xFA, 0xFF, 0xEA, 0x24, 0x20, 0x9F, 0xE5, 0x70, 0x3F, 0x1D, 0xEE, 0x00, 0x10, 0x93, 0xE5,
    0x02, 0x00, 0x51, 0xE1, 0x01, 0x00, 0x00, 0x1A, 0x04, 0x00, 0x93, 0xE5, 0x1E, 0xFF, 0x2F, 0xE1,
    0x00, 0x00, 0xA0, 0xE3, 0x10, 0x40, 0x2D, 0xE9, 0xD8, 0xFA, 0xFF, 0xEB, 0xFE, 0xFF, 0xFF, 0xEA,
    0x24, 0x56, 0x54, 0x21, 0x10, 0x40, 0x2D, 0xE9, 0x00, 0x40, 0xA0, 0xE1, 0xF0, 0xFF, 0xFF, 0xEB,
    0x00, 0x30, 0x50, 0xE2, 0x08, 0x00, 0x00, 0x0A, 0x01, 0x20, 0xA0, 0xE3, 0x10, 0x10, 0xD3, 0xE5,
    0x11, 0x20, 0xC3, 0xE5, 0x00, 0x00, 0x51, 0xE3, 0x0C, 0x40, 0x83, 0x05, 0x00, 0x00, 0x00, 0x1A,
    0x8D, 0xFA, 0xFF, 0xEB, 0xCF, 0xFF, 0xFF, 0xEB, 0xFC, 0xFF, 0xFF, 0xEA, 0xC7, 0xFA, 0xFF, 0xEB,
    0xFE, 0xFF, 0xFF, 0xEA, 0x10, 0x40, 0x2D, 0xE9, 0x00, 0x40, 0xA0, 0xE1, 0x33, 0xFA, 0xFF, 0xEB,
    0x08, 0x00, 0x94, 0xE5, 0x04, 0x30, 0x94, 0xE5, 0x33, 0xFF, 0x2F, 0xE1, 0x00, 0x00, 0xA0, 0xE3,
    0xE7, 0xFF, 0xFF, 0xEB, 0xF0, 0x40, 0x2D, 0xE9, 0x00, 0x60, 0xA0, 0xE1, 0x01, 0x70, 0xA0, 0xE1,
    0x02, 0x50, 0xA0, 0xE1, 0x00, 0x40, 0xA0, 0xE1, 0x1C, 0xD0, 0x4D, 0xE2, 0x10, 0x00, 0x00, 0xEA,
    0x04, 0x20, 0xA0, 0xE1, 0x04, 0x10, 0x8D, 0xE2, 0x08, 0x00, 0x8D, 0xE2, 0x60, 0xFA, 0xFF, 0xEB,
    0x00, 0x00, 0x50, 0xE3, 0x12, 0x00, 0x00, 0xBA, 0xD8, 0x20, 0xCD, 0xE1, 0x14, 0x10, 0x9D, 0xE5,
    0x02, 0x30, 0x83, 0xE0, 0x00, 0x00, 0x51, 0xE3, 0x04, 0x20, 0x43, 0xE0, 0x01, 0x00, 0x00, 0x1A,
    0x02, 0x00, 0x55, 0xE1, 0x0B, 0x00, 0x00, 0x9A, 0x03, 0x00, 0x56, 0xE1, 0x08, 0x00, 0x00, 0x8A,
    0x03, 0x40, 0xA0, 0xE1, 0x04, 0x20, 0x95, 0xE0, 0x01, 0x30, 0xA0, 0x33, 0x00, 0x30, 0xA0, 0x23,
    0x07, 0x00, 0x52, 0xE1, 0x00, 0x30, 0xA0, 0x23, 0x01, 0x30, 0x03, 0x32, 0x00, 0x00, 0x53, 0xE3,
    0xE6, 0xFF, 0xFF, 0x1A, 0x00, 0x40, 0xA0, 0xE3, 0x04, 0x00, 0xA0, 0xE1, 0x1C, 0xD0, 0x8D, 0xE2,
    0xF0, 0x80, 0xBD, 0xE8, 0x14, 0xC0, 0x9F, 0xE5, 0x14, 0x20, 0x9F, 0xE5, 0x14, 0x30, 0x9F, 0xE5,
    0x00, 0x00, 0x8C, 0xE5, 0x00, 0x10, 0x82, 0xE5, 0x00, 0x00, 0x83, 0xE5, 0x1E, 0xFF, 0x2F, 0xE1,
    0x90, 0xD3, 0x11, 0x00, 0x8C, 0xD3, 0x11, 0x00, 0x88, 0xD3, 0x11, 0x00, 0x70, 0x40, 0x2D, 0xE9,
    0xFF, 0x4E, 0x80, 0xE2, 0x0F, 0x40, 0x84, 0xE2, 0x5C, 0x60, 0x9F, 0xE5, 0x5C, 0x50, 0x9F, 0xE5,
    0xFF, 0x4E, 0xC4, 0xE3, 0x0F, 0x40, 0xC4, 0xE3, 0x04, 0x20, 0xA0, 0xE1, 0x00, 0x10, 0x96, 0xE5,
    0x00, 0x00, 0x95, 0xE5, 0xC6, 0xFF, 0xFF, 0xEB, 0x00, 0x00, 0x50, 0xE3, 0x06, 0x00, 0x00, 0x0A,
    0x00, 0x30, 0x96, 0xE5, 0x04, 0x40, 0x80, 0xE0, 0x03, 0x00, 0x54, 0xE1, 0x30, 0x30, 0x9F, 0x25,
    0x00, 0x40, 0x93, 0x25, 0x00, 0x40, 0x85, 0xE5, 0x70, 0x80, 0xBD, 0xE8, 0x20, 0x30, 0x9F, 0xE5,
    0x04, 0x20, 0xA0, 0xE1, 0x00, 0x00, 0x93, 0xE5, 0x00, 0x10, 0x95, 0xE5, 0xB8, 0xFF, 0xFF, 0xEB,
    0x00, 0x00, 0x50, 0xE3, 0xF1, 0xFF, 0xFF, 0x1A, 0x70, 0x80, 0xBD, 0xE8, 0x8C, 0xD3, 0x11, 0x00,
    0x88, 0xD3, 0x11, 0x00, 0x90, 0xD3, 0x11, 0x00, 0x1E, 0xFF, 0x2F, 0xE1, 0xBA, 0x0F, 0x07, 0xEE,
    0x60, 0x30, 0x9F, 0xE5, 0x9F, 0x2F, 0x93, 0xE1, 0x01, 0x10, 0x82, 0xE2, 0x91, 0x0F, 0x83, 0xE1,
    0x00, 0x00, 0x50, 0xE3, 0xFA, 0xFF, 0xFF, 0x1A, 0x00, 0x00, 0x52, 0xE3, 0xBA, 0x0F, 0x07, 0xEE,
    0x01, 0x00, 0x00, 0x0A, 0x00, 0x00, 0xA0, 0xE3, 0x1E, 0xFF, 0x2F, 0xE1, 0x10, 0x40, 0x2D, 0xE9,
    0x34, 0x10, 0x9F, 0xE5, 0x34, 0x00, 0x9F, 0xE5, 0x75, 0xFD, 0xFF, 0xEB, 0x00, 0x00, 0x50, 0xE3,
    0x20, 0x30, 0x9F, 0xE5, 0x10, 0x80, 0xBD, 0xA8, 0xBA, 0x0F, 0x07, 0xEE, 0x9F, 0x1F, 0x93, 0xE1,
    0x01, 0x10, 0x41, 0xE2, 0x91, 0x2F, 0x83, 0xE1, 0x00, 0x00, 0x52, 0xE3, 0xFA, 0xFF, 0xFF, 0x1A,
    0xBA, 0x0F, 0x07, 0xEE, 0x10, 0x80, 0xBD, 0xE8, 0x94, 0xD3, 0x11, 0x00, 0x1C, 0x81, 0x11, 0x00,
    0x98, 0xD3, 0x11, 0x00, 0xBA, 0x0F, 0x07, 0xEE, 0x28, 0x30, 0x9F, 0xE5, 0x9F, 0x2F, 0x93, 0xE1,
    0x01, 0x20, 0x42, 0xE2, 0x92, 0x1F, 0x83, 0xE1, 0x00, 0x00, 0x51, 0xE3, 0xFA, 0xFF, 0xFF, 0x1A,
    0x00, 0x00, 0x52, 0xE3, 0xBA, 0x0F, 0x07, 0xEE, 0x1E, 0xFF, 0x2F, 0x11, 0x08, 0x30, 0x9F, 0xE5,
    0x00, 0x00, 0x93, 0xE5, 0x22, 0xFA, 0xFF, 0xEA, 0x94, 0xD3, 0x11, 0x00, 0x98, 0xD3, 0x11, 0x00,
    0x00, 0x30, 0xA0, 0xE1, 0x20, 0x20, 0x9F, 0xE5, 0x20, 0x10, 0x9F, 0xE5, 0x10, 0x40, 0x2D, 0xE9,
    0x70, 0x4F, 0x1D, 0xEE, 0x00, 0x00, 0x91, 0xE5, 0xF0, 0x28, 0xC4, 0xE1, 0x30, 0xFA, 0xFF, 0xEB,
    0x00, 0x00, 0x50, 0xE3, 0x84, 0x00, 0x94, 0xA5, 0x10, 0x80, 0xBD, 0xE8, 0x40, 0x00, 0x18, 0x08,
    0x98, 0xD3, 0x11, 0x00, 0x00, 0x00, 0x9F, 0xE5, 0x1E, 0xFF, 0x2F, 0xE1, 0x9C, 0xD3, 0x11, 0x00,
    0xF0, 0x41, 0x2D, 0xE9, 0x00, 0x40, 0x90, 0xE5, 0x00, 0x00, 0x54, 0xE3, 0x15, 0x00, 0x00, 0x0A,
    0x01, 0x60, 0xA0, 0xE1, 0x00, 0x50, 0xA0, 0xE1, 0x00, 0x70, 0xA0, 0xE3, 0x03, 0x00, 0x00, 0xEA,
    0x0D, 0x00, 0x00, 0x0A, 0x08, 0x40, 0x94, 0xE5, 0x00, 0x00, 0x54, 0xE3, 0x08, 0x00, 0x00, 0x0A,
    0x04, 0x10, 0xA0, 0xE1, 0x06, 0x00, 0xA0, 0xE1, 0x04, 0x30, 0x95, 0xE5, 0x33, 0xFF, 0x2F, 0xE1,
    0x00, 0x00, 0x50, 0xE3, 0xF5, 0xFF, 0xFF, 0xAA, 0x04, 0x40, 0x94, 0xE5, 0x00, 0x00, 0x54, 0xE3,
    0xF6, 0xFF, 0xFF, 0x1A, 0x07, 0x00, 0xA0, 0xE1, 0xF0, 0x81, 0xBD, 0xE8, 0x04, 0x70, 0xA0, 0xE1,
    0x04, 0x40, 0x94, 0xE5, 0xF8, 0xFF, 0xFF, 0xEA, 0x04, 0x70, 0xA0, 0xE1, 0x07, 0x00, 0xA0, 0xE1,
    0xF0, 0x81, 0xBD, 0xE8, 0x00, 0x30, 0xA0, 0xE3, 0x0A, 0x00, 0x80, 0xE9, 0x00, 0x30, 0x80, 0xE5,
    0x1E, 0xFF, 0x2F, 0xE1, 0xF0, 0x47, 0x2D, 0xE9, 0x01, 0x60, 0xA0, 0xE1, 0x00, 0x10, 0x90, 0xE5,
    0x00, 0x50, 0xA0, 0xE1, 0x00, 0x00, 0x51, 0xE3, 0x5A, 0x00, 0x00, 0x0A, 0x02, 0x80, 0xA0, 0xE1,
    0x00, 0x40, 0xA0, 0xE1, 0x00, 0x70, 0xA0, 0xE3, 0x04, 0x30, 0x95, 0xE5, 0x06, 0x00, 0xA0, 0xE1,
    0x33, 0xFF, 0x2F, 0xE1, 0x00, 0x00, 0x50, 0xE3, 0x00, 0x30, 0x94, 0xE5, 0x03, 0x00, 0x00, 0xBA,
    0x08, 0x40, 0x83, 0x12, 0x02, 0x00, 0x00, 0x1A, 0x00, 0x00, 0x58, 0xE3, 0x03, 0x70, 0xA0, 0x01,
    0x04, 0x40, 0x83, 0xE2, 0x00, 0x10, 0x94, 0xE5, 0x00, 0x00, 0x51, 0xE3, 0xF1, 0xFF, 0xFF, 0x1A,
    0x00, 0x00, 0x57, 0xE3, 0x01, 0x00, 0x00, 0x0A, 0x07, 0x00, 0xA0, 0xE1, 0xF0, 0x87, 0xBD, 0xE8,
    0x01, 0x30, 0xC3, 0xE3, 0x01, 0x00, 0x53, 0xE3, 0x00, 0x60, 0x84, 0xE5, 0x04, 0x70, 0x86, 0xE5,
    0x08, 0x70, 0x86, 0xE5, 0x00, 0x30, 0x86, 0xE5, 0x1D, 0x00, 0x00, 0x9A, 0x03, 0x40, 0xA0, 0xE1,
    0x06, 0x80, 0xA0, 0xE1, 0x00, 0x30, 0x94, 0xE5, 0x01, 0x00, 0x13, 0xE3, 0x01, 0x70, 0xC3, 0xE3,
    0x17, 0x00, 0x00, 0x1A, 0x04, 0x90, 0x97, 0xE5, 0x04, 0x20, 0x49, 0xE0, 0x12, 0x2F, 0x6F, 0xE1,
    0xA2, 0x22, 0xA0, 0xE1, 0x02, 0x11, 0x87, 0xE0, 0x04, 0x10, 0x91, 0xE5, 0x02, 0xC1, 0x84, 0xE0,
    0x00, 0x00, 0x51, 0xE3, 0x18, 0x00, 0x00, 0x0A, 0x00, 0x00, 0x91, 0xE5, 0x01, 0x00, 0x10, 0xE3,
    0x01, 0xE0, 0x80, 0xE3, 0x14, 0x00, 0x00, 0x1A, 0x00, 0xE0, 0x81, 0xE5, 0x00, 0x30, 0x94, 0xE5,
    0x07, 0x80, 0xA0, 0xE1, 0x01, 0x30, 0x83, 0xE3, 0x00, 0x30, 0x84, 0xE5, 0x00, 0x20, 0x97, 0xE5,
    0x01, 0x20, 0xC2, 0xE3, 0x02, 0x40, 0xA0, 0xE1, 0x00, 0x20, 0x87, 0xE5, 0x01, 0x00, 0x52, 0xE3,
    0xE3, 0xFF, 0xFF, 0x8A, 0x06, 0x70, 0xA0, 0xE1, 0x00, 0x10, 0x95, 0xE5, 0x08, 0x30, 0x95, 0xE5,
    0x00, 0x20, 0x91, 0xE5, 0x01, 0x30, 0x83, 0xE2, 0x01, 0x20, 0x82, 0xE3, 0x00, 0x20, 0x81, 0xE5,
    0x07, 0x00, 0xA0, 0xE1, 0x08, 0x30, 0x85, 0xE5, 0xF0, 0x87, 0xBD, 0xE8, 0x04, 0x10, 0x9C, 0xE5,
    0x08, 0x00, 0x51, 0xE1, 0x04, 0x10, 0xA0, 0xE1, 0x0C, 0x00, 0x00, 0x0A, 0x01, 0x30, 0x83, 0xE3,
    0x00, 0x30, 0x81, 0xE5, 0x00, 0x30, 0x97, 0xE5, 0x04, 0x20, 0x59, 0xE0, 0x01, 0x30, 0xC3, 0xE3,
    0x01, 0x20, 0xA0, 0x13, 0x07, 0x10, 0xA0, 0xE1, 0x05, 0x00, 0xA0, 0xE1, 0x00, 0x30, 0x87, 0xE5,
    0xD3, 0x00, 0x00, 0xEB, 0x00, 0x20, 0x98, 0xE5, 0x01, 0x40, 0xC2, 0xE3, 0xE2, 0xFF, 0xFF, 0xEA,
    0x05, 0x00, 0xA0, 0xE1, 0xCE, 0x00, 0x00, 0xEB, 0x08, 0x10, 0xA0, 0xE1, 0x00, 0x30, 0x98, 0xE5,
    0x04, 0x80, 0xA0, 0xE1, 0xEC, 0xFF, 0xFF, 0xEA, 0x00, 0x60, 0x80, 0xE5, 0x04, 0x10, 0x86, 0xE5,
    0x08, 0x10, 0x86, 0xE5, 0x00, 0x10, 0x86, 0xE5, 0xD9, 0xFF, 0xFF, 0xEA, 0x00, 0x20, 0xA0, 0xE3,
    0x97, 0xFF, 0xFF, 0xEA, 0xF0, 0x4F, 0x2D, 0xE9, 0x01, 0x60, 0xA0, 0xE1, 0x00, 0x50, 0xA0, 0xE1,
    0x0C, 0xD0, 0x4D, 0xE2, 0x01, 0x00, 0xA0, 0xE1, 0x02, 0x90, 0xA0, 0xE1, 0x78, 0x0B, 0x00, 0xEB,
    0x04, 0x20, 0x96, 0xE5, 0x00, 0xB0, 0xA0, 0xE1, 0x00, 0x00, 0x52, 0xE3, 0x08, 0x30, 0x96, 0xE5,
    0x99, 0x00, 0x00, 0x0A, 0x00, 0x00, 0x53, 0xE3, 0xAA, 0x00, 0x00, 0x0A, 0x03, 0x20, 0xA0, 0xE1,
    0x04, 0x30, 0x93, 0xE5, 0x00, 0x00, 0x53, 0xE3, 0xFB, 0xFF, 0xFF, 0x1A, 0x00, 0x00, 0x96, 0xE5,
    0x01, 0x00, 0x50, 0xE3, 0x00, 0x20, 0x85, 0x95, 0x04, 0x00, 0x00, 0x9A, 0x01, 0x30, 0xC0, 0xE3,
    0x04, 0x10, 0x93, 0xE5, 0x06, 0x00, 0x51, 0xE1, 0x04, 0x20, 0x83, 0x05, 0x08, 0x20, 0x83, 0x15,
    0x00, 0x10, 0x92, 0xE5, 0x08, 0x30, 0x92, 0xE5, 0x01, 0x40, 0xC1, 0xE3, 0x04, 0x00, 0x56, 0xE1,
    0x02, 0x40, 0xA0, 0x01, 0x01, 0x10, 0x01, 0xE2, 0x0E, 0x00, 0x00, 0x0A, 0x00, 0x00, 0x53, 0xE3,
    0x00, 0x00, 0x93, 0x15, 0x08, 0xC0, 0x96, 0xE5, 0x01, 0x00, 0x00, 0x12, 0x04, 0x00, 0x80, 0x11,
    0x00, 0x00, 0x83, 0x15, 0x00, 0x00, 0x5C, 0xE3, 0x01, 0x00, 0xA0, 0x03, 0x00, 0x00, 0x9C, 0x15,
    0x04, 0x30, 0x84, 0xE5, 0x01, 0x00, 0x00, 0x12, 0x00, 0x00, 0x82, 0xE1, 0x08, 0xC0, 0x82, 0xE5,
    0x00, 0x00, 0x8C, 0xE5, 0x00, 0x00, 0x96, 0xE5, 0x00, 0x00, 0x82, 0xE5, 0x04, 0x00, 0x96, 0xE5,
    0x00, 0x00, 0x50, 0xE3, 0x01, 0xC0, 0xA0, 0x03, 0x00, 0xC0, 0x90, 0x15, 0x04, 0x00, 0x82, 0xE5,
    0x01, 0xC0, 0x0C, 0x12, 0x0C, 0x20, 0x82, 0xE1, 0x00, 0x20, 0x80, 0xE5, 0x01, 0x00, 0x51, 0xE3,
    0x30, 0x00, 0x00, 0x0A, 0x00, 0x00, 0x59, 0xE3, 0x01, 0x00, 0x00, 0x0A, 0x06, 0x00, 0xA0, 0xE1,
    0x39, 0xFF, 0x2F, 0xE1, 0x0B, 0x00, 0xA0, 0xE1, 0x08, 0x30, 0x95, 0xE5, 0x01, 0x30, 0x43, 0xE2,
    0x08, 0x30, 0x85, 0xE5, 0x0C, 0xD0, 0x8D, 0xE2, 0xF0, 0x8F, 0xBD, 0xE8, 0x07, 0x21, 0x81, 0xE0,
    0x04, 0x00, 0x92, 0xE5, 0x00, 0x00, 0x50, 0xE3, 0x02, 0x00, 0x00, 0x0A, 0x00, 0x20, 0x90, 0xE5,
    0x01, 0x00, 0x12, 0xE3, 0x0E, 0x00, 0x00, 0x0A, 0x03, 0x20, 0x58, 0xE0, 0x01, 0x20, 0xA0, 0x13,
    0x02, 0x31, 0x81, 0xE0, 0x04, 0xC0, 0x93, 0xE5, 0x05, 0x00, 0xA0, 0xE1, 0x00, 0x30, 0x9C, 0xE5,
    0x01, 0x30, 0x83, 0xE3, 0x00, 0x30, 0x8C, 0xE5, 0x00, 0x30, 0x91, 0xE5, 0x01, 0x30, 0xC3, 0xE3,
    0x00, 0x30, 0x81, 0xE5, 0x6A, 0x00, 0x00, 0xEB, 0x04, 0x10, 0x9A, 0xE5, 0x07, 0x31, 0x81, 0xE0,
    0x04, 0x00, 0x93, 0xE5, 0x00, 0x30, 0x94, 0xE5, 0x07, 0x20, 0xA0, 0xE1, 0x01, 0x00, 0x13, 0xE3,
    0x00, 0x30, 0x91, 0xE5, 0x01, 0x30, 0x83, 0x13, 0x01, 0x30, 0xC3, 0x03, 0x00, 0x30, 0x81, 0xE5,
    0x00, 0x30, 0x94, 0xE5, 0x04, 0x10, 0xA0, 0xE1, 0x01, 0x30, 0x83, 0xE3, 0x00, 0x30, 0x84, 0xE5,
    0x00, 0x30, 0x90, 0xE5, 0x01, 0x30, 0x83, 0xE3, 0x00, 0x30, 0x80, 0xE5, 0x05, 0x00, 0xA0, 0xE1,
    0x57, 0x00, 0x00, 0xEB, 0x00, 0x30, 0x95, 0xE5, 0x00, 0x00, 0x53, 0xE3, 0x02, 0x00, 0x00, 0x0A,
    0x00, 0x20, 0x93, 0xE5, 0x01, 0x00, 0x12, 0xE3, 0x22, 0x00, 0x00, 0x0A, 0x00, 0x20, 0x95, 0xE5,
    0x03, 0x00, 0x52, 0xE1, 0x49, 0x00, 0x00, 0x0A, 0x04, 0x80, 0x94, 0xE5, 0x03, 0x70, 0x48, 0xE0,
    0x17, 0x7F, 0x6F, 0xE1, 0xA7, 0x72, 0xA0, 0xE1, 0x07, 0xA1, 0x84, 0xE0, 0x04, 0x10, 0x9A, 0xE5,
    0x00, 0x00, 0x51, 0xE3, 0x44, 0x00, 0x00, 0x0A, 0x00, 0x20, 0x91, 0xE5, 0x01, 0x00, 0x12, 0xE3,
    0x18, 0x00, 0x00, 0x0A, 0x04, 0x20, 0x91, 0xE5, 0x00, 0x00, 0x52, 0xE3, 0x02, 0x00, 0x00, 0x0A,
    0x00, 0x20, 0x92, 0xE5, 0x01, 0x00, 0x12, 0xE3, 0xBF, 0xFF, 0xFF, 0x0A, 0x08, 0x20, 0x91, 0xE5,
    0x00, 0x00, 0x52, 0xE3, 0x02, 0x00, 0x00, 0x0A, 0x00, 0x20, 0x92, 0xE5, 0x01, 0x00, 0x12, 0xE3,
    0xB9, 0xFF, 0xFF, 0x0A, 0x00, 0x30, 0x91, 0xE5, 0x01, 0x30, 0xC3, 0xE3, 0x00, 0x30, 0x81, 0xE5,
    0x04, 0x30, 0xA0, 0xE1, 0x00, 0x20, 0x94, 0xE5, 0x01, 0x40, 0xC2, 0xE3, 0x00, 0x20, 0x93, 0xE5,
    0x01, 0x00, 0x12, 0xE3, 0xDC, 0xFF, 0xFF, 0x1A, 0x00, 0x20, 0x93, 0xE5, 0x01, 0x20, 0x82, 0xE3,
    0x00, 0x20, 0x83, 0xE5, 0xA2, 0xFF, 0xFF, 0xEA, 0x01, 0x20, 0x82, 0xE3, 0x00, 0x20, 0x81, 0xE5,
    0x00, 0x20, 0x94, 0xE5, 0x04, 0x10, 0xA0, 0xE1, 0x01, 0x20, 0xC2, 0xE3, 0x00, 0x20, 0x84, 0xE5,
    0x05, 0x00, 0xA0, 0xE1, 0x07, 0x20, 0xA0, 0xE1, 0x04, 0x30, 0x8D, 0xE5, 0x20, 0x00, 0x00, 0xEB,
    0x04, 0x10, 0x9A, 0xE5, 0x04, 0x30, 0x9D, 0xE5, 0xD9, 0xFF, 0xFF, 0xEA, 0x00, 0x10, 0x96, 0xE5,
    0x00, 0x00, 0x53, 0xE3, 0x01, 0x20, 0xC1, 0xE3, 0x02, 0x40, 0xA0, 0xE1, 0x01, 0x10, 0x01, 0xE2,
    0x03, 0x00, 0x00, 0x0A, 0x00, 0x00, 0x93, 0xE5, 0x01, 0x00, 0x00, 0xE2, 0x02, 0x00, 0x80, 0xE1,
    0x00, 0x00, 0x83, 0xE5, 0x00, 0x00, 0x52, 0xE3, 0x02, 0x40, 0xA0, 0x01, 0x00, 0x30, 0x85, 0x05,
    0x85, 0xFF, 0xFF, 0x0A, 0x04, 0x00, 0x92, 0xE5, 0x06, 0x00, 0x50, 0xE1, 0x04, 0x30, 0x82, 0x05,
    0x08, 0x30, 0x82, 0x15, 0x80, 0xFF, 0xFF, 0xEA, 0x00, 0x10, 0x96, 0xE5, 0x02, 0x30, 0xA0, 0xE1,
    0x01, 0x20, 0xC1, 0xE3, 0x02, 0x40, 0xA0, 0xE1, 0x01, 0x10, 0x01, 0xE2, 0xEC, 0xFF, 0xFF, 0xEA,
    0x00, 0x00, 0x53, 0xE3, 0x7A, 0xFF, 0xFF, 0x0A, 0xD2, 0xFF, 0xFF, 0xEA, 0x04, 0x30, 0x91, 0xE5,
    0xF0, 0x00, 0xF0, 0xE7, 0x70, 0x40, 0x2D, 0xE9, 0x02, 0x40, 0xA0, 0xE1, 0x00, 0x60, 0xA0, 0xE1,
    0x14, 0x0F, 0x6F, 0xE1, 0x02, 0x21, 0x81, 0xE0, 0x04, 0x30, 0x92, 0xE5, 0xA0, 0x02, 0xA0, 0xE1,
    0x00, 0x51, 0x83, 0xE0, 0x04, 0xE0, 0x95, 0xE5, 0x00, 0xC0, 0x91, 0xE5, 0x00, 0x00, 0x5E, 0xE3,
    0x04, 0xE0, 0x82, 0xE5, 0x00, 0x20, 0x9E, 0x15, 0x01, 0xC0, 0xCC, 0xE3, 0x01, 0x20, 0x02, 0x12,
    0x02, 0x20, 0x81, 0x11, 0x00, 0x20, 0x8E, 0x15, 0x04, 0x10, 0x85, 0xE5, 0x00, 0xE0, 0x93, 0xE5,
    0x00, 0x00, 0x5C, 0xE3, 0x01, 0xE0, 0x0E, 0xE2, 0x0C, 0xE0, 0x8E, 0xE1, 0x00, 0xE0, 0x83, 0xE5,
    0x00, 0x30, 0x86, 0x05, 0x05, 0x00, 0x00, 0x0A, 0x00, 0x01, 0x8C, 0xE0, 0x04, 0x20, 0x90, 0xE5,
    0x01, 0x00, 0x52, 0xE1, 0x04, 0xC1, 0x8C, 0x10, 0x04, 0x30, 0x80, 0x05, 0x04, 0x30, 0x8C, 0x15,
    0x00, 0x20, 0x91, 0xE5, 0x01, 0x20, 0x02, 0xE2, 0x02, 0x30, 0x83, 0xE1, 0x00, 0x30, 0x81, 0xE5,
    0x70, 0x80, 0xBD, 0xE8, 0x00, 0x00, 0x00, 0x00, 0x30, 0x40, 0x2D, 0xE9, 0x00, 0x40, 0xA0, 0xE3,
    0x2C, 0xD0, 0x4D, 0xE2, 0xB4, 0x11, 0x9F, 0xE5, 0x10, 0x00, 0x8D, 0xE2, 0x10, 0x40, 0x8D, 0xE5,
    0xB1, 0xF8, 0xFF, 0xEB, 0x04, 0x00, 0x50, 0xE1, 0x5D, 0x00, 0x00, 0xBA, 0x01, 0x40, 0xA0, 0xE3,
    0x64, 0x7B, 0x9F, 0xED, 0x04, 0x30, 0xA0, 0xE1, 0x10, 0x10, 0x9D, 0xE5, 0x14, 0x20, 0x8D, 0xE2,
    0x18, 0x00, 0x8D, 0xE2, 0x06, 0x7B, 0x8D, 0xED, 0x08, 0x7B, 0x8D, 0xED, 0x14, 0x40, 0x8D, 0xE5,
    0xAA, 0xF8, 0xFF, 0xEB, 0x04, 0x30, 0xA0, 0xE1, 0x10, 0x10, 0x9D, 0xE5, 0x14, 0x20, 0x8D, 0xE2,
    0x20, 0x00, 0x8D, 0xE2, 0xA7, 0xF8, 0xFF, 0xEB, 0x10, 0x00, 0x9D, 0xE5, 0x84, 0xF8, 0xFF, 0xEB,
    0x5C, 0x41, 0x9F, 0xE5, 0x5C, 0x51, 0x9F, 0xE5, 0x18, 0x20, 0x9D, 0xE5, 0x20, 0xC0, 0x9D, 0xE5,
    0x00, 0x30, 0x94, 0xE5, 0x00, 0x10, 0x95, 0xE5, 0x0C, 0x20, 0x42, 0xE0, 0xFF, 0x2E, 0xC2, 0xE3,
    0x01, 0x00, 0x83, 0xE0, 0x0F, 0x20, 0xC2, 0xE3, 0x02, 0x00, 0x50, 0xE1, 0x39, 0x00, 0x00, 0x8A,
    0x00, 0x00, 0x53, 0xE3, 0x23, 0x00, 0x00, 0x0A, 0x00, 0x00, 0x51, 0xE3, 0x03, 0x20, 0x42, 0x00,
    0x00, 0x20, 0x85, 0x05, 0x03, 0xC0, 0xA0, 0xE3, 0x00, 0x20, 0xA0, 0xE3, 0x02, 0x13, 0xA0, 0xE3,
    0x14, 0x01, 0x9F, 0xE5, 0x04, 0xC0, 0x8D, 0xE5, 0x00, 0xC0, 0x8D, 0xE5, 0x34, 0xF8, 0xFF, 0xEB,
    0x00, 0x00, 0x50, 0xE3, 0x38, 0x00, 0x00, 0xBA, 0x03, 0x10, 0xA0, 0xE3, 0x00, 0x20, 0xA0, 0xE3,
    0xF8, 0x00, 0x9F, 0xE5, 0x00, 0x30, 0x95, 0xE5, 0x00, 0x00, 0x8D, 0xE5, 0x04, 0x10, 0x8D, 0xE5,
    0xEC, 0x00, 0x9F, 0xE5, 0x02, 0x10, 0xA0, 0xE1, 0x29, 0xF8, 0xFF, 0xEB, 0x00, 0x00, 0x50, 0xE3,
    0x2A, 0x00, 0x00, 0xBA, 0x05, 0x13, 0xA0, 0xE3, 0x01, 0x02, 0xA0, 0xE3, 0xE4, 0xFD, 0xFF, 0xEB,
    0xC4, 0x30, 0x9F, 0xE5, 0xCC, 0x10, 0x9F, 0xE5, 0x00, 0x30, 0x93, 0xE5, 0xC8, 0x20, 0x9F, 0xE5,
    0x00, 0x30, 0x81, 0xE5, 0x00, 0x10, 0x94, 0xE5, 0x01, 0x30, 0x83, 0xE0, 0x00, 0x30, 0x82, 0xE5,
    0x2C, 0xD0, 0x8D, 0xE2, 0x30, 0x80, 0xBD, 0xE8, 0x00, 0x00, 0x51, 0xE3, 0x02, 0x00, 0x00, 0x0A,
    0x01, 0x30, 0x42, 0xE0, 0x00, 0x30, 0x84, 0xE5, 0xD9, 0xFF, 0xFF, 0xEA, 0x01, 0x1A, 0x41, 0xE2,
    0xA2, 0x10, 0x01, 0xE0, 0x01, 0x30, 0x42, 0xE0, 0x06, 0x05, 0x53, 0xE3, 0x00, 0x10, 0x85, 0xE5,
    0xF7, 0xFF, 0xFF, 0x9A, 0x06, 0x15, 0x42, 0xE2, 0x06, 0x35, 0xA0, 0xE3, 0x02, 0x04, 0x51, 0xE3,
    0x02, 0x14, 0xA0, 0x83, 0x00, 0x30, 0x84, 0xE5, 0xFE, 0x34, 0x82, 0x82, 0x00, 0x30, 0x84, 0x85,
    0x00, 0x10, 0x85, 0xE5, 0xCA, 0xFF, 0xFF, 0xEA, 0x00, 0x00, 0xA0, 0xE3, 0x0C, 0x20, 0x8D, 0xE5,
    0x5E, 0xF8, 0xFF, 0xEB, 0x00, 0x30, 0x94, 0xE5, 0x00, 0x10, 0x95, 0xE5, 0x0C, 0x20, 0x9D, 0xE5,
    0xBE, 0xFF, 0xFF, 0xEA, 0x04, 0x00, 0xA0, 0xE1, 0x58, 0xF8, 0xFF, 0xEB, 0x9E, 0xFF, 0xFF, 0xEA,
    0x00, 0x00, 0xA0, 0xE3, 0x55, 0xF8, 0xFF, 0xEB, 0xD1, 0xFF, 0xFF, 0xEA, 0x00, 0x00, 0xA0, 0xE3,
    0x52, 0xF8, 0xFF, 0xEB, 0xC3, 0xFF, 0xFF, 0xEA, 0x00, 0x00, 0x00, 0x00, 0x00, 0x00, 0x00, 0x00,
    0x01, 0x80, 0xFF, 0xFF, 0xA4, 0xD3, 0x11, 0x00, 0xA0, 0xD3, 0x11, 0x00, 0xAC, 0xD3, 0x11, 0x00,
    0x03, 0x00, 0x01, 0x00, 0xA8, 0xD3, 0x11, 0x00, 0xBC, 0xDF, 0x11, 0x00, 0xC0, 0xDF, 0x11, 0x00,
    0x24, 0x30, 0x9F, 0xE5, 0x10, 0x40, 0x2D, 0xE9, 0x00, 0x00, 0x53, 0xE3, 0x00, 0x00, 0x00, 0x0A,
    0x00, 0xF0, 0x20, 0xE3, 0xDE, 0x06, 0x00, 0xEB, 0x33, 0x07, 0x00, 0xEB, 0x79, 0xF5, 0xFF, 0xEB,
    0x83, 0xEA, 0xFF, 0xEB, 0x10, 0x40, 0xBD, 0xE8, 0xF8, 0xFA, 0xFF, 0xEA, 0x00, 0x00, 0x00, 0x00,
    0x10, 0x40, 0x2D, 0xE9, 0x9C, 0xFA, 0xFF, 0xEB, 0x1C, 0xEF, 0xFF, 0xEB, 0xFE, 0xF4, 0xFF, 0xEB,
    0xE8, 0x06, 0x00, 0xEB, 0x60, 0x06, 0x00, 0xEB, 0x0C, 0x30, 0x9F, 0xE5, 0x00, 0x00, 0x53, 0xE3,
    0x10, 0x80, 0xBD, 0x08, 0x00, 0xF0, 0x20, 0xE3, 0x10, 0x80, 0xBD, 0xE8, 0x00, 0x00, 0x00, 0x00,
    0x00, 0x40, 0xA0, 0xE3, 0x01, 0x50, 0xA0, 0xE3, 0x04, 0xE0, 0x2D, 0xE5, 0x68, 0x20, 0x9F, 0xE5,
    0x68, 0x30, 0x9F, 0xE5, 0x14, 0xD0, 0x4D, 0xE2, 0x00, 0x10, 0x92, 0xE5, 0x00, 0x30, 0x93, 0xE5,
    0x04, 0x20, 0xA0, 0xE1, 0x0C, 0x00, 0x8D, 0xE2, 0x04, 0x40, 0x8D, 0xE5, 0x00, 0x50, 0x8D, 0xE5,
    0x0C, 0x40, 0x8D, 0xE5, 0xC6, 0xF7, 0xFF, 0xEB, 0x44, 0x20, 0x9F, 0xE5, 0x44, 0x30, 0x9F, 0xE5,
    0x00, 0x10, 0x92, 0xE5, 0x00, 0x30, 0x93, 0xE5, 0x04, 0x20, 0xA0, 0xE1, 0x0C, 0x00, 0x8D, 0xE2,
    0x04, 0x40, 0x8D, 0xE5, 0x00, 0x50, 0x8D, 0xE5, 0xBD, 0xF7, 0xFF, 0xEB, 0x59, 0xFA, 0xFF, 0xEB,
    0x73, 0xFB, 0xFF, 0xEB, 0x20, 0x30, 0x9F, 0xE5, 0x00, 0x30, 0x93, 0xE5, 0x04, 0x00, 0x53, 0xE1,
    0x00, 0x00, 0x00, 0x0A, 0x33, 0xFF, 0x2F, 0xE1, 0xC9, 0xF7, 0xFF, 0xEB, 0xA8, 0xD3, 0x11, 0x00,
    0xA0, 0xD3, 0x11, 0x00, 0xAC, 0xD3, 0x11, 0x00, 0xA4, 0xD3, 0x11, 0x00, 0x28, 0xD3, 0x11, 0x00,
    0x00, 0x20, 0x90, 0xE5, 0x00, 0x30, 0x91, 0xE5, 0x03, 0x00, 0x52, 0xE1, 0x02, 0x00, 0x00, 0x3A,
    0x01, 0x00, 0xA0, 0x83, 0x00, 0x00, 0xA0, 0x93, 0x1E, 0xFF, 0x2F, 0xE1, 0x00, 0x00, 0xE0, 0xE3,
    0x1E, 0xFF, 0x2F, 0xE1, 0x08, 0x30, 0xA0, 0xE3, 0x10, 0x40, 0x2D, 0xE9, 0x00, 0xC0, 0xA0, 0xE3,
    0x00, 0x40, 0xA0, 0xE1, 0x30, 0x10, 0x9F, 0xE5, 0x10, 0xD0, 0x4D, 0xE2, 0x00, 0x10, 0x8D, 0xE5,
    0x06, 0x20, 0xA0, 0xE3, 0x24, 0x10, 0x9F, 0xE5, 0x03, 0x00, 0x8D, 0xE0, 0x08, 0x40, 0x8D, 0xE5,
    0x0C, 0xC0, 0x8D, 0xE5, 0xF3, 0x0B, 0x00, 0xEB, 0x00, 0x00, 0x50, 0xE3, 0x04, 0x00, 0xA0, 0x01,
    0x04, 0x00, 0x90, 0x15, 0x10, 0xD0, 0x8D, 0xE2, 0x10, 0x80, 0xBD, 0xE8, 0xD0, 0x7B, 0x10, 0x00,
    0x3C, 0x8E, 0x11, 0x00, 0x30, 0x40, 0x2D, 0xE9, 0x14, 0xD0, 0x4D, 0xE2, 0x20, 0xC0, 0x9D, 0xE5,
    0x00, 0x50, 0xA0, 0xE1, 0x01, 0x00, 0x5C, 0xE3, 0x01, 0x40, 0xA0, 0xE1, 0x22, 0x00, 0x00, 0x0A,
    0x02, 0x00, 0x5C, 0xE3, 0x0B, 0x00, 0x00, 0x0A, 0x00, 0x00, 0x5C, 0xE3, 0x19, 0x00, 0x00, 0x1A,
    0x00, 0x00, 0x53, 0xE3, 0x0C, 0x10, 0xA0, 0xA1, 0x16, 0x00, 0x00, 0xBA, 0x0C, 0x20, 0x92, 0xE0,
    0x03, 0x30, 0xA1, 0xE0, 0x02, 0x00, 0xA0, 0xE1, 0x03, 0x10, 0xA0, 0xE1, 0xF8, 0x20, 0xC4, 0xE1,
    0x14, 0xD0, 0x8D, 0xE2, 0x30, 0x80, 0xBD, 0xE8, 0x00, 0x00, 0x94, 0xE5, 0x08, 0x10, 0x8D, 0xE2,
    0xF0, 0x20, 0xCD, 0xE1, 0x50, 0x09, 0x00, 0xEB, 0xD0, 0x20, 0xCD, 0xE1, 0x00, 0x00, 0x50, 0xE3,
    0x10, 0x00, 0x00, 0xBA, 0x08, 0xC0, 0x9D, 0xE5, 0x0C, 0x10, 0x9D, 0xE5, 0x00, 0x00, 0x53, 0xE3,
    0xED, 0xFF, 0xFF, 0xAA, 0x00, 0xE0, 0x72, 0xE2, 0x00, 0x00, 0xE3, 0xE2, 0x0E, 0x00, 0x5C, 0xE1,
    0x00, 0x00, 0xD1, 0xE0, 0xE8, 0xFF, 0xFF, 0xAA, 0x16, 0x30, 0xA0, 0xE3, 0x00, 0x30, 0x85, 0xE5,
    0x00, 0x00, 0xE0, 0xE3, 0x00, 0x10, 0xA0, 0xE1, 0xE8, 0xFF, 0xFF, 0xEA, 0x08, 0xC0, 0x91, 0xE5,
    0x0C, 0x10, 0x91, 0xE5, 0xF0, 0xFF, 0xFF, 0xEA, 0xBD, 0xFF, 0xFF, 0xEB, 0x00, 0x00, 0x85, 0xE5,
    0xF6, 0xFF, 0xFF, 0xEA, 0x70, 0x40, 0x2D, 0xE9, 0x17, 0x2D, 0xA0, 0xE3, 0x00, 0x10, 0xA0, 0xE3,
    0x54, 0x00, 0x9F, 0xE5, 0xD4, 0x0C, 0x00, 0xEB, 0x00, 0x50, 0xA0, 0xE3, 0x48, 0x40, 0x9F, 0xE5,
    0x08, 0x00, 0x84, 0xE2, 0x80, 0x20, 0xA0, 0xE3, 0x40, 0x10, 0x9F, 0xE5, 0x44, 0x0B, 0x00, 0xEB,
    0x04, 0x50, 0x84, 0xE5, 0x01, 0x50, 0x85, 0xE2, 0x94, 0x30, 0x84, 0xE2, 0x08, 0x00, 0x55, 0xE3,
    0x08, 0x30, 0x84, 0xE5, 0x60, 0x40, 0x84, 0xE5, 0xB8, 0x40, 0x84, 0xE2, 0xF3, 0xFF, 0xFF, 0x1A,
    0x00, 0x00, 0xE0, 0xE3, 0x01, 0x20, 0xA0, 0xE3, 0x14, 0x10, 0x9F, 0xE5, 0x14, 0x30, 0x9F, 0xE5,
    0x00, 0x00, 0x81, 0xE5, 0x00, 0x20, 0xC3, 0xE5, 0x70, 0x80, 0xBD, 0xE8, 0xB0, 0xD3, 0x11, 0x00,
    0x6C, 0x8E, 0x11, 0x00, 0x70, 0xD9, 0x11, 0x00, 0x74, 0xD9, 0x11, 0x00, 0xF0, 0x47, 0x2D, 0xE9,
    0x00, 0x51, 0x9F, 0xE5, 0x00, 0x60, 0x50, 0xE2, 0x05, 0x40, 0xA0, 0x11, 0x94, 0x30, 0x55, 0xE5,
    0x17, 0x7D, 0x85, 0xE2, 0x94, 0x80, 0x45, 0x12, 0x25, 0x00, 0x00, 0x0A, 0x00, 0x00, 0x53, 0xE3,
    0x0F, 0x00, 0x00, 0x1A, 0xB8, 0x40, 0x85, 0xE2, 0x07, 0x00, 0x54, 0xE1, 0x2D, 0x00, 0x00, 0x0A,
    0x94, 0x20, 0x54, 0xE5, 0x00, 0x00, 0x52, 0xE3, 0x24, 0x80, 0x85, 0x12, 0x04, 0x50, 0xA0, 0x11,
    0x07, 0x00, 0x00, 0x1A, 0x17, 0x4E, 0x85, 0xE2, 0x04, 0x00, 0x57, 0xE1, 0x25, 0x00, 0x00, 0x0A,
    0x94, 0x30, 0x54, 0xE5, 0xDC, 0x80, 0x85, 0xE2, 0x00, 0x00, 0x53, 0xE3, 0x04, 0x50, 0xA0, 0xE1,
    0xEF, 0xFF, 0xFF, 0x0A, 0x04, 0x00, 0xA0, 0xE1, 0x5F, 0x0B, 0x00, 0xEB, 0x06, 0x10, 0xA0, 0xE1,
    0x00, 0x20, 0xA0, 0xE1, 0x00, 0x90, 0xA0, 0xE1, 0x04, 0x00, 0xA0, 0xE1, 0x07, 0x13, 0x00, 0xEB,
    0x00, 0x00, 0x50, 0xE3, 0x03, 0x00, 0x00, 0x1A, 0x09, 0x30, 0xD6, 0xE7, 0x3A, 0x00, 0x53, 0xE3,
    0x00, 0x00, 0x53, 0x13, 0x14, 0x00, 0x00, 0x0A, 0xB8, 0x40, 0x85, 0xE2, 0x04, 0x00, 0x57, 0xE1,
    0x10, 0x00, 0x00, 0x0A, 0x24, 0x80, 0x85, 0xE2, 0x94, 0x30, 0x54, 0xE5, 0x04, 0x50, 0xA0, 0xE1,
    0xD9, 0xFF, 0xFF, 0xEA, 0x94, 0x80, 0x45, 0xE2, 0x00, 0x00, 0x53, 0xE3, 0xB8, 0x20, 0x85, 0xE2,
    0x17, 0x1E, 0x85, 0xE2, 0x08, 0x00, 0x00, 0x0A, 0x07, 0x00, 0x52, 0xE1, 0x05, 0x00, 0x00, 0x0A,
    0x24, 0x30, 0xD5, 0xE5, 0xDC, 0x80, 0x85, 0xE2, 0x00, 0x00, 0x53, 0xE3, 0x04, 0x00, 0x00, 0x0A,
    0x01, 0x00, 0x57, 0xE1, 0x04, 0x00, 0x00, 0x1A, 0x00, 0x80, 0xA0, 0xE3, 0x08, 0x00, 0xA0, 0xE1,
    0xF0, 0x87, 0xBD, 0xE8, 0x24, 0x80, 0x85, 0xE2, 0xFB, 0xFF, 0xFF, 0xEA, 0x01, 0x50, 0xA0, 0xE1,
    0x94, 0x30, 0x51, 0xE5, 0xEB, 0xFF, 0xFF, 0xEA, 0x44, 0xD4, 0x11, 0x00, 0xF0, 0x4F, 0x2D, 0xE9,
    0x02, 0x60, 0xA0, 0xE1, 0x00, 0x50, 0xA0, 0xE1, 0x01, 0xA0, 0xA0, 0xE1, 0x03, 0x90, 0xA0, 0xE1,
    0x02, 0x40, 0xA0, 0xE1, 0x14, 0xD0, 0x4D, 0xE2, 0x04, 0x00, 0x00, 0xEA, 0x0C, 0x30, 0x9D, 0xE5,
    0x00, 0x40, 0x84, 0xE0, 0x3A, 0x00, 0x53, 0xE3, 0x00, 0x00, 0x53, 0x13, 0x0E, 0x00, 0x00, 0x0A,
    0x04, 0x10, 0xA0, 0xE1, 0x0C, 0x00, 0x8D, 0xE2, 0x39, 0x09, 0x00, 0xEB, 0x00, 0x00, 0x50, 0xE3,
    0xF5, 0xFF, 0xFF, 0xAA, 0x8A, 0x30, 0xA0, 0xE3, 0x00, 0x30, 0x8A, 0xE5, 0x00, 0x00, 0xA0, 0xE3,
    0x04, 0x30, 0xA0, 0xE3, 0x08, 0x00, 0x85, 0xE5, 0x05, 0x00, 0xA0, 0xE1, 0x04, 0xB0, 0x85, 0xE5,
    0x00, 0x30, 0xC5, 0xE5, 0x14, 0xD0, 0x8D, 0xE2, 0xF0, 0x8F, 0xBD, 0xE8, 0x3A, 0x00, 0x53, 0xE3,
    0x06, 0x40, 0xA0, 0x11, 0x04, 0x70, 0xA0, 0xE1, 0x05, 0x00, 0x00, 0xEA, 0x0C, 0x30, 0x9D, 0xE5,
    0x00, 0x70, 0x87, 0xE0, 0x3A, 0x00, 0x53, 0xE3, 0x07, 0x00, 0x00, 0x0A, 0x00, 0x00, 0x53, 0xE3,
    0x07, 0x00, 0x00, 0x0A, 0x07, 0x10, 0xA0, 0xE1, 0x0C, 0x00, 0x8D, 0xE2, 0x20, 0x09, 0x00, 0xEB,
    0x00, 0x00, 0x50, 0xE3, 0xF4, 0xFF, 0xFF, 0xAA, 0xE5, 0xFF, 0xFF, 0xEA, 0x16, 0x30, 0xA0, 0xE3,
    0xE4, 0xFF, 0xFF, 0xEA, 0x00, 0x30, 0x99, 0xE5, 0x00, 0x00, 0x53, 0xE3, 0x42, 0x00, 0x00, 0x0A,
    0x00, 0x20, 0xD4, 0xE5, 0x2F, 0x00, 0x52, 0xE3, 0x4B, 0x00, 0x00, 0x0A, 0x90, 0x10, 0x93, 0xE5,
    0x04, 0x30, 0x8D, 0xE5, 0x01, 0x00, 0xA0, 0xE1, 0x00, 0x10, 0x8D, 0xE5, 0xFE, 0x0A, 0x00, 0xEB,
    0x00, 0x70, 0xA0, 0xE1, 0xC8, 0x09, 0x00, 0xEB, 0x74, 0x61, 0x9F, 0xE5, 0x00, 0x80, 0xA0, 0xE1,
    0x06, 0x60, 0x9F, 0xE7, 0x01, 0x2B, 0xA0, 0xE3, 0x00, 0x10, 0x9D, 0xE5, 0x06, 0x00, 0x80, 0xE0,
    0x95, 0x11, 0x00, 0xEB, 0x00, 0x10, 0xA0, 0xE3, 0x58, 0x21, 0x9F, 0xE5, 0x06, 0x00, 0x88, 0xE0,
    0x02, 0x20, 0x9F, 0xE7, 0x02, 0x20, 0x88, 0xE0, 0x00, 0x14, 0xC2, 0xE5, 0x48, 0x11, 0x9F, 0xE5,
    0x01, 0x2B, 0x67, 0xE2, 0x69, 0x0A, 0x00, 0xEB, 0xFF, 0x2F, 0x67, 0xE2, 0x04, 0x10, 0xA0, 0xE1,
    0x06, 0x00, 0x88, 0xE0, 0x03, 0x20, 0x82, 0xE2, 0x64, 0x0A, 0x00, 0xEB, 0x04, 0x30, 0x9D, 0xE5,
    0xB1, 0x09, 0x00, 0xEB, 0x24, 0x21, 0x9F, 0xE5, 0x00, 0x70, 0xA0, 0xE1, 0x02, 0x20, 0x9F, 0xE7,
    0x02, 0x20, 0x80, 0xE0, 0x00, 0x64, 0xD2, 0xE5, 0x00, 0x00, 0x56, 0xE3, 0x30, 0x00, 0x00, 0x1A,
    0x0C, 0x11, 0x9F, 0xE5, 0x00, 0x30, 0x89, 0xE5, 0x01, 0x10, 0x9F, 0xE7, 0x01, 0x2B, 0xA0, 0xE3,
    0x01, 0x10, 0x80, 0xE0, 0xFC, 0x00, 0x9F, 0xE5, 0x00, 0x00, 0x9F, 0xE7, 0x00, 0x40, 0x87, 0xE0,
    0x04, 0x00, 0xA0, 0xE1, 0x70, 0x09, 0x00, 0xEB, 0x00, 0x30, 0x50, 0xE2, 0x0B, 0x00, 0x00, 0xBA,
    0x01, 0x0B, 0x53, 0xE3, 0x5B, 0x30, 0xA0, 0xC3, 0x00, 0x30, 0x8A, 0xC5, 0xAA, 0xFF, 0xFF, 0xCA,
    0xD4, 0x20, 0x9F, 0xE5, 0x04, 0x00, 0xA0, 0xE1, 0x02, 0x20, 0x9F, 0xE7, 0x83, 0x20, 0x82, 0xE0,
    0x01, 0x30, 0x83, 0xE2, 0xB7, 0x60, 0x82, 0xE1, 0x83, 0xB0, 0xA0, 0xE1, 0xA3, 0xFF, 0xFF, 0xEA,
    0x8A, 0x30, 0xA0, 0xE3, 0x00, 0x30, 0x8A, 0xE5, 0x9F, 0xFF, 0xFF, 0xEA, 0x04, 0x00, 0x56, 0xE1,
    0x1A, 0x00, 0x00, 0x0A, 0xA4, 0x30, 0x9F, 0xE5, 0x00, 0x30, 0xD3, 0xE5, 0x00, 0x00, 0x53, 0xE3,
    0x03, 0x00, 0x00, 0x0A, 0x06, 0x00, 0xA0, 0xE1, 0x3F, 0xFF, 0xFF, 0xEB, 0x00, 0x30, 0x50, 0xE2,
    0xB2, 0xFF, 0xFF, 0x1A, 0x13, 0x30, 0xA0, 0xE3, 0x92, 0xFF, 0xFF, 0xEA, 0x82, 0x09, 0x00, 0xEB,
    0x7C, 0xC0, 0x9F, 0xE5, 0x00, 0x30, 0x8D, 0xE5, 0x0C, 0xC0, 0x9F, 0xE7, 0x04, 0x10, 0xA0, 0xE1,
    0x01, 0x2B, 0xA0, 0xE3, 0x0C, 0x00, 0x80, 0xE0, 0x4F, 0x11, 0x00, 0xEB, 0x00, 0x30, 0x9D, 0xE5,
    0xC6, 0xFF, 0xFF, 0xEA, 0x00, 0x10, 0xA0, 0xE3, 0x58, 0x30, 0x9F, 0xE5, 0x03, 0x30, 0x9F, 0xE7,
    0x03, 0x20, 0x80, 0xE0, 0x00, 0x14, 0xC2, 0xE5, 0x5B, 0x30, 0xA0, 0xE3, 0x81, 0xFF, 0xFF, 0xEA,
    0x44, 0x30, 0x9F, 0xE5, 0x00, 0x20, 0x93, 0xE5, 0x01, 0x00, 0x72, 0xE3, 0xE8, 0xFF, 0xFF, 0x0A,
    0x38, 0x30, 0x9F, 0xE5, 0x82, 0x10, 0x82, 0xE0, 0x81, 0x21, 0x62, 0xE0, 0x82, 0x31, 0x83, 0xE0,
    0x96, 0xFF, 0xFF, 0xEA, 0x08, 0x3E, 0x01, 0x00, 0xE8, 0x3D, 0x01, 0x00, 0x28, 0x81, 0x11, 0x00,
    0xAC, 0x3D, 0x01, 0x00, 0x90, 0x3D, 0x01, 0x00, 0x7C, 0x3D, 0x01, 0x00, 0x4C, 0x3D, 0x01, 0x00,
    0x74, 0xD9, 0x11, 0x00, 0xF0, 0x3C, 0x01, 0x00, 0xCC, 0x3C, 0x01, 0x00, 0x70, 0xD9, 0x11, 0x00,
    0xB0, 0xD3, 0x11, 0x00, 0x30, 0x40, 0x2D, 0xE9, 0x00, 0x40, 0xA0, 0xE1, 0x00, 0x30, 0xA0, 0xE3,
    0x2C, 0xD0, 0x4D, 0xE2, 0x94, 0x10, 0x84, 0xE2, 0x20, 0x20, 0xA0, 0xE3, 0x04, 0x00, 0x8D, 0xE2,
    0xB4, 0x32, 0xCD, 0xE1, 0x28, 0x11, 0x00, 0xEB, 0x04, 0x00, 0x8D, 0xE2, 0x86, 0x0A, 0x00, 0xEB,
    0x5C, 0x10, 0x9F, 0xE5, 0x21, 0x20, 0x60, 0xE2, 0x04, 0x00, 0x8D, 0xE2, 0xFF, 0x09, 0x00, 0xEB,
    0x04, 0x00, 0x8D, 0xE2, 0x79, 0x3C, 0x00, 0xEB, 0x90, 0x00, 0x94, 0xE5, 0x63, 0x11, 0x00, 0xEB,
    0xD8, 0x08, 0xC4, 0xE1, 0x8F, 0x07, 0x00, 0xEB, 0xD8, 0x08, 0xC4, 0xE1, 0xBB, 0x05, 0x00, 0xEB,
    0x30, 0x30, 0x9F, 0xE5, 0x04, 0x10, 0x94, 0xE5, 0x00, 0x20, 0x93, 0xE5, 0x94, 0x00, 0x84, 0xE2,
    0x02, 0x00, 0x51, 0xE1, 0x00, 0x20, 0xE0, 0x03, 0x00, 0x10, 0xA0, 0xE3, 0x00, 0x20, 0x83, 0x05,
    0x20, 0x20, 0xA0, 0xE3, 0x00, 0x10, 0xC4, 0xE5, 0x2C, 0xD0, 0x8D, 0xE2, 0x30, 0x40, 0xBD, 0xE8,
    0xAD, 0x0B, 0x00, 0xEA, 0x2C, 0x81, 0x11, 0x00, 0x70, 0xD9, 0x11, 0x00, 0xF0, 0x47, 0x2D, 0xE9,
    0x54, 0x51, 0x9F, 0xE5, 0x03, 0xA0, 0xA0, 0xE1, 0x00, 0x30, 0xD5, 0xE5, 0x00, 0x80, 0xA0, 0xE1,
    0x00, 0x00, 0x53, 0xE3, 0x01, 0x90, 0xA0, 0xE1, 0x02, 0x40, 0xA0, 0xE1, 0x08, 0xD0, 0x4D, 0xE2,
    0x44, 0x00, 0x00, 0x0A, 0x02, 0x00, 0xA0, 0xE1, 0xE3, 0xFE, 0xFF, 0xEB, 0x00, 0x00, 0x50, 0xE3,
    0x09, 0x00, 0x00, 0x1A, 0x24, 0x51, 0x9F, 0xE5, 0x00, 0x30, 0xA0, 0xE3, 0x05, 0x20, 0xA0, 0xE1,
    0x00, 0x10, 0xD2, 0xE5, 0xB8, 0x20, 0x82, 0xE2, 0x00, 0x00, 0x51, 0xE3, 0x09, 0x00, 0x00, 0x0A,
    0x01, 0x30, 0x83, 0xE2, 0x08, 0x00, 0x53, 0xE3, 0xF8, 0xFF, 0xFF, 0x1A, 0x08, 0x00, 0xA0, 0xE1,
    0x09, 0x10, 0xA0, 0xE1, 0x63, 0x07, 0x00, 0xEB, 0x00, 0x40, 0xE0, 0xE3, 0x04, 0x00, 0xA0, 0xE1,
    0x08, 0xD0, 0x8D, 0xE2, 0xF0, 0x87, 0xBD, 0xE8, 0x83, 0x20, 0x83, 0xE0, 0x82, 0x31, 0x63, 0xE0,
    0x83, 0x61, 0x85, 0xE0, 0x08, 0x20, 0xA0, 0xE1, 0x04, 0x30, 0x8D, 0xE5, 0x09, 0x30, 0xA0, 0xE1,
    0x94, 0x00, 0x86, 0xE2, 0xF8, 0x28, 0xC6, 0xE1, 0x20, 0x20, 0xA0, 0xE3, 0x82, 0x0B, 0x00, 0xEB,
    0x04, 0x10, 0xA0, 0xE1, 0x1F, 0x20, 0xA0, 0xE3, 0x94, 0x00, 0x86, 0xE2, 0xDE, 0x10, 0x00, 0xEB,
    0x08, 0x00, 0x86, 0xE2, 0x3E, 0x3C, 0x00, 0xEB, 0x01, 0x00, 0x70, 0xE3, 0x00, 0x40, 0xA0, 0xE1,
    0xE5, 0xFF, 0xFF, 0x0A, 0x01, 0x20, 0xA0, 0xE3, 0x04, 0x30, 0x9D, 0xE5, 0x90, 0x00, 0x9F, 0xE5,
    0x83, 0x21, 0xC5, 0xE7, 0x09, 0x11, 0x00, 0xEB, 0x2F, 0x20, 0xA0, 0xE3, 0x84, 0x30, 0x9F, 0xE5,
    0xB0, 0x20, 0xC0, 0xE1, 0x00, 0x10, 0x93, 0xE5, 0x90, 0x00, 0x86, 0xE5, 0x01, 0x00, 0x71, 0xE3,
    0x04, 0x20, 0x96, 0x05, 0x70, 0x00, 0x9F, 0xE5, 0x00, 0x20, 0x83, 0x05, 0x4E, 0x3C, 0x00, 0xEB,
    0x00, 0x00, 0x50, 0xE3, 0x08, 0x00, 0x00, 0x0A, 0x60, 0x10, 0x9F, 0xE5, 0x00, 0x00, 0x90, 0xE5,
    0x1C, 0xE0, 0xFF, 0xEB, 0x00, 0x00, 0x50, 0xE3, 0x03, 0x00, 0x00, 0x0A, 0x04, 0x00, 0xA0, 0xE1,
    0x00, 0x60, 0x8A, 0xE5, 0x08, 0xD0, 0x8D, 0xE2, 0xF0, 0x87, 0xBD, 0xE8, 0x04, 0x00, 0xA0, 0xE1,
    0xEA, 0x3B, 0x00, 0xEB, 0xF8, 0xFF, 0xFF, 0xEA, 0x81, 0xFE, 0xFF, 0xEB, 0x00, 0x30, 0xD5, 0xE5,
    0x00, 0x00, 0x53, 0xE3, 0xBA, 0xFF, 0xFF, 0x1A, 0x08, 0x00, 0xA0, 0xE1, 0x09, 0x10, 0xA0, 0xE1,
    0x28, 0x07, 0x00, 0xEB, 0x00, 0x40, 0xE0, 0xE3, 0xC3, 0xFF, 0xFF, 0xEA, 0x74, 0xD9, 0x11, 0x00,
    0xB0, 0xD3, 0x11, 0x00, 0x01, 0x04, 0x00, 0x00, 0x70, 0xD9, 0x11, 0x00, 0x40, 0x82, 0x11, 0x00,
    0x30, 0x81, 0x11, 0x00, 0x70, 0x43, 0x2D, 0xE9, 0x00, 0x60, 0xA0, 0xE1, 0x01, 0x40, 0xA0, 0xE1,
    0xFC, 0x11, 0x96, 0xE5, 0x30, 0xD0, 0x4D, 0xE2, 0x18, 0x30, 0x8D, 0xE2, 0x18, 0x10, 0x8D, 0xE5,
    0x24, 0x00, 0x8D, 0xE2, 0x06, 0x10, 0xA0, 0xE1, 0xCB, 0xFE, 0xFF, 0xEB, 0x2C, 0x30, 0x9D, 0xE5,
    0x00, 0x00, 0x53, 0xE3, 0x2A, 0x00, 0x00, 0x0A, 0x18, 0x30, 0x9D, 0xE5, 0x04, 0x50, 0x94, 0xE5,
    0xD8, 0x28, 0xC3, 0xE1, 0x02, 0x80, 0xA0, 0xE1, 0x03, 0x90, 0xA0, 0xE1, 0x24, 0x30, 0x8D, 0xE2,
    0x07, 0x00, 0x93, 0xE8, 0x09, 0x30, 0xA0, 0xE1, 0x07, 0x00, 0x8D, 0xE8, 0x08, 0x20, 0xA0, 0xE1,
    0x14, 0x00, 0x8D, 0xE2, 0xB6, 0x06, 0x00, 0xEB, 0x00, 0x30, 0x50, 0xE2, 0x03, 0x80, 0xA0, 0xE1,
    0x0D, 0x00, 0x00, 0xBA, 0x00, 0x10, 0xA0, 0xE3, 0x00, 0x30, 0xE0, 0xE3, 0x6C, 0x20, 0x9F, 0xE5,
    0x10, 0x00, 0x85, 0xE2, 0x00, 0x20, 0x85, 0xE5, 0x14, 0x20, 0x9D, 0xE5, 0x0C, 0x10, 0x85, 0xE5,
    0x04, 0x20, 0x85, 0xE5, 0x08, 0x30, 0x85, 0xE5, 0x45, 0x2C, 0xA0, 0xE3, 0x26, 0x0B, 0x00, 0xEB,
    0x04, 0x00, 0xA0, 0xE1, 0x30, 0xD0, 0x8D, 0xE2, 0x70, 0x83, 0xBD, 0xE8, 0x00, 0xC0, 0xA0, 0xE3,
    0x3C, 0x20, 0x9F, 0xE5, 0x08, 0x30, 0xA0, 0xE3, 0x00, 0x20, 0x8D, 0xE5, 0x34, 0x10, 0x9F, 0xE5,
    0x06, 0x20, 0xA0, 0xE3, 0x1C, 0x00, 0x8D, 0xE2, 0x1C, 0x80, 0x8D, 0xE5, 0x20, 0xC0, 0x8D, 0xE5,
    0xFC, 0x09, 0x00, 0xEB, 0x00, 0x00, 0x50, 0xE3, 0x04, 0x30, 0x90, 0x15, 0x03, 0x80, 0xA0, 0x11,
    0x00, 0x80, 0x86, 0xE5, 0x00, 0x00, 0xA0, 0xE3, 0x30, 0xD0, 0x8D, 0xE2, 0x70, 0x83, 0xBD, 0xE8,
    0x61, 0x72, 0x63, 0x68, 0xD0, 0x7B, 0x10, 0x00, 0x3C, 0x8E, 0x11, 0x00, 0x01, 0x30, 0xA0, 0xE1,
    0x70, 0x40, 0x2D, 0xE9, 0x18, 0xD0, 0x4D, 0xE2, 0x00, 0x60, 0xA0, 0xE1, 0x08, 0x10, 0x8D, 0xE2,
    0x00, 0x00, 0x93, 0xE5, 0x02, 0x40, 0xA0, 0xE1, 0x67, 0x07, 0x00, 0xEB, 0x00, 0x30, 0x50, 0xE2,
    0x0C, 0x00, 0x00, 0xBA, 0x60, 0x20, 0xA0, 0xE3, 0x00, 0x10, 0xA0, 0xE3, 0x04, 0x00, 0xA0, 0xE1,
    0x01, 0x0B, 0x00, 0xEB, 0x02, 0x7B, 0x9D, 0xED, 0x01, 0x20, 0xA0, 0xE3, 0x00, 0x00, 0xA0, 0xE3,
    0x06, 0x7B, 0x84, 0xED, 0x50, 0x30, 0x9F, 0xE5, 0xBC, 0x20, 0xC4, 0xE1, 0x08, 0x30, 0x84, 0xE5,
    0x18, 0xD0, 0x8D, 0xE2, 0x70, 0x80, 0xBD, 0xE8, 0x03, 0x50, 0xA0, 0xE1, 0x00, 0xC0, 0xA0, 0xE3,
    0x38, 0x20, 0x9F, 0xE5, 0x08, 0x30, 0xA0, 0xE3, 0x00, 0x20, 0x8D, 0xE5, 0x30, 0x10, 0x9F, 0xE5,
    0x06, 0x20, 0xA0, 0xE3, 0x10, 0x00, 0x8D, 0xE2, 0x10, 0x50, 0x8D, 0xE5, 0x14, 0xC0, 0x8D, 0xE5,
    0xD0, 0x09, 0x00, 0xEB, 0x00, 0x00, 0x50, 0xE3, 0x04, 0x30, 0x90, 0x15, 0x00, 0x00, 0xE0, 0xE3,
    0x03, 0x50, 0xA0, 0x11, 0x00, 0x50, 0x86, 0xE5, 0xEC, 0xFF, 0xFF, 0xEA, 0xB6, 0x81, 0x00, 0x00,
    0xD0, 0x7B, 0x10, 0x00, 0x3C, 0x8E, 0x11, 0x00, 0x30, 0x40, 0x2D, 0xE9, 0x00, 0x50, 0xA0, 0xE1,
    0x14, 0xD0, 0x4D, 0xE2, 0x00, 0x00, 0x91, 0xE5, 0x69, 0x07, 0x00, 0xEB, 0x00, 0x30, 0x50, 0xE2,
    0x00, 0x00, 0xA0, 0xA3, 0x01, 0x00, 0x00, 0xBA, 0x14, 0xD0, 0x8D, 0xE2, 0x30, 0x80, 0xBD, 0xE8,
    0x03, 0x40, 0xA0, 0xE1, 0x08, 0x30, 0xA0, 0xE3, 0x00, 0xC0, 0xA0, 0xE3, 0x30, 0x20, 0x9F, 0xE5,
    0x03, 0x00, 0x8D, 0xE0, 0x00, 0x20, 0x8D, 0xE5, 0x28, 0x10, 0x9F, 0xE5, 0x06, 0x20, 0xA0, 0xE3,
    0x08, 0x40, 0x8D, 0xE5, 0x0C, 0xC0, 0x8D, 0xE5, 0xB2, 0x09, 0x00, 0xEB, 0x00, 0x00, 0x50, 0xE3,
    0x04, 0x30, 0x90, 0x15, 0x00, 0x00, 0xE0, 0xE3, 0x03, 0x40, 0xA0, 0x11, 0x00, 0x40, 0x85, 0xE5,
    0xEC, 0xFF, 0xFF, 0xEA, 0xD0, 0x7B, 0x10, 0x00, 0x3C, 0x8E, 0x11, 0x00, 0x30, 0x40, 0x2D, 0xE9,
    0x00, 0x50, 0xA0, 0xE1, 0x14, 0xD0, 0x4D, 0xE2, 0x00, 0x00, 0x91, 0xE5, 0x3D, 0x07, 0x00, 0xEB,
    0x00, 0x30, 0x50, 0xE2, 0x00, 0x00, 0xA0, 0xA3, 0x01, 0x00, 0x00, 0xBA, 0x14, 0xD0, 0x8D, 0xE2,
    0x30, 0x80, 0xBD, 0xE8, 0x03, 0x40, 0xA0, 0xE1, 0x08, 0x30, 0xA0, 0xE3, 0x00, 0xC0, 0xA0, 0xE3,
    0x30, 0x20, 0x9F, 0xE5, 0x03, 0x00, 0x8D, 0xE0, 0x00, 0x20, 0x8D, 0xE5, 0x28, 0x10, 0x9F, 0xE5,
    0x06, 0x20, 0xA0, 0xE3, 0x08, 0x40, 0x8D, 0xE5, 0x0C, 0xC0, 0x8D, 0xE5, 0x95, 0x09, 0x00, 0xEB,
    0x00, 0x00, 0x50, 0xE3, 0x04, 0x30, 0x90, 0x15, 0x00, 0x00, 0xE0, 0xE3, 0x03, 0x40, 0xA0, 0x11,
    0x00, 0x40, 0x85, 0xE5, 0xEC, 0xFF, 0xFF, 0xEA, 0xD0, 0x7B, 0x10, 0x00, 0x3C, 0x8E, 0x11, 0x00,
    0x30, 0x40, 0x2D, 0xE9, 0x04, 0x30, 0x91, 0xE5, 0x00, 0x50, 0xA0, 0xE1, 0x14, 0xD0, 0x4D, 0xE2,
    0x04, 0x00, 0x93, 0xE5, 0x4F, 0x07, 0x00, 0xEB, 0x00, 0x30, 0x50, 0xE2, 0x00, 0x00, 0xA0, 0xA3,
    0x01, 0x00, 0x00, 0xBA, 0x14, 0xD0, 0x8D, 0xE2, 0x30, 0x80, 0xBD, 0xE8, 0x03, 0x40, 0xA0, 0xE1,
    0x08, 0x30, 0xA0, 0xE3, 0x00, 0xC0, 0xA0, 0xE3, 0x30, 0x20, 0x9F, 0xE5, 0x03, 0x00, 0x8D, 0xE0,
    0x00, 0x20, 0x8D, 0xE5, 0x28, 0x10, 0x9F, 0xE5, 0x06, 0x20, 0xA0, 0xE3, 0x08, 0x40, 0x8D, 0xE5,
    0x0C, 0xC0, 0x8D, 0xE5, 0x77, 0x09, 0x00, 0xEB, 0x00, 0x00, 0x50, 0xE3, 0x04, 0x30, 0x90, 0x15,
    0x00, 0x00, 0xE0, 0xE3, 0x03, 0x40, 0xA0, 0x11, 0x00, 0x40, 0x85, 0xE5, 0xEC, 0xFF, 0xFF, 0xEA,
    0xD0, 0x7B, 0x10, 0x00, 0x3C, 0x8E, 0x11, 0x00, 0xF0, 0x40, 0x2D, 0xE9, 0x00, 0x50, 0xA0, 0xE3,
    0x2C, 0xD0, 0x4D, 0xE2, 0x00, 0x70, 0xA0, 0xE1, 0x18, 0x00, 0x8D, 0xE2, 0x02, 0x40, 0xA0, 0xE1,
    0x0F, 0x50, 0xCD, 0xE5, 0x7A, 0x06, 0x00, 0xEB, 0x00, 0x30, 0x50, 0xE2, 0x1E, 0x00, 0x00, 0xBA,
    0x02, 0x00, 0xA0, 0xE3, 0x00, 0x10, 0xA0, 0xE3, 0x1C, 0x20, 0x9D, 0xE5, 0x24, 0x30, 0x9D, 0xE5,
    0x00, 0x20, 0x84, 0xE5, 0x04, 0x20, 0x84, 0xE5, 0x20, 0x20, 0x9D, 0xE5, 0xF0, 0x03, 0xC4, 0xE1,
    0x0C, 0x50, 0x84, 0xE5, 0x08, 0x20, 0x84, 0xE5, 0x10, 0x30, 0x84, 0xE5, 0x14, 0x50, 0x84, 0xE5,
    0x18, 0x30, 0x84, 0xE5, 0x1C, 0x50, 0x84, 0xE5, 0x20, 0x50, 0x84, 0xE5, 0x24, 0x30, 0x84, 0xE5,
    0x28, 0x30, 0x84, 0xE5, 0x2C, 0x50, 0x84, 0xE5, 0x0F, 0x00, 0x8D, 0xE2, 0x81, 0x06, 0x00, 0xEB,
    0x05, 0x00, 0x50, 0xE1, 0x02, 0x00, 0x00, 0xBA, 0x0F, 0x30, 0xDD, 0xE5, 0x05, 0x00, 0x53, 0xE1,
    0x02, 0x00, 0x00, 0x1A, 0x30, 0x30, 0x94, 0xE5, 0x01, 0x30, 0x83, 0xE3, 0x30, 0x30, 0x84, 0xE5,
    0x00, 0x00, 0xA0, 0xE3, 0x2C, 0xD0, 0x8D, 0xE2, 0xF0, 0x80, 0xBD, 0xE8, 0x03, 0x60, 0xA0, 0xE1,
    0x34, 0x20, 0x9F, 0xE5, 0x08, 0x30, 0xA0, 0xE3, 0x00, 0x20, 0x8D, 0xE5, 0x2C, 0x10, 0x9F, 0xE5,
    0x06, 0x20, 0xA0, 0xE3, 0x10, 0x00, 0x8D, 0xE2, 0x10, 0x60, 0x8D, 0xE5, 0x14, 0x50, 0x8D, 0xE5,
    0x3C, 0x09, 0x00, 0xEB, 0x00, 0x00, 0x50, 0xE3, 0x04, 0x30, 0x90, 0x15, 0x00, 0x00, 0xE0, 0xE3,
    0x03, 0x60, 0xA0, 0x11, 0x00, 0x60, 0x87, 0xE5, 0xED, 0xFF, 0xFF, 0xEA, 0xD0, 0x7B, 0x10, 0x00,
    0x3C, 0x8E, 0x11, 0x00, 0xF0, 0x40, 0x2D, 0xE9, 0x00, 0x50, 0xA0, 0xE1, 0x01, 0x20, 0xA0, 0xE1,
    0xFC, 0x11, 0x95, 0xE5, 0x34, 0xD0, 0x4D, 0xE2, 0x18, 0x30, 0x8D, 0xE2, 0x18, 0x10, 0x8D, 0xE5,
    0x24, 0x00, 0x8D, 0xE2, 0x05, 0x10, 0xA0, 0xE1, 0xCF, 0xFD, 0xFF, 0xEB, 0x2C, 0x30, 0x9D, 0xE5,
    0x00, 0x00, 0x53, 0xE3, 0x2A, 0x00, 0x00, 0x0A, 0x18, 0x40, 0x9D, 0xE5, 0xD8, 0x28, 0xC4, 0xE1,
    0x02, 0x60, 0xA0, 0xE1, 0x03, 0x70, 0xA0, 0xE1, 0x24, 0x30, 0x8D, 0xE2, 0x07, 0x00, 0x93, 0xE8,
    0x07, 0x30, 0xA0, 0xE1, 0x07, 0x00, 0x8D, 0xE8, 0x06, 0x20, 0xA0, 0xE1, 0x14, 0x00, 0x8D, 0xE2,
    0xBB, 0x05, 0x00, 0xEB, 0x00, 0x30, 0x50, 0xE2, 0x03, 0x60, 0xA0, 0xE1, 0x0E, 0x00, 0x00, 0xBA,
    0x14, 0x00, 0x9D, 0xE5, 0xDF, 0x06, 0x00, 0xEB, 0xBF, 0x07, 0x00, 0xEB, 0x68, 0x30, 0x9F, 0xE5,
    0x68, 0x20, 0x9F, 0xE5, 0x03, 0x30, 0x9F, 0xE7, 0x03, 0x10, 0x80, 0xE0, 0x90, 0x00, 0x94, 0xE5,
    0x8D, 0x0F, 0x00, 0xEB, 0x00, 0x30, 0xA0, 0xE3, 0x03, 0x00, 0xA0, 0xE1, 0x90, 0x20, 0x94, 0xE5,
    0x00, 0x34, 0xC2, 0xE5, 0x34, 0xD0, 0x8D, 0xE2, 0xF0, 0x80, 0xBD, 0xE8, 0x00, 0xC0, 0xA0, 0xE3,
    0x3C, 0x20, 0x9F, 0xE5, 0x08, 0x30, 0xA0, 0xE3, 0x00, 0x20, 0x8D, 0xE5, 0x34, 0x10, 0x9F, 0xE5,
    0x06, 0x20, 0xA0, 0xE3, 0x1C, 0x00, 0x8D, 0xE2, 0x1C, 0x60, 0x8D, 0xE5, 0x20, 0xC0, 0x8D, 0xE5,
    0x00, 0x09, 0x00, 0xEB, 0x00, 0x00, 0x50, 0xE3, 0x04, 0x30, 0x90, 0x15, 0x03, 0x60, 0xA0, 0x11,
    0x00, 0x60, 0x85, 0xE5, 0x00, 0x00, 0xE0, 0xE3, 0xED, 0xFF, 0xFF, 0xEA, 0xE4, 0x35, 0x01, 0x00,
    0x01, 0x04, 0x00, 0x00, 0xD0, 0x7B, 0x10, 0x00, 0x3C, 0x8E, 0x11, 0x00, 0x00, 0x00, 0x53, 0xE3,
    0x0A, 0x00, 0x00, 0xBA, 0x30, 0x40, 0x2D, 0xE9, 0x00, 0x50, 0xA0, 0xE1, 0x14, 0xD0, 0x4D, 0xE2,
    0x00, 0x00, 0x91, 0xE5, 0x7D, 0x06, 0x00, 0xEB, 0x00, 0x30, 0x50, 0xE2, 0x03, 0x40, 0xA0, 0xE1,
    0x00, 0x00, 0xA0, 0xA3, 0x05, 0x00, 0x00, 0xBA, 0x14, 0xD0, 0x8D, 0xE2, 0x30, 0x80, 0xBD, 0xE8,
    0x16, 0x30, 0xA0, 0xE3, 0x00, 0x30, 0x80, 0xE5, 0x00, 0x00, 0xE0, 0xE3, 0x1E, 0xFF, 0x2F, 0xE1,
    0x08, 0x30, 0xA0, 0xE3, 0x00, 0xC0, 0xA0, 0xE3, 0x30, 0x20, 0x9F, 0xE5, 0x03, 0x00, 0x8D, 0xE0,
    0x00, 0x20, 0x8D, 0xE5, 0x28, 0x10, 0x9F, 0xE5, 0x06, 0x20, 0xA0, 0xE3, 0x08, 0x40, 0x8D, 0xE5,
    0x0C, 0xC0, 0x8D, 0xE5, 0xDB, 0x08, 0x00, 0xEB, 0x00, 0x00, 0x50, 0xE3, 0x04, 0x30, 0x90, 0x15,
    0x00, 0x00, 0xE0, 0xE3, 0x03, 0x40, 0xA0, 0x11, 0x00, 0x40, 0x85, 0xE5, 0xE9, 0xFF, 0xFF, 0xEA,
    0xD0, 0x7B, 0x10, 0x00, 0x3C, 0x8E, 0x11, 0x00, 0x04, 0xC0, 0x91, 0xE5, 0x03, 0xC0, 0x0C, 0xE2,
    0x01, 0x00, 0x5C, 0xE3, 0x24, 0x00, 0x00, 0x0A, 0x70, 0x40, 0x2D, 0xE9, 0x01, 0x40, 0xA0, 0xE1,
    0x18, 0xD0, 0x4D, 0xE2, 0xF0, 0x20, 0xCD, 0xE1, 0x00, 0x60, 0xA0, 0xE1, 0xD8, 0x20, 0xC4, 0xE1,
    0x00, 0x00, 0x94, 0xE5, 0x0C, 0x10, 0x8D, 0xE2, 0x0F, 0x06, 0x00, 0xEB, 0x00, 0x30, 0x50, 0xE2,
    0x03, 0x50, 0xA0, 0xE1, 0x08, 0x00, 0x00, 0xBA, 0x08, 0x30, 0x94, 0xE5, 0x0C, 0x00, 0x9D, 0xE5,
    0x0C, 0x20, 0x94, 0xE5, 0x00, 0x30, 0x93, 0xE0, 0x00, 0x20, 0xA2, 0xE2, 0x08, 0x30, 0x84, 0xE5,
    0x0C, 0x20, 0x84, 0xE5, 0x18, 0xD0, 0x8D, 0xE2, 0x70, 0x80, 0xBD, 0xE8, 0x00, 0xC0, 0xA0, 0xE3,
    0x44, 0x20, 0x9F, 0xE5, 0x08, 0x30, 0xA0, 0xE3, 0x00, 0x20, 0x8D, 0xE5, 0x3C, 0x10, 0x9F, 0xE5,
    0x06, 0x20, 0xA0, 0xE3, 0x10, 0x00, 0x8D, 0xE2, 0x10, 0x50, 0x8D, 0xE5, 0x14, 0xC0, 0x8D, 0xE5,
    0xB0, 0x08, 0x00, 0xEB, 0x00, 0x00, 0x50, 0xE3, 0x04, 0x30, 0x90, 0x15, 0x00, 0x00, 0xE0, 0xE3,
    0x03, 0x50, 0xA0, 0x11, 0x00, 0x50, 0x86, 0xE5, 0xED, 0xFF, 0xFF, 0xEA, 0x09, 0x30, 0xA0, 0xE3,
    0x00, 0x30, 0x80, 0xE5, 0x00, 0x00, 0xE0, 0xE3, 0x1E, 0xFF, 0x2F, 0xE1, 0xD0, 0x7B, 0x10, 0x00,
    0x3C, 0x8E, 0x11, 0x00, 0x30, 0x40, 0x2D, 0xE9, 0x00, 0x40, 0xA0, 0xE1, 0x01, 0x20, 0xA0, 0xE1,
    0xFC, 0x11, 0x94, 0xE5, 0x24, 0xD0, 0x4D, 0xE2, 0x08, 0x30, 0x8D, 0xE2, 0x08, 0x10, 0x8D, 0xE5,
    0x14, 0x00, 0x8D, 0xE2, 0x04, 0x10, 0xA0, 0xE1, 0x3F, 0xFD, 0xFF, 0xEB, 0x1C, 0x30, 0x9D, 0xE5,
    0x00, 0x00, 0x53, 0xE3, 0x18, 0x00, 0x00, 0x0A, 0x08, 0x20, 0x9D, 0xE5, 0xD8, 0x08, 0xC2, 0xE1,
    0x00, 0x30, 0x8D, 0xE5, 0xD4, 0x21, 0xCD, 0xE1, 0xF7, 0x03, 0x00, 0xEB, 0x00, 0x30, 0x50, 0xE2,
    0x03, 0x50, 0xA0, 0xE1, 0x00, 0x00, 0xA0, 0xA3, 0x01, 0x00, 0x00, 0xBA, 0x24, 0xD0, 0x8D, 0xE2,
    0x30, 0x80, 0xBD, 0xE8, 0x00, 0xC0, 0xA0, 0xE3, 0x34, 0x20, 0x9F, 0xE5, 0x08, 0x30, 0xA0, 0xE3,
    0x00, 0x20, 0x8D, 0xE5, 0x2C, 0x10, 0x9F, 0xE5, 0x06, 0x20, 0xA0, 0xE3, 0x0C, 0x00, 0x8D, 0xE2,
    0x0C, 0x50, 0x8D, 0xE5, 0x10, 0xC0, 0x8D, 0xE5, 0x82, 0x08, 0x00, 0xEB, 0x00, 0x00, 0x50, 0xE3,
    0x04, 0x30, 0x90, 0x15, 0x03, 0x50, 0xA0, 0x11, 0x00, 0x50, 0x84, 0xE5, 0x00, 0x00, 0xE0, 0xE3,
    0xED, 0xFF, 0xFF, 0xEA, 0xD0, 0x7B, 0x10, 0x00, 0x3C, 0x8E, 0x11, 0x00, 0xF0, 0x40, 0x2D, 0xE9,
    0xFC, 0x31, 0x90, 0xE5, 0x24, 0xD0, 0x4D, 0xE2, 0x01, 0x40, 0xD3, 0xE5, 0x08, 0x30, 0x8D, 0xE5,
    0x00, 0x00, 0x54, 0xE3, 0x86, 0x30, 0xA0, 0x13, 0x00, 0x30, 0x80, 0x15, 0x22, 0x00, 0x00, 0x1A,
    0x01, 0x20, 0xA0, 0xE1, 0x00, 0x50, 0xA0, 0xE1, 0x00, 0x10, 0xA0, 0xE1, 0x08, 0x30, 0x8D, 0xE2,
    0x14, 0x00, 0x8D, 0xE2, 0x10, 0xFD, 0xFF, 0xEB, 0x1C, 0x10, 0x9D, 0xE5, 0x00, 0x00, 0x51, 0xE3,
    0x19, 0x00, 0x00, 0x0A, 0xD4, 0x21, 0xCD, 0xE1, 0x08, 0x00, 0x9D, 0xE5, 0xD8, 0x68, 0xC0, 0xE1,
    0x00, 0x10, 0x8D, 0xE5, 0x06, 0x00, 0xA0, 0xE1, 0x07, 0x10, 0xA0, 0xE1, 0x31, 0x04, 0x00, 0xEB,
    0x00, 0x30, 0x50, 0xE2, 0x03, 0x60, 0xA0, 0xE1, 0x04, 0x00, 0xA0, 0xA1, 0x01, 0x00, 0x00, 0xBA,
    0x24, 0xD0, 0x8D, 0xE2, 0xF0, 0x80, 0xBD, 0xE8, 0x34, 0x20, 0x9F, 0xE5, 0x08, 0x30, 0xA0, 0xE3,
    0x00, 0x20, 0x8D, 0xE5, 0x2C, 0x10, 0x9F, 0xE5, 0x06, 0x20, 0xA0, 0xE3, 0x0C, 0x00, 0x8D, 0xE2,
    0x0C, 0x60, 0x8D, 0xE5, 0x10, 0x40, 0x8D, 0xE5, 0x52, 0x08, 0x00, 0xEB, 0x00, 0x00, 0x50, 0xE3,
    0x04, 0x30, 0x90, 0x15, 0x03, 0x60, 0xA0, 0x11, 0x00, 0x60, 0x85, 0xE5, 0x00, 0x00, 0xE0, 0xE3,
    0xEE, 0xFF, 0xFF, 0xEA, 0xD0, 0x7B, 0x10, 0x00, 0x3C, 0x8E, 0x11, 0x00, 0xF0, 0x41, 0x2D, 0xE9,
    0xFC, 0x31, 0x90, 0xE5, 0x20, 0xD0, 0x4D, 0xE2, 0x01, 0x40, 0xD3, 0xE5, 0x08, 0x30, 0x8D, 0xE5,
    0x00, 0x00, 0x54, 0xE3, 0x86, 0x30, 0xA0, 0x13, 0x00, 0x30, 0x80, 0x15, 0x27, 0x00, 0x00, 0x1A,
    0x01, 0x20, 0xA0, 0xE1, 0x00, 0x80, 0xA0, 0xE1, 0x00, 0x10, 0xA0, 0xE1, 0x08, 0x30, 0x8D, 0xE2,
    0x14, 0x00, 0x8D, 0xE2, 0xE0, 0xFC, 0xFF, 0xEB, 0x1C, 0x10, 0x9D, 0xE5, 0x00, 0x00, 0x51, 0xE3,
    0x1E, 0x00, 0x00, 0x0A, 0xD4, 0x21, 0xCD, 0xE1, 0x08, 0x00, 0x9D, 0xE5, 0xD8, 0x68, 0xC0, 0xE1,
    0x00, 0x10, 0x8D, 0xE5, 0x06, 0x00, 0xA0, 0xE1, 0x07, 0x10, 0xA0, 0xE1, 0x04, 0x40, 0x8D, 0xE5,
    0x62, 0x04, 0x00, 0xEB, 0x5C, 0x30, 0x9F, 0xE5, 0x00, 0x50, 0xA0, 0xE1, 0x03, 0x00, 0x50, 0xE1,
    0x11, 0x30, 0xA0, 0x03, 0x00, 0x30, 0x88, 0x05, 0x10, 0x00, 0x00, 0x0A, 0x00, 0x00, 0x50, 0xE3,
    0x04, 0x00, 0xA0, 0xA1, 0x01, 0x00, 0x00, 0xBA, 0x20, 0xD0, 0x8D, 0xE2, 0xF0, 0x81, 0xBD, 0xE8,
    0x34, 0x20, 0x9F, 0xE5, 0x08, 0x30, 0xA0, 0xE3, 0x00, 0x20, 0x8D, 0xE5, 0x2C, 0x10, 0x9F, 0xE5,
    0x06, 0x20, 0xA0, 0xE3, 0x0C, 0x00, 0x8D, 0xE2, 0x0C, 0x50, 0x8D, 0xE5, 0x10, 0x40, 0x8D, 0xE5,
    0x1C, 0x08, 0x00, 0xEB, 0x00, 0x00, 0x50, 0xE3, 0x04, 0x50, 0x90, 0x15, 0x00, 0x50, 0x88, 0xE5,
    0x00, 0x00, 0xE0, 0xE3, 0xEF, 0xFF, 0xFF, 0xEA, 0xBE, 0x44, 0x20, 0xC8, 0xD0, 0x7B, 0x10, 0x00,
    0x3C, 0x8E, 0x11, 0x00, 0xF0, 0x4F, 0x2D, 0xE9, 0x00, 0x60, 0xA0, 0xE1, 0x02, 0x50, 0xA0, 0xE1,
    0xFC, 0x21, 0x96, 0xE5, 0x44, 0xD0, 0x4D, 0xE2, 0x1C, 0x30, 0x8D, 0xE2, 0x1C, 0x20, 0x8D, 0xE5,
    0x34, 0x00, 0x8D, 0xE2, 0x01, 0x20, 0xA0, 0xE1, 0x06, 0x10, 0xA0, 0xE1, 0xAE, 0xFC, 0xFF, 0xEB,
    0x3C, 0x30, 0x9D, 0xE5, 0x00, 0x00, 0x53, 0xE3, 0x45, 0x00, 0x00, 0x0A, 0x1C, 0x80, 0x9D, 0xE5,
    0x00, 0x40, 0xA0, 0xE3, 0xD8, 0x28, 0xC8, 0xE1, 0x01, 0x70, 0xA0, 0xE3, 0x02, 0xA0, 0xA0, 0xE1,
    0x03, 0xB0, 0xA0, 0xE1, 0x10, 0x40, 0x8D, 0xE5, 0x0C, 0x70, 0x8D, 0xE5, 0x34, 0x30, 0x8D, 0xE2,
    0x07, 0x00, 0x93, 0xE8, 0x0B, 0x30, 0xA0, 0xE1, 0x07, 0x00, 0x8D, 0xE8, 0x0A, 0x20, 0xA0, 0xE1,
    0x18, 0x00, 0x8D, 0xE2, 0x29, 0x03, 0x00, 0xEB, 0x04, 0x00, 0x50, 0xE1, 0x15, 0x00, 0x00, 0xAA,
    0xD8, 0x88, 0xC8, 0xE1, 0x34, 0x30, 0x8D, 0xE2, 0x07, 0x00, 0x93, 0xE8, 0x09, 0x30, 0xA0, 0xE1,
    0x07, 0x00, 0x8D, 0xE8, 0x08, 0x20, 0xA0, 0xE1, 0x18, 0x00, 0x8D, 0xE2, 0x8C, 0x04, 0x00, 0xEB,
    0x00, 0x80, 0x50, 0xE2, 0x1E, 0x00, 0x00, 0xBA, 0x60, 0x20, 0xA0, 0xE3, 0x04, 0x10, 0xA0, 0xE1,
    0x05, 0x00, 0xA0, 0xE1, 0x04, 0x09, 0x00, 0xEB, 0xD4, 0x30, 0x9F, 0xE5, 0x18, 0x00, 0x9D, 0xE5,
    0xBC, 0x70, 0xC5, 0xE1, 0x08, 0x30, 0x85, 0xE5, 0xAA, 0x05, 0x00, 0xEB, 0x04, 0x00, 0xA0, 0xE1,
    0x44, 0xD0, 0x8D, 0xE2, 0xF0, 0x8F, 0xBD, 0xE8, 0x18, 0x00, 0x9D, 0xE5, 0x20, 0x10, 0x8D, 0xE2,
    0x59, 0x05, 0x00, 0xEB, 0x00, 0x80, 0x50, 0xE2, 0x1B, 0x00, 0x00, 0xBA, 0x04, 0x10, 0xA0, 0xE1,
    0x60, 0x20, 0xA0, 0xE3, 0x05, 0x00, 0xA0, 0xE1, 0xF3, 0x08, 0x00, 0xEB, 0xD0, 0x02, 0xCD, 0xE1,
    0x90, 0x30, 0x9F, 0xE5, 0xF8, 0x01, 0xC5, 0xE1, 0xBC, 0x70, 0xC5, 0xE1, 0x08, 0x30, 0x85, 0xE5,
    0x18, 0x00, 0x9D, 0xE5, 0x67, 0x05, 0x00, 0xEB, 0x04, 0x00, 0xA0, 0xE1, 0x44, 0xD0, 0x8D, 0xE2,
    0xF0, 0x8F, 0xBD, 0xE8, 0x70, 0x20, 0x9F, 0xE5, 0x08, 0x30, 0xA0, 0xE3, 0x00, 0x20, 0x8D, 0xE5,
    0x68, 0x10, 0x9F, 0xE5, 0x06, 0x20, 0xA0, 0xE3, 0x2C, 0x00, 0x8D, 0xE2, 0x2C, 0x80, 0x8D, 0xE5,
    0x30, 0x40, 0x8D, 0xE5, 0xC3, 0x07, 0x00, 0xEB, 0x00, 0x00, 0x50, 0xE3, 0x04, 0x80, 0x90, 0x15,
    0x00, 0x80, 0x86, 0xE5, 0x00, 0x40, 0xE0, 0xE3, 0xDB, 0xFF, 0xFF, 0xEA, 0x38, 0x20, 0x9F, 0xE5,
    0x08, 0x30, 0xA0, 0xE3, 0x00, 0x20, 0x8D, 0xE5, 0x30, 0x10, 0x9F, 0xE5, 0x06, 0x20, 0xA0, 0xE3,
    0x2C, 0x00, 0x8D, 0xE2, 0x30, 0x40, 0x8D, 0xE5, 0x2C, 0x80, 0x8D, 0xE5, 0xB5, 0x07, 0x00, 0xEB,
    0x00, 0x00, 0x50, 0xE3, 0x04, 0x80, 0x90, 0x15, 0x00, 0x40, 0xE0, 0xE3, 0x00, 0x80, 0x86, 0xE5,
    0xDE, 0xFF, 0xFF, 0xEA, 0xFF, 0x41, 0x00, 0x00, 0xB6, 0x81, 0x00, 0x00, 0xD0, 0x7B, 0x10, 0x00,
    0x3C, 0x8E, 0x11, 0x00, 0xF0, 0x47, 0x2D, 0xE9, 0x04, 0x40, 0x91, 0xE5, 0x03, 0x60, 0xA0, 0xE1,
    0x08, 0x10, 0x94, 0xE5, 0x0C, 0x30, 0x94, 0xE5, 0x01, 0x10, 0x81, 0xE2, 0x03, 0x00, 0x51, 0xE1,
    0x18, 0xD0, 0x4D, 0xE2, 0x00, 0x90, 0xA0, 0xE1, 0x02, 0x50, 0xA0, 0xE1, 0x08, 0x10, 0x84, 0xE5,
    0x1E, 0x00, 0x00, 0x2A, 0x01, 0x72, 0x81, 0xE0, 0x07, 0x71, 0x81, 0xE0, 0x87, 0x71, 0x84, 0xE0,
    0x10, 0x70, 0x87, 0xE2, 0x00, 0x80, 0xA0, 0xE3, 0x01, 0x32, 0x81, 0xE0, 0x03, 0x11, 0x81, 0xE0,
    0x81, 0x41, 0x84, 0xE0, 0x04, 0x80, 0x86, 0xE5, 0x2C, 0x32, 0x94, 0xE5, 0xFF, 0x20, 0xA0, 0xE3,
    0x01, 0x00, 0x13, 0xE3, 0x02, 0x39, 0xA0, 0x03, 0x01, 0x39, 0xA0, 0x13, 0x08, 0x10, 0xA0, 0xE1,
    0x08, 0x30, 0x86, 0xE5, 0x05, 0x00, 0xA0, 0xE1, 0xAB, 0x08, 0x00, 0xEB, 0xFF, 0x20, 0xA0, 0xE3,
    0x07, 0x10, 0xA0, 0xE1, 0x05, 0x00, 0xA0, 0xE1, 0xC9, 0x05, 0x00, 0xEB, 0x00, 0x00, 0x50, 0xE3,
    0x20, 0x00, 0x00, 0xBA, 0xFE, 0x00, 0x50, 0xE3, 0x5B, 0x30, 0xA0, 0xC3, 0x00, 0x30, 0x89, 0xC5,
    0x1E, 0x00, 0x00, 0xCA, 0x08, 0x00, 0xA0, 0xE1, 0x18, 0xD0, 0x8D, 0xE2, 0xF0, 0x87, 0xBD, 0xE8,
    0x00, 0x30, 0xE0, 0xE3, 0x00, 0x80, 0xA0, 0xE3, 0x10, 0x70, 0x84, 0xE2, 0x45, 0x2C, 0xA0, 0xE3,
    0x08, 0x10, 0xA0, 0xE1, 0x08, 0x30, 0x84, 0xE5, 0x07, 0x00, 0xA0, 0xE1, 0x0C, 0x80, 0x84, 0xE5,
    0x95, 0x08, 0x00, 0xEB, 0x07, 0x30, 0xA0, 0xE1, 0x20, 0x20, 0xA0, 0xE3, 0x04, 0x00, 0x94, 0xE5,
    0x0C, 0x10, 0x8D, 0xE2, 0x23, 0x05, 0x00, 0xEB, 0x00, 0x30, 0x50, 0xE2, 0x03, 0xA0, 0xA0, 0xE1,
    0x0C, 0x00, 0x00, 0xBA, 0x0C, 0x30, 0x9D, 0xE5, 0x00, 0x00, 0x53, 0xE3, 0x02, 0x30, 0xA0, 0x03,
    0x00, 0x30, 0x89, 0x05, 0x05, 0x00, 0x00, 0x0A, 0x08, 0x10, 0xA0, 0xE1, 0x0C, 0x30, 0x84, 0xE5,
    0x08, 0x80, 0x84, 0xE5, 0xCA, 0xFF, 0xFF, 0xEA, 0x8A, 0x30, 0xA0, 0xE3, 0x00, 0x30, 0x89, 0xE5,
    0x00, 0x00, 0xE0, 0xE3, 0xDF, 0xFF, 0xFF, 0xEA, 0x30, 0x20, 0x9F, 0xE5, 0x08, 0x30, 0xA0, 0xE3,
    0x00, 0x20, 0x8D, 0xE5, 0x28, 0x10, 0x9F, 0xE5, 0x06, 0x20, 0xA0, 0xE3, 0x10, 0x00, 0x8D, 0xE2,
    0x10, 0xA0, 0x8D, 0xE5, 0x14, 0x80, 0x8D, 0xE5, 0x5A, 0x07, 0x00, 0xEB, 0x00, 0x00, 0x50, 0xE3,
    0x04, 0x30, 0x90, 0x15, 0x03, 0xA0, 0xA0, 0x11, 0x00, 0xA0, 0x89, 0xE5, 0xEF, 0xFF, 0xFF, 0xEA,
    0xD0, 0x7B, 0x10, 0x00, 0x3C, 0x8E, 0x11, 0x00, 0x04, 0xC0, 0x91, 0xE5, 0x03, 0x00, 0x1C, 0xE3,
    0x36, 0x00, 0x00, 0x0A, 0xF0, 0x40, 0x2D, 0xE9, 0x01, 0x40, 0xA0, 0xE1, 0x14, 0x11, 0x9F, 0xE5,
    0x02, 0x0A, 0x1C, 0xE3, 0x03, 0x50, 0xA0, 0xE1, 0x01, 0x30, 0xA0, 0x11, 0x00, 0x30, 0xA0, 0x03,
    0x08, 0x00, 0x1C, 0xE3, 0x00, 0x60, 0xA0, 0xE1, 0x2C, 0xD0, 0x4D, 0xE2, 0x11, 0x00, 0x00, 0x1A,
    0x24, 0x00, 0x8D, 0xE8, 0x08, 0x30, 0x8D, 0xE5, 0x00, 0x00, 0x94, 0xE5, 0x1C, 0x10, 0x8D, 0xE2,
    0xD8, 0x20, 0xC4, 0xE1, 0xA1, 0x04, 0x00, 0xEB, 0x00, 0x50, 0x50, 0xE2, 0x27, 0x00, 0x00, 0xBA,
    0x1C, 0x10, 0x9D, 0xE5, 0x08, 0x30, 0x94, 0xE5, 0x01, 0x00, 0xA0, 0xE1, 0x0C, 0x20, 0x94, 0xE5,
    0x01, 0x30, 0x93, 0xE0, 0x00, 0x20, 0xA2, 0xE2, 0x08, 0x30, 0x84, 0xE5, 0x0C, 0x20, 0x84, 0xE5,
    0x2C, 0xD0, 0x8D, 0xE2, 0xF0, 0x80, 0xBD, 0xE8, 0x04, 0x10, 0xA0, 0xE1, 0x08, 0x00, 0x91, 0xE4,
    0x14, 0x20, 0x8D, 0xE5, 0x10, 0x30, 0x8D, 0xE5, 0xAB, 0x04, 0x00, 0xEB, 0x00, 0x30, 0x50, 0xE2,
    0x03, 0x70, 0xA0, 0xE1, 0x14, 0x20, 0x9D, 0xE5, 0x10, 0x30, 0x9D, 0xE5, 0xE3, 0xFF, 0xFF, 0xAA,
    0x00, 0xC0, 0xA0, 0xE3, 0x80, 0x20, 0x9F, 0xE5, 0x08, 0x30, 0xA0, 0xE3, 0x00, 0x20, 0x8D, 0xE5,
    0x78, 0x10, 0x9F, 0xE5, 0x06, 0x20, 0xA0, 0xE3, 0x20, 0x00, 0x8D, 0xE2, 0x20, 0x70, 0x8D, 0xE5,
    0x24, 0xC0, 0x8D, 0xE5, 0x1F, 0x07, 0x00, 0xEB, 0x00, 0x00, 0x50, 0xE3, 0x04, 0x30, 0x90, 0x15,
    0x03, 0x70, 0xA0, 0x11, 0x00, 0x70, 0x86, 0xE5, 0x00, 0x00, 0xE0, 0xE3, 0xE3, 0xFF, 0xFF, 0xEA,
    0x09, 0x30, 0xA0, 0xE3, 0x00, 0x30, 0x80, 0xE5, 0x00, 0x00, 0xE0, 0xE3, 0x1E, 0xFF, 0x2F, 0xE1,
    0x00, 0xC0, 0xA0, 0xE3, 0x30, 0x20, 0x9F, 0xE5, 0x08, 0x30, 0xA0, 0xE3, 0x00, 0x20, 0x8D, 0xE5,
    0x28, 0x10, 0x9F, 0xE5, 0x06, 0x20, 0xA0, 0xE3, 0x20, 0x00, 0x8D, 0xE2, 0x20, 0x50, 0x8D, 0xE5,
    0x24, 0xC0, 0x8D, 0xE5, 0x0B, 0x07, 0x00, 0xEB, 0x00, 0x00, 0x50, 0xE3, 0x04, 0x50, 0x90, 0x15,
    0x00, 0x50, 0x86, 0xE5, 0xEB, 0xFF, 0xFF, 0xEA, 0x01, 0x01, 0x00, 0x00, 0xD0, 0x7B, 0x10, 0x00,
    0x3C, 0x8E, 0x11, 0x00, 0x00, 0x00, 0x00, 0x00, 0xF0, 0x47, 0x2D, 0xE9, 0x00, 0x60, 0xA0, 0xE1,
    0x01, 0x70, 0xA0, 0xE1, 0xFC, 0x11, 0x96, 0xE5, 0x38, 0xD0, 0x4D, 0xE2, 0x20, 0x10, 0x8D, 0xE5,
    0x03, 0x40, 0xA0, 0xE1, 0x06, 0x10, 0xA0, 0xE1, 0x20, 0x30, 0x8D, 0xE2, 0x2C, 0x00, 0x8D, 0xE2,
    0x9D, 0xFB, 0xFF, 0xEB, 0x34, 0x30, 0x9D, 0xE5, 0x00, 0x00, 0x53, 0xE3, 0x28, 0x00, 0x00, 0x0A,
    0x03, 0x50, 0x04, 0xE2, 0x01, 0x00, 0x55, 0xE3, 0x57, 0x00, 0x00, 0x0A, 0x02, 0x00, 0x55, 0xE3,
    0x26, 0x00, 0x00, 0x0A, 0x00, 0x00, 0x55, 0xE3, 0x4F, 0x00, 0x00, 0x1A, 0x08, 0x00, 0x14, 0xE3,
    0x4D, 0x00, 0x00, 0x1A, 0x20, 0x80, 0x9D, 0xE5, 0x01, 0x30, 0xD8, 0xE5, 0x00, 0x00, 0x53, 0xE3,
    0x01, 0xA0, 0xA0, 0x03, 0x22, 0x00, 0x00, 0x0A, 0x02, 0x3C, 0x14, 0xE2, 0x4F, 0x00, 0x00, 0x1A,
    0xD8, 0x88, 0xC8, 0xE1, 0x01, 0x20, 0xA0, 0xE3, 0xFC, 0x20, 0xCD, 0xE1, 0x2C, 0x30, 0x8D, 0xE2,
    0x07, 0x00, 0x93, 0xE8, 0x09, 0x30, 0xA0, 0xE1, 0x07, 0x00, 0x8D, 0xE8, 0x08, 0x20, 0xA0, 0xE1,
    0x1C, 0x00, 0x8D, 0xE2, 0x0D, 0x02, 0x00, 0xEB, 0x00, 0x80, 0x50, 0xE2, 0x2D, 0x00, 0x00, 0xAA,
    0x00, 0xC0, 0xA0, 0xE3, 0x94, 0x21, 0x9F, 0xE5, 0x08, 0x30, 0xA0, 0xE3, 0x00, 0x20, 0x8D, 0xE5,
    0x8C, 0x11, 0x9F, 0xE5, 0x06, 0x20, 0xA0, 0xE3, 0x24, 0x00, 0x8D, 0xE2, 0x24, 0x80, 0x8D, 0xE5,
    0x28, 0xC0, 0x8D, 0xE5, 0xCF, 0x06, 0x00, 0xEB, 0x00, 0x00, 0x50, 0xE3, 0x04, 0x80, 0x90, 0x15,
    0x00, 0x80, 0x86, 0xE5, 0x00, 0x00, 0xE0, 0xE3, 0x38, 0xD0, 0x8D, 0xE2, 0xF0, 0x87, 0xBD, 0xE8,
    0x20, 0x80, 0x9D, 0xE5, 0x01, 0x30, 0xD8, 0xE5, 0x00, 0x00, 0x53, 0xE3, 0x03, 0xA0, 0xA0, 0x03,
    0x2E, 0x00, 0x00, 0x1A, 0x02, 0x0C, 0x14, 0xE3, 0x1F, 0x00, 0x00, 0x1A, 0xD8, 0x88, 0xC8, 0xE1,
    0x00, 0x30, 0xA0, 0xE3, 0x0C, 0xA0, 0x8D, 0xE5, 0x10, 0x30, 0x8D, 0xE5, 0x2C, 0x30, 0x8D, 0xE2,
    0x07, 0x00, 0x93, 0xE8, 0x09, 0x30, 0xA0, 0xE1, 0x07, 0x00, 0x8D, 0xE8, 0x08, 0x20, 0xA0, 0xE1,
    0x1C, 0x00, 0x8D, 0xE2, 0xE9, 0x01, 0x00, 0xEB, 0x00, 0x80, 0x50, 0xE2, 0xDB, 0xFF, 0xFF, 0xBA,
    0x00, 0x00, 0x55, 0xE3, 0x07, 0x00, 0x00, 0x0A, 0x01, 0x0B, 0x14, 0xE3, 0x05, 0x00, 0x00, 0x0A,
    0x00, 0x20, 0xA0, 0xE3, 0x00, 0x30, 0xA0, 0xE3, 0x1C, 0x00, 0x9D, 0xE5, 0x3B, 0x04, 0x00, 0xEB,
    0x00, 0x50, 0x50, 0xE2, 0x26, 0x00, 0x00, 0xBA, 0x36, 0x7B, 0x9F, 0xED, 0x00, 0x00, 0xA0, 0xE3,
    0xE0, 0x30, 0x9F, 0xE5, 0x1C, 0x20, 0x9D, 0xE5, 0x04, 0x30, 0x03, 0xE0, 0x02, 0x7B, 0x87, 0xED,
    0xF0, 0x20, 0xC7, 0xE1, 0x38, 0xD0, 0x8D, 0xE2, 0xF0, 0x87, 0xBD, 0xE8, 0x02, 0x0B, 0x14, 0xE3,
    0x0D, 0x00, 0x00, 0x1A, 0x04, 0xA0, 0x8A, 0xE3, 0xDB, 0xFF, 0xFF, 0xEA, 0x16, 0x30, 0xA0, 0xE3,
    0x00, 0x00, 0xE0, 0xE3, 0x00, 0x30, 0x86, 0xE5, 0xCE, 0xFF, 0xFF, 0xEA, 0x20, 0x80, 0x9D, 0xE5,
    0x01, 0x30, 0xD8, 0xE5, 0x00, 0x00, 0x53, 0xE3, 0x02, 0xA0, 0xA0, 0x03, 0xD0, 0xFF, 0xFF, 0x0A,
    0x86, 0x30, 0xA0, 0xE3, 0x00, 0x30, 0x86, 0xE5, 0xC5, 0xFF, 0xFF, 0xEA, 0x00, 0x30, 0xA0, 0xE3,
    0xD8, 0x08, 0xC8, 0xE1, 0x1B, 0x7B, 0x9F, 0xED, 0x34, 0x20, 0x9D, 0xE5, 0x04, 0x30, 0x8D, 0xE5,
    0x00, 0x20, 0x8D, 0xE5, 0x02, 0x7B, 0x8D, 0xED, 0xDC, 0x22, 0xCD, 0xE1, 0x87, 0x02, 0x00, 0xEB,
    0x00, 0x00, 0x50, 0xE3, 0xE6, 0xFF, 0xFF, 0xAA, 0x85, 0xFA, 0xFF, 0xEB, 0x00, 0x00, 0x86, 0xE5,
    0xB7, 0xFF, 0xFF, 0xEA, 0x1C, 0x00, 0x9D, 0xE5, 0x1A, 0x04, 0x00, 0xEB, 0x3C, 0x00, 0x9F, 0xE5,
    0x08, 0x30, 0xA0, 0xE3, 0x00, 0x00, 0x8D, 0xE5, 0x00, 0x00, 0xA0, 0xE3, 0x06, 0x20, 0xA0, 0xE3,
    0x28, 0x00, 0x8D, 0xE5, 0x28, 0x10, 0x9F, 0xE5, 0x24, 0x00, 0x8D, 0xE2, 0x24, 0x50, 0x8D, 0xE5,
    0x78, 0x06, 0x00, 0xEB, 0x00, 0x00, 0x50, 0xE3, 0x04, 0x50, 0x90, 0x15, 0x00, 0x50, 0x86, 0xE5,
    0xA7, 0xFF, 0xFF, 0xEA, 0x00, 0xF0, 0x20, 0xE3, 0x00, 0x00, 0x00, 0x00, 0x00, 0x00, 0x00, 0x00,
    0xD0, 0x7B, 0x10, 0x00, 0x3C, 0x8E, 0x11, 0x00, 0x0B, 0x20, 0x00, 0x00, 0xF0, 0x4B, 0x2D, 0xE9,
    0x1C, 0xB0, 0x8D, 0xE2, 0x48, 0xD0, 0x4D, 0xE2, 0x00, 0x70, 0xA0, 0xE1, 0x00, 0x00, 0xA0, 0xE3,
    0xFC, 0x31, 0x97, 0xE5, 0x40, 0x00, 0x0B, 0xE5, 0x01, 0x80, 0xD3, 0xE5, 0x44, 0x30, 0x0B, 0xE5,
    0x00, 0x00, 0x58, 0xE1, 0x6F, 0x00, 0x00, 0x1A, 0x02, 0x40, 0xA0, 0xE1, 0x44, 0x30, 0x4B, 0xE2,
    0x01, 0x20, 0xA0, 0xE1, 0x34, 0x00, 0x4B, 0xE2, 0x07, 0x10, 0xA0, 0xE1, 0x02, 0xFB, 0xFF, 0xEB,
    0x2C, 0x10, 0x1B, 0xE5, 0x00, 0x00, 0x51, 0xE3, 0x68, 0x00, 0x00, 0x0A, 0x30, 0x20, 0x1B, 0xE5,
    0x07, 0x30, 0x82, 0xE2, 0x07, 0x30, 0xC3, 0xE3, 0x03, 0xD0, 0x4D, 0xE0, 0x20, 0x90, 0x8D, 0xE2,
    0x09, 0x00, 0xA0, 0xE1, 0xE6, 0x05, 0x00, 0xEB, 0x40, 0x30, 0x4B, 0xE2, 0x04, 0x20, 0xA0, 0xE1,
    0x07, 0x10, 0xA0, 0xE1, 0x28, 0x00, 0x4B, 0xE2, 0xF3, 0xFA, 0xFF, 0xEB, 0x20, 0x30, 0x1B, 0xE5,
    0x00, 0x00, 0x53, 0xE3, 0x59, 0x00, 0x00, 0x0A, 0x44, 0x60, 0x1B, 0xE5, 0x40, 0x20, 0x1B, 0xE5,
    0x88, 0xC0, 0x96, 0xE5, 0x88, 0x10, 0x92, 0xE5, 0x8C, 0x30, 0x96, 0xE5, 0x8C, 0x20, 0x92, 0xE5,
    0x02, 0x00, 0x53, 0xE1, 0x01, 0x00, 0x5C, 0x01, 0x4E, 0x00, 0x00, 0x1A, 0x10, 0x40, 0x8D, 0xE2,
    0x28, 0x20, 0x4B, 0xE2, 0x07, 0x00, 0x92, 0xE8, 0x2C, 0x90, 0x0B, 0xE5, 0x07, 0x00, 0x84, 0xE8,
    0x00, 0x90, 0x8D, 0xE5, 0x08, 0xC0, 0x8D, 0xE5, 0x0C, 0x30, 0x8D, 0xE5, 0x03, 0x10, 0xA0, 0xE1,
    0xD4, 0x23, 0x4B, 0xE1, 0x0C, 0x00, 0xA0, 0xE1, 0xC9, 0x01, 0x00, 0xEB, 0x00, 0x00, 0x50, 0xE3,
    0x28, 0x00, 0x00, 0xAA, 0x00, 0x0B, 0xA0, 0xE1, 0x20, 0x0B, 0xA0, 0xE1, 0xFF, 0x0F, 0x50, 0xE3,
    0x27, 0x00, 0x00, 0x0A, 0xD8, 0x88, 0xC6, 0xE1, 0x28, 0x20, 0x4B, 0xE2, 0x07, 0x00, 0x92, 0xE8,
    0x2C, 0x30, 0x1B, 0xE5, 0x07, 0x00, 0x84, 0xE8, 0xF8, 0x80, 0xCD, 0xE1, 0x00, 0x30, 0x8D, 0xE5,
    0x08, 0x00, 0xA0, 0xE1, 0xD4, 0x23, 0x4B, 0xE1, 0x09, 0x10, 0xA0, 0xE1, 0x87, 0x02, 0x00, 0xEB,
    0x00, 0x80, 0x50, 0xE2, 0x17, 0x00, 0x00, 0xAA, 0x08, 0x3B, 0xA0, 0xE1, 0x23, 0x3B, 0xA0, 0xE1,
    0xFF, 0x0F, 0x53, 0xE3, 0x2F, 0x00, 0x00, 0x1A, 0xD8, 0x08, 0xC6, 0xE1, 0x20, 0x30, 0x1B, 0xE5,
    0x00, 0x30, 0x8D, 0xE5, 0xD8, 0x22, 0x4B, 0xE1, 0xEA, 0x01, 0x00, 0xEB, 0x00, 0x80, 0x50, 0xE2,
    0x28, 0x00, 0x00, 0xBA, 0xD8, 0x88, 0xC6, 0xE1, 0x28, 0x20, 0x4B, 0xE2, 0x07, 0x00, 0x92, 0xE8,
    0x2C, 0x30, 0x1B, 0xE5, 0x07, 0x00, 0x84, 0xE8, 0xF8, 0x80, 0xCD, 0xE1, 0x00, 0x30, 0x8D, 0xE5,
    0x08, 0x00, 0xA0, 0xE1, 0xD4, 0x23, 0x4B, 0xE1, 0x09, 0x10, 0xA0, 0xE1, 0x6F, 0x02, 0x00, 0xEB,
    0x00, 0x80, 0x50, 0xE2, 0x1B, 0x00, 0x00, 0xBA, 0x00, 0x00, 0xA0, 0xE3, 0x1C, 0xD0, 0x4B, 0xE2,
    0xF0, 0x8B, 0xBD, 0xE8, 0x20, 0x30, 0x1B, 0xE5, 0xD8, 0x08, 0xC6, 0xE1, 0x00, 0x30, 0x8D, 0xE5,
    0xD8, 0x22, 0x4B, 0xE1, 0x68, 0x01, 0x00, 0xEB, 0x00, 0x90, 0x50, 0xE2, 0x1F, 0x00, 0x00, 0xBA,
    0xD8, 0x88, 0xC6, 0xE1, 0x28, 0x20, 0x4B, 0xE2, 0x07, 0x00, 0x92, 0xE8, 0x2C, 0x30, 0x1B, 0xE5,
    0x07, 0x00, 0x84, 0xE8, 0xF8, 0x80, 0xCD, 0xE1, 0x00, 0x30, 0x8D, 0xE5, 0x08, 0x00, 0xA0, 0xE1,
    0xD4, 0x23, 0x4B, 0xE1, 0x09, 0x10, 0xA0, 0xE1, 0x89, 0x01, 0x00, 0xEB, 0x00, 0x00, 0x50, 0xE3,
    0xC3, 0xFF, 0xFF, 0xBA, 0xE7, 0xFF, 0xFF, 0xEA, 0x86, 0x30, 0xA0, 0xE3, 0x00, 0x30, 0x87, 0xE5,
    0x00, 0x00, 0xE0, 0xE3, 0xE4, 0xFF, 0xFF, 0xEA, 0x00, 0xC0, 0xA0, 0xE3, 0x60, 0x10, 0x9F, 0xE5,
    0x08, 0x30, 0xA0, 0xE3, 0x00, 0x10, 0x8D, 0xE5, 0x06, 0x20, 0xA0, 0xE3, 0x3C, 0x80, 0x0B, 0xE5,
    0x50, 0x10, 0x9F, 0xE5, 0x3C, 0x00, 0x4B, 0xE2, 0x38, 0xC0, 0x0B, 0xE5, 0xE5, 0x05, 0x00, 0xEB,
    0x00, 0x00, 0x50, 0xE3, 0x04, 0x80, 0x90, 0x15, 0x00, 0x80, 0x87, 0xE5, 0xEF, 0xFF, 0xFF, 0xEA,
    0x2C, 0x10, 0x9F, 0xE5, 0x08, 0x30, 0xA0, 0xE3, 0x00, 0x10, 0x8D, 0xE5, 0x06, 0x20, 0xA0, 0xE3,
    0x3C, 0x90, 0x0B, 0xE5, 0x1C, 0x10, 0x9F, 0xE5, 0x38, 0x80, 0x0B, 0xE5, 0x3C, 0x00, 0x4B, 0xE2,
    0xD8, 0x05, 0x00, 0xEB, 0x00, 0x00, 0x50, 0xE3, 0x04, 0x90, 0x90, 0x15, 0x00, 0x90, 0x87, 0xE5,
    0xE2, 0xFF, 0xFF, 0xEA, 0xD0, 0x7B, 0x10, 0x00, 0x3C, 0x8E, 0x11, 0x00, 0x30, 0x40, 0x2D, 0xE9,
    0x94, 0x31, 0x9F, 0xE5, 0x34, 0xD0, 0x4D, 0xE2, 0x00, 0x10, 0xD3, 0xE5, 0x8C, 0x21, 0x9F, 0xE5,
    0x24, 0x30, 0x8D, 0xE2, 0x00, 0x00, 0x51, 0xE3, 0x07, 0x00, 0x92, 0xE8, 0x07, 0x00, 0x83, 0xE8,
    0x3D, 0x00, 0x00, 0x0A, 0x2C, 0x20, 0x9D, 0xE5, 0x09, 0x10, 0xA0, 0xE3, 0x00, 0x20, 0x8D, 0xE5,
    0x0C, 0x00, 0x93, 0xE8, 0x18, 0x00, 0x8D, 0xE2, 0x8E, 0x02, 0x00, 0xEB, 0x00, 0x30, 0x50, 0xE2,
    0x02, 0x00, 0x00, 0xAA, 0x03, 0x00, 0xA0, 0xE1, 0x34, 0xD0, 0x8D, 0xE2, 0x30, 0x80, 0xBD, 0xE8,
    0xD8, 0x01, 0xCD, 0xE1, 0xBF, 0x00, 0x00, 0xEB, 0xD8, 0x01, 0xCD, 0xE1, 0x14, 0x30, 0x8D, 0xE2,
    0x3C, 0x21, 0x9F, 0xE5, 0x28, 0xFB, 0xFF, 0xEB, 0x01, 0x00, 0x70, 0xE3, 0x00, 0x30, 0xA0, 0xE1,
    0xF3, 0xFF, 0xFF, 0x0A, 0x14, 0x20, 0x9D, 0xE5, 0x00, 0x00, 0x52, 0xE3, 0x24, 0x11, 0x9F, 0x15,
    0x54, 0x10, 0x82, 0x15, 0x20, 0x21, 0x9F, 0xE5, 0x00, 0x20, 0x92, 0xE5, 0x00, 0x00, 0x52, 0xE3,
    0xEB, 0xFF, 0xFF, 0x0A, 0x14, 0x21, 0x9F, 0xE5, 0x00, 0x10, 0x92, 0xE5, 0x00, 0x00, 0x91, 0xE5,
    0x00, 0x00, 0x50, 0xE3, 0xE6, 0xFF, 0xFF, 0x0A, 0x08, 0x30, 0x8D, 0xE5, 0x55, 0x37, 0x00, 0xEB,
    0x08, 0x30, 0x9D, 0xE5, 0xF4, 0x20, 0x9F, 0xE5, 0x03, 0x00, 0x50, 0xE1, 0xE0, 0xFF, 0xFF, 0x1A,
    0x49, 0x04, 0x00, 0xEB, 0x00, 0x40, 0xA0, 0xE1, 0xE4, 0xC0, 0x9F, 0xE5, 0x00, 0x10, 0x92, 0xE5,
    0x0C, 0xC0, 0x9F, 0xE7, 0x01, 0x2B, 0xA0, 0xE3, 0x0C, 0x50, 0x80, 0xE0, 0x00, 0x10, 0x91, 0xE5,
    0x0C, 0x00, 0x80, 0xE0, 0x14, 0x0C, 0x00, 0xEB, 0xC8, 0x20, 0x9F, 0xE5, 0x08, 0x30, 0x9D, 0xE5,
    0x02, 0x20, 0x9F, 0xE7, 0x02, 0x20, 0x84, 0xE0, 0x00, 0x24, 0xD2, 0xE5, 0x00, 0x00, 0x52, 0xE3,
    0x08, 0x00, 0x00, 0x0A, 0x00, 0x10, 0xA0, 0xE3, 0xAC, 0x20, 0x9F, 0xE5, 0x02, 0x20, 0x9F, 0xE7,
    0x02, 0x20, 0x84, 0xE0, 0x00, 0x14, 0xC2, 0xE5, 0xC9, 0xFF, 0xFF, 0xEA, 0xCC, 0xF9, 0xFF, 0xEB,
    0x24, 0x30, 0x8D, 0xE2, 0xBE, 0xFF, 0xFF, 0xEA, 0x02, 0x40, 0xA0, 0xE1, 0x05, 0x10, 0xA0, 0xE1,
    0x10, 0x00, 0x8D, 0xE2, 0x08, 0x30, 0x8D, 0xE5, 0x0C, 0x10, 0x8D, 0xE5, 0x70, 0x03, 0x00, 0xEB,
    0x00, 0x00, 0x50, 0xE3, 0x08, 0x30, 0x9D, 0xE5, 0xBD, 0xFF, 0xFF, 0xBA, 0x10, 0x20, 0x9D, 0xE5,
    0x0C, 0x10, 0x9D, 0xE5, 0x2F, 0x00, 0x52, 0xE3, 0x01, 0x40, 0xA0, 0x01, 0x00, 0x10, 0x81, 0x00,
    0xF2, 0xFF, 0xFF, 0x0A, 0x00, 0x00, 0x52, 0xE3, 0x00, 0x10, 0x81, 0x10, 0xEF, 0xFF, 0xFF, 0x1A,
    0x00, 0x00, 0x54, 0xE3, 0xB2, 0xFF, 0xFF, 0x0A, 0x1B, 0x04, 0x00, 0xEB, 0x3C, 0x10, 0x9F, 0xE5,
    0x08, 0x30, 0x8D, 0xE5, 0x00, 0x20, 0xC4, 0xE5, 0x01, 0x10, 0x9F, 0xE7, 0x01, 0x00, 0x80, 0xE0,
    0xC1, 0x35, 0x00, 0xEB, 0x08, 0x30, 0x9D, 0xE5, 0xA9, 0xFF, 0xFF, 0xEA, 0x74, 0xD9, 0x11, 0x00,
    0x00, 0x80, 0x11, 0x00, 0x38, 0x81, 0x11, 0x00, 0x38, 0x86, 0x10, 0x00, 0x30, 0xD3, 0x11, 0x00,
    0x2C, 0xD3, 0x11, 0x00, 0x08, 0x28, 0x01, 0x00, 0xE8, 0x27, 0x01, 0x00, 0xCC, 0x27, 0x01, 0x00,
    0x50, 0x27, 0x01, 0x00, 0x70, 0x40, 0x2D, 0xE9, 0x40, 0x60, 0x9F, 0xE5, 0x00, 0x30, 0xD6, 0xE5,
    0x00, 0x00, 0x53, 0xE3, 0x0B, 0x00, 0x00, 0x0A, 0x34, 0x40, 0x9F, 0xE5, 0x17, 0x5D, 0x84, 0xE2,
    0x00, 0x30, 0xD4, 0xE5, 0x00, 0x00, 0x53, 0xE3, 0x01, 0x00, 0x00, 0x0A, 0x04, 0x00, 0xA0, 0xE1,
    0x9F, 0xFA, 0xFF, 0xEB, 0xB8, 0x40, 0x84, 0xE2, 0x05, 0x00, 0x54, 0xE1, 0xF7, 0xFF, 0xFF, 0x1A,
    0x00, 0x30, 0xA0, 0xE3, 0x00, 0x30, 0xC6, 0xE5, 0x00, 0x00, 0xA0, 0xE3, 0x70, 0x80, 0xBD, 0xE8,
    0x74, 0xD9, 0x11, 0x00, 0xB0, 0xD3, 0x11, 0x00, 0xBA, 0x0F, 0x07, 0xEE, 0xE8, 0x30, 0x9F, 0xE5,
    0x9F, 0x2F, 0x93, 0xE1, 0x01, 0x10, 0x82, 0xE2, 0x91, 0x0F, 0x83, 0xE1, 0x00, 0x00, 0x50, 0xE3,
    0xFA, 0xFF, 0xFF, 0x1A, 0x00, 0x00, 0x52, 0xE3, 0xBA, 0x0F, 0x07, 0xEE, 0x02, 0x00, 0x00, 0x0A,
    0x00, 0x20, 0xA0, 0xE3, 0x02, 0x00, 0xA0, 0xE1, 0x1E, 0xFF, 0x2F, 0xE1, 0x04, 0xE0, 0x2D, 0xE5,
    0xB8, 0x10, 0x9F, 0xE5, 0xB8, 0x00, 0x9F, 0xE5, 0x0C, 0xD0, 0x4D, 0xE2, 0x50, 0xF4, 0xFF, 0xEB,
    0x00, 0x20, 0x50, 0xE2, 0xA0, 0x30, 0x9F, 0xE5, 0x1D, 0x00, 0x00, 0xBA, 0x9C, 0x00, 0x9F, 0xE5,
    0x04, 0x20, 0x8D, 0xE5, 0x54, 0xF3, 0xFF, 0xEB, 0x00, 0x00, 0x50, 0xE3, 0x04, 0x20, 0x9D, 0xE5,
    0x02, 0x00, 0x00, 0x0A, 0x02, 0x00, 0xA0, 0xE1, 0x0C, 0xD0, 0x8D, 0xE2, 0x04, 0xF0, 0x9D, 0xE4,
    0x20, 0x20, 0xA0, 0xE3, 0x70, 0x1F, 0x1D, 0xEE, 0x78, 0x00, 0x9F, 0xE5, 0x70, 0x30, 0x9F, 0xE5,
    0x80, 0x00, 0x81, 0xE5, 0x84, 0x20, 0x81, 0xE5, 0x00, 0x00, 0x93, 0xE5, 0x04, 0x10, 0x8D, 0xE5,
    0x1B, 0xF1, 0xFF, 0xEB, 0x00, 0x20, 0x50, 0xE2, 0x03, 0x00, 0x00, 0xBA, 0x04, 0x10, 0x9D, 0xE5,
    0x84, 0x20, 0x91, 0xE5, 0x00, 0x00, 0x52, 0xE3, 0xED, 0xFF, 0xFF, 0xAA, 0x40, 0x30, 0x9F, 0xE5,
    0x04, 0x20, 0x8D, 0xE5, 0x00, 0x00, 0x93, 0xE5, 0xF9, 0xF0, 0xFF, 0xEB, 0x28, 0x30, 0x9F, 0xE5,
    0x04, 0x20, 0x9D, 0xE5, 0xBA, 0x0F, 0x07, 0xEE, 0x9F, 0x0F, 0x93, 0xE1, 0x01, 0x00, 0x40, 0xE2,
    0x90, 0x1F, 0x83, 0xE1, 0x00, 0x00, 0x51, 0xE3, 0xFA, 0xFF, 0xFF, 0x1A, 0x02, 0x00, 0xA0, 0xE1,
    0xBA, 0x0F, 0x07, 0xEE, 0x0C, 0xD0, 0x8D, 0xE2, 0x04, 0xF0, 0x9D, 0xE4, 0xF8, 0xD9, 0x11, 0x00,
    0x48, 0x81, 0x11, 0x00, 0xFC, 0xD9, 0x11, 0x00, 0x02, 0x00, 0x01, 0x08, 0xBA, 0x0F, 0x07, 0xEE,
    0x28, 0x30, 0x9F, 0xE5, 0x9F, 0x2F, 0x93, 0xE1, 0x01, 0x20, 0x42, 0xE2, 0x92, 0x1F, 0x83, 0xE1,
    0x00, 0x00, 0x51, 0xE3, 0xFA, 0xFF, 0xFF, 0x1A, 0x00, 0x00, 0x52, 0xE3, 0xBA, 0x0F, 0x07, 0xEE,
    0x1E, 0xFF, 0x2F, 0x11, 0x08, 0x30, 0x9F, 0xE5, 0x00, 0x00, 0x93, 0xE5, 0xDC, 0xF0, 0xFF, 0xEA,
    0xF8, 0xD9, 0x11, 0x00, 0xFC, 0xD9, 0x11, 0x00, 0x10, 0x40, 0x2D, 0xE9, 0x00, 0x20, 0xA0, 0xE3,
    0x00, 0x40, 0xA0, 0xE1, 0x01, 0x00, 0xA0, 0xE1, 0x00, 0x10, 0xE0, 0xE3, 0x44, 0x30, 0x9F, 0xE5,
    0x08, 0xC0, 0xB3, 0xE5, 0x04, 0xE0, 0x93, 0xE5, 0x00, 0x00, 0x5E, 0xE1, 0x04, 0x00, 0x5C, 0x01,
    0x10, 0x80, 0xBD, 0x08, 0x01, 0x00, 0x71, 0xE3, 0x01, 0x00, 0x00, 0x1A, 0x0E, 0xC0, 0x9C, 0xE1,
    0x02, 0x10, 0xA0, 0x01, 0x01, 0x20, 0x82, 0xE2, 0x10, 0x00, 0x52, 0xE3, 0xF3, 0xFF, 0xFF, 0x1A,
    0x01, 0x00, 0x71, 0xE3, 0x10, 0x30, 0x9F, 0x15, 0x81, 0x21, 0x83, 0x10, 0x81, 0x41, 0x83, 0x17,
    0x04, 0x00, 0x82, 0x15, 0x10, 0x80, 0xBD, 0xE8, 0x70, 0xD9, 0x11, 0x00, 0x78, 0xD9, 0x11, 0x00,
    0x00, 0x20, 0xA0, 0xE3, 0x04, 0xE0, 0x2D, 0xE5, 0x38, 0x30, 0x9F, 0xE5, 0x02, 0x00, 0x00, 0xEA,
    0x01, 0x20, 0x82, 0xE2, 0x10, 0x00, 0x52, 0xE3, 0x04, 0xF0, 0x9D, 0x04, 0x08, 0xE0, 0xB3, 0xE5,
    0x04, 0xC0, 0x93, 0xE5, 0x01, 0x00, 0x5C, 0xE1, 0x00, 0x00, 0x5E, 0x01, 0xF7, 0xFF, 0xFF, 0x1A,
    0x00, 0x00, 0xA0, 0xE3, 0x00, 0x10, 0xA0, 0xE3, 0x0C, 0x30, 0x9F, 0xE5, 0x82, 0x21, 0xA0, 0xE1,
    0xF2, 0x00, 0x83, 0xE1, 0x04, 0xF0, 0x9D, 0xE4, 0x70, 0xD9, 0x11, 0x00, 0x78, 0xD9, 0x11, 0x00,
    0xF0, 0x41, 0x2D, 0xE9, 0x70, 0x4F, 0x1D, 0xEE, 0x00, 0xE0, 0xA0, 0xE3, 0x1C, 0xC0, 0x9D, 0xE5,
    0x00, 0x50, 0xA0, 0xE1, 0x94, 0xC0, 0x84, 0xE5, 0x0C, 0x07, 0xA0, 0xE1, 0x24, 0xC0, 0x9D, 0xE5,
    0x02, 0x00, 0x80, 0xE3, 0x90, 0x70, 0x9F, 0xE5, 0x18, 0x60, 0xDD, 0xE5, 0x8C, 0x10, 0x9F, 0xE5,
    0x98, 0xC0, 0x84, 0xE5, 0xA0, 0x00, 0x84, 0xE5, 0x28, 0xC0, 0x9D, 0xE5, 0x20, 0x00, 0x9D, 0xE5,
    0xF8, 0x28, 0xC4, 0xE1, 0x84, 0xE0, 0x84, 0xE5, 0x80, 0x70, 0x84, 0xE5, 0x90, 0x60, 0x84, 0xE5,
    0x9C, 0xC0, 0x84, 0xE5, 0xA4, 0x00, 0x84, 0xE5, 0x80, 0xE0, 0x81, 0xE2, 0x08, 0xC0, 0xB1, 0xE5,
    0x04, 0x00, 0x91, 0xE5, 0x00, 0x00, 0x53, 0xE1, 0x0C, 0x00, 0x52, 0x01, 0x06, 0x00, 0x00, 0x0A,
    0x0E, 0x00, 0x51, 0xE1, 0xF8, 0xFF, 0xFF, 0x1A, 0x44, 0x20, 0x9F, 0xE5, 0x70, 0x3F, 0x1D, 0xEE,
    0x10, 0x10, 0x93, 0xE5, 0x02, 0x00, 0x51, 0xE1, 0x09, 0x00, 0x00, 0x0A, 0x34, 0x30, 0x9F, 0xE5,
    0x00, 0x00, 0x93, 0xE5, 0x9E, 0xF0, 0xFF, 0xEB, 0x00, 0x00, 0x50, 0xE3, 0xF0, 0x81, 0xBD, 0xB8,
    0x00, 0x00, 0x55, 0xE3, 0x8C, 0x30, 0x94, 0x15, 0x00, 0x30, 0x85, 0x15, 0x84, 0x00, 0x94, 0xE5,
    0xF0, 0x81, 0xBD, 0xE8, 0x14, 0x00, 0x93, 0xE5, 0xF5, 0xFF, 0xFF, 0xEA, 0xC2, 0x01, 0x02, 0x08,
    0x70, 0xD9, 0x11, 0x00, 0x24, 0x53, 0x46, 0x21, 0xFC, 0xD9, 0x11, 0x00, 0x03, 0xC0, 0xA0, 0xE1,
    0x08, 0xD0, 0x4D, 0xE2, 0x70, 0x40, 0x2D, 0xE9, 0x70, 0x4F, 0x1D, 0xEE, 0x00, 0xE0, 0xA0, 0xE3,
    0xF0, 0x21, 0xCD, 0xE1, 0x0C, 0x27, 0xA0, 0xE1, 0x02, 0x20, 0x82, 0xE3, 0x80, 0x60, 0x9F, 0xE5,
    0x10, 0x50, 0xDD, 0xE5, 0x7C, 0x30, 0x9F, 0xE5, 0x98, 0x20, 0x84, 0xE5, 0xF8, 0x08, 0xC4, 0xE1,
    0x18, 0x20, 0x9D, 0xE5, 0x84, 0xE0, 0x84, 0xE5, 0x80, 0x60, 0x84, 0xE5, 0x90, 0x50, 0x84, 0xE5,
    0x94, 0xC0, 0x84, 0xE5, 0x9C, 0x20, 0x84, 0xE5, 0x80, 0xE0, 0x83, 0xE2, 0x08, 0xC0, 0xB3, 0xE5,
    0x04, 0x20, 0x93, 0xE5, 0x02, 0x00, 0x51, 0xE1, 0x0C, 0x00, 0x50, 0x01, 0x06, 0x00, 0x00, 0x0A,
    0x0E, 0x00, 0x53, 0xE1, 0xF8, 0xFF, 0xFF, 0x1A, 0x3C, 0x20, 0x9F, 0xE5, 0x70, 0x3F, 0x1D, 0xEE,
    0x10, 0x10, 0x93, 0xE5, 0x02, 0x00, 0x51, 0xE1, 0x07, 0x00, 0x00, 0x0A, 0x2C, 0x30, 0x9F, 0xE5,
    0x00, 0x00, 0x93, 0xE5, 0x6E, 0xF0, 0xFF, 0xEB, 0x00, 0x00, 0x50, 0xE3, 0x84, 0x00, 0x94, 0xA5,
    0x70, 0x40, 0xBD, 0xE8, 0x08, 0xD0, 0x8D, 0xE2, 0x1E, 0xFF, 0x2F, 0xE1, 0x14, 0x00, 0x93, 0xE5,
    0xF7, 0xFF, 0xFF, 0xEA, 0x42, 0x01, 0x04, 0x08, 0x70, 0xD9, 0x11, 0x00, 0x24, 0x53, 0x46, 0x21,
    0xFC, 0xD9, 0x11, 0x00, 0x08, 0xD0, 0x4D, 0xE2, 0xF0, 0x41, 0x2D, 0xE9, 0x70, 0x4F, 0x1D, 0xEE,
    0x00, 0x50, 0xA0, 0xE3, 0xF8, 0x21, 0xCD, 0xE1, 0x18, 0x70, 0xDD, 0xE5, 0x34, 0xE0, 0x9D, 0xE5,
    0x90, 0x70, 0x84, 0xE5, 0x1C, 0x70, 0x9D, 0xE5, 0xB0, 0xC0, 0x9F, 0xE5, 0xB0, 0x20, 0x9F, 0xE5,
    0x94, 0x70, 0x84, 0xE5, 0x28, 0x70, 0x9D, 0xE5, 0x03, 0xC7, 0x8C, 0xE1, 0x0E, 0x27, 0x82, 0xE1,
    0xA0, 0x80, 0x9F, 0xE5, 0x30, 0x60, 0xDD, 0xE5, 0x9C, 0x30, 0x9F, 0xE5, 0x98, 0x70, 0x84, 0xE5,
    0xA8, 0xC0, 0x84, 0xE5, 0x2C, 0x70, 0x9D, 0xE5, 0x20, 0xC0, 0x9D, 0xE5, 0xB0, 0x20, 0x84, 0xE5,
    0xF8, 0x08, 0xC4, 0xE1, 0x38, 0x20, 0x9D, 0xE5, 0xA4, 0xE0, 0x84, 0xE5, 0x80, 0x80, 0x84, 0xE5,
    0x9C, 0x70, 0x84, 0xE5, 0xA0, 0x60, 0x84, 0xE5, 0xAC, 0xC0, 0x84, 0xE5, 0xB4, 0x20, 0x84, 0xE5,
    0x84, 0x50, 0x84, 0xE5, 0x80, 0xE0, 0x83, 0xE2, 0x08, 0xC0, 0xB3, 0xE5, 0x04, 0x20, 0x93, 0xE5,
    0x02, 0x00, 0x51, 0xE1, 0x0C, 0x00, 0x50, 0x01, 0x06, 0x00, 0x00, 0x0A, 0x0E, 0x00, 0x53, 0xE1,
    0xF8, 0xFF, 0xFF, 0x1A, 0x44, 0x20, 0x9F, 0xE5, 0x70, 0x3F, 0x1D, 0xEE, 0x10, 0x10, 0x93, 0xE5,
    0x02, 0x00, 0x51, 0xE1, 0x07, 0x00, 0x00, 0x0A, 0x34, 0x30, 0x9F, 0xE5, 0x00, 0x00, 0x93, 0xE5,
    0x33, 0xF0, 0xFF, 0xEB, 0x00, 0x00, 0x50, 0xE3, 0x84, 0x00, 0x94, 0xA5, 0xF0, 0x41, 0xBD, 0xE8,
    0x08, 0xD0, 0x8D, 0xE2, 0x1E, 0xFF, 0x2F, 0xE1, 0x14, 0x00, 0x93, 0xE5, 0xF7, 0xFF, 0xFF, 0xEA,
    0x02, 0x04, 0x00, 0x00, 0x02, 0x08, 0x00, 0x00, 0x44, 0x02, 0x05, 0x08, 0x70, 0xD9, 0x11, 0x00,
    0x24, 0x53, 0x46, 0x21, 0xFC, 0xD9, 0x11, 0x00, 0x03, 0xC0, 0xA0, 0xE1, 0x08, 0xD0, 0x4D, 0xE2,
    0x70, 0x40, 0x2D, 0xE9, 0x70, 0x4F, 0x1D, 0xEE, 0x00, 0xE0, 0xA0, 0xE3, 0xF0, 0x21, 0xCD, 0xE1,
    0x0C, 0x27, 0xA0, 0xE1, 0x02, 0x20, 0x82, 0xE3, 0x80, 0x60, 0x9F, 0xE5, 0x10, 0x50, 0xDD, 0xE5,
    0x7C, 0x30, 0x9F, 0xE5, 0x98, 0x20, 0x84, 0xE5, 0xF8, 0x08, 0xC4, 0xE1, 0x18, 0x20, 0x9D, 0xE5,
    0x84, 0xE0, 0x84, 0xE5, 0x80, 0x60, 0x84, 0xE5, 0x90, 0x50, 0x84, 0xE5, 0x94, 0xC0, 0x84, 0xE5,
    0x9C, 0x20, 0x84, 0xE5, 0x80, 0xE0, 0x83, 0xE2, 0x08, 0xC0, 0xB3, 0xE5, 0x04, 0x20, 0x93, 0xE5,
    0x02, 0x00, 0x51, 0xE1, 0x0C, 0x00, 0x50, 0x01, 0x06, 0x00, 0x00, 0x0A, 0x0E, 0x00, 0x53, 0xE1,
    0xF8, 0xFF, 0xFF, 0x1A, 0x3C, 0x20, 0x9F, 0xE5, 0x70, 0x3F, 0x1D, 0xEE, 0x10, 0x10, 0x93, 0xE5,
    0x02, 0x00, 0x51, 0xE1, 0x07, 0x00, 0x00, 0x0A, 0x2C, 0x30, 0x9F, 0xE5, 0x00, 0x00, 0x93, 0xE5,
    0x03, 0xF0, 0xFF, 0xEB, 0x00, 0x00, 0x50, 0xE3, 0x84, 0x00, 0x94, 0xA5, 0x70, 0x40, 0xBD, 0xE8,
    0x08, 0xD0, 0x8D, 0xE2, 0x1E, 0xFF, 0x2F, 0xE1, 0x14, 0x00, 0x93, 0xE5, 0xF7, 0xFF, 0xFF, 0xEA,
    0x42, 0x01, 0x06, 0x08, 0x70, 0xD9, 0x11, 0x00, 0x24, 0x53, 0x46, 0x21, 0xFC, 0xD9, 0x11, 0x00,
    0x03, 0xC0, 0xA0, 0xE1, 0x08, 0xD0, 0x4D, 0xE2, 0x70, 0x40, 0x2D, 0xE9, 0x70, 0x4F, 0x1D, 0xEE,
    0x00, 0xE0, 0xA0, 0xE3, 0xF0, 0x21, 0xCD, 0xE1, 0x94, 0xC0, 0x84, 0xE5, 0x0C, 0x27, 0xA0, 0xE1,
    0x1C, 0xC0, 0x9D, 0xE5, 0x02, 0x20, 0x82, 0xE3, 0x98, 0xC0, 0x84, 0xE5, 0x20, 0xC0, 0x9D, 0xE5,
    0x88, 0x60, 0x9F, 0xE5, 0x10, 0x50, 0xDD, 0xE5, 0x84, 0x30, 0x9F, 0xE5, 0x9C, 0xC0, 0x84, 0xE5,
    0xA4, 0x20, 0x84, 0xE5, 0x24, 0xC0, 0x9D, 0xE5, 0x18, 0x20, 0x9D, 0xE5, 0xF8, 0x08, 0xC4, 0xE1,
    0x84, 0xE0, 0x84, 0xE5, 0x80, 0x60, 0x84, 0xE5, 0x90, 0x50, 0x84, 0xE5, 0xA0, 0xC0, 0x84, 0xE5,
    0xA8, 0x20, 0x84, 0xE5, 0x80, 0xE0, 0x83, 0xE2, 0x08, 0xC0, 0xB3, 0xE5, 0x04, 0x20, 0x93, 0xE5,
    0x02, 0x00, 0x51, 0xE1, 0x0C, 0x00, 0x50, 0x01, 0x06, 0x00, 0x00, 0x0A, 0x0E, 0x00, 0x53, 0xE1,
    0xF8, 0xFF, 0xFF, 0x1A, 0x3C, 0x20, 0x9F, 0xE5, 0x70, 0x3F, 0x1D, 0xEE, 0x10, 0x10, 0x93, 0xE5,
    0x02, 0x00, 0x51, 0xE1, 0x07, 0x00, 0x00, 0x0A, 0x2C, 0x30, 0x9F, 0xE5, 0x00, 0x00, 0x93, 0xE5,
    0xCF, 0xEF, 0xFF, 0xEB, 0x00, 0x00, 0x50, 0xE3, 0x84, 0x00, 0x94, 0xA5, 0x70, 0x40, 0xBD, 0xE8,
    0x08, 0xD0, 0x8D, 0xE2, 0x1E, 0xFF, 0x2F, 0xE1, 0x14, 0x00, 0x93, 0xE5, 0xF7, 0xFF, 0xFF, 0xEA,
    0x02, 0x02, 0x08, 0x08, 0x70, 0xD9, 0x11, 0x00, 0x24, 0x53, 0x46, 0x21, 0xFC, 0xD9, 0x11, 0x00,
    0x08, 0xD0, 0x4D, 0xE2, 0x10, 0x40, 0x2D, 0xE9, 0x70, 0x4F, 0x1D, 0xEE, 0xF8, 0x20, 0xCD, 0xE1,
    0x14, 0x30, 0x9D, 0xE5, 0x0C, 0x20, 0x9D, 0xE5, 0x98, 0x30, 0x84, 0xE5, 0x94, 0x20, 0x84, 0xE5,
    0x02, 0x37, 0xA0, 0xE1, 0x10, 0x20, 0x9D, 0xE5, 0x80, 0xC0, 0x9F, 0xE5, 0xA0, 0x20, 0x84, 0xE5,
    0x00, 0x20, 0xA0, 0xE3, 0x02, 0x30, 0x83, 0xE3, 0x9C, 0x30, 0x84, 0xE5, 0x80, 0xC0, 0x84, 0xE5,
    0x6C, 0x30, 0x9F, 0xE5, 0x08, 0xC0, 0xDD, 0xE5, 0xF8, 0x08, 0xC4, 0xE1, 0x90, 0xC0, 0x84, 0xE5,
    0x80, 0xE0, 0x83, 0xE2, 0x84, 0x20, 0x84, 0xE5, 0x08, 0xC0, 0xB3, 0xE5, 0x04, 0x20, 0x93, 0xE5,
    0x02, 0x00, 0x51, 0xE1, 0x0C, 0x00, 0x50, 0x01, 0x06, 0x00, 0x00, 0x0A, 0x0E, 0x00, 0x53, 0xE1,
    0xF8, 0xFF, 0xFF, 0x1A, 0x3C, 0x20, 0x9F, 0xE5, 0x70, 0x3F, 0x1D, 0xEE, 0x10, 0x10, 0x93, 0xE5,
    0x02, 0x00, 0x51, 0xE1, 0x07, 0x00, 0x00, 0x0A, 0x2C, 0x30, 0x9F, 0xE5, 0x00, 0x00, 0x93, 0xE5,
    0x9F, 0xEF, 0xFF, 0xEB, 0x00, 0x00, 0x50, 0xE3, 0x84, 0x00, 0x94, 0xA5, 0x10, 0x40, 0xBD, 0xE8,
    0x08, 0xD0, 0x8D, 0xE2, 0x1E, 0xFF, 0x2F, 0xE1, 0x14, 0x00, 0x93, 0xE5, 0xF7, 0xFF, 0xFF, 0xEA,
    0x82, 0x01, 0x09, 0x08, 0x70, 0xD9, 0x11, 0x00, 0x24, 0x53, 0x46, 0x21, 0xFC, 0xD9, 0x11, 0x00,
    0x08, 0xD0, 0x4D, 0xE2, 0xF0, 0x41, 0x2D, 0xE9, 0x70, 0x4F, 0x1D, 0xEE, 0x00, 0x50, 0xA0, 0xE3,
    0xF8, 0x21, 0xCD, 0xE1, 0x18, 0x70, 0xDD, 0xE5, 0x34, 0xE0, 0x9D, 0xE5, 0x90, 0x70, 0x84, 0xE5,
    0x1C, 0x70, 0x9D, 0xE5, 0xB0, 0xC0, 0x9F, 0xE5, 0xB0, 0x20, 0x9F, 0xE5, 0x94, 0x70, 0x84, 0xE5,
    0x28, 0x70, 0x9D, 0xE5, 0x03, 0xC7, 0x8C, 0xE1, 0x0E, 0x27, 0x82, 0xE1, 0xA0, 0x80, 0x9F, 0xE5,
    0x30, 0x60, 0xDD, 0xE5, 0x9C, 0x30, 0x9F, 0xE5, 0x98, 0x70, 0x84, 0xE5, 0xA8, 0xC0, 0x84, 0xE5,
    0x2C, 0x70, 0x9D, 0xE5, 0x20, 0xC0, 0x9D, 0xE5, 0xB0, 0x20, 0x84, 0xE5, 0xF8, 0x08, 0xC4, 0xE1,
    0x38, 0x20, 0x9D, 0xE5, 0xA4, 0xE0, 0x84, 0xE5, 0x80, 0x80, 0x84, 0xE5, 0x9C, 0x70, 0x84, 0xE5,
    0xA0, 0x60, 0x84, 0xE5, 0xAC, 0xC0, 0x84, 0xE5, 0xB4, 0x20, 0x84, 0xE5, 0x84, 0x50, 0x84, 0xE5,
    0x80, 0xE0, 0x83, 0xE2, 0x08, 0xC0, 0xB3, 0xE5, 0x04, 0x20, 0x93, 0xE5, 0x02, 0x00, 0x51, 0xE1,
    0x0C, 0x00, 0x50, 0x01, 0x06, 0x00, 0x00, 0x0A, 0x0E, 0x00, 0x53, 0xE1, 0xF8, 0xFF, 0xFF, 0x1A,
    0x44, 0x20, 0x9F, 0xE5, 0x70, 0x3F, 0x1D, 0xEE, 0x10, 0x10, 0x93, 0xE5, 0x02, 0x00, 0x51, 0xE1,
    0x07, 0x00, 0x00, 0x0A, 0x34, 0x30, 0x9F, 0xE5, 0x00, 0x00, 0x93, 0xE5, 0x64, 0xEF, 0xFF, 0xEB,
    0x00, 0x00, 0x50, 0xE3, 0x84, 0x00, 0x94, 0xA5, 0xF0, 0x41, 0xBD, 0xE8, 0x08, 0xD0, 0x8D, 0xE2,
    0x1E, 0xFF, 0x2F, 0xE1, 0x14, 0x00, 0x93, 0xE5, 0xF7, 0xFF, 0xFF, 0xEA, 0x02, 0x04, 0x00, 0x00,
    0x02, 0x08, 0x00, 0x00, 0x44, 0x02, 0x0A, 0x08, 0x70, 0xD9, 0x11, 0x00, 0x24, 0x53, 0x46, 0x21,
    0xFC, 0xD9, 0x11, 0x00, 0x70, 0x40, 0x2D, 0xE9, 0x70, 0x4F, 0x1D, 0xEE, 0x14, 0x10, 0x9D, 0xE5,
    0x00, 0x50, 0xA0, 0xE1, 0x90, 0x10, 0x84, 0xE5, 0x01, 0x17, 0xA0, 0xE1, 0x02, 0x10, 0x81, 0xE3,
    0x80, 0x00, 0x9F, 0xE5, 0x94, 0x10, 0x84, 0xE5, 0x18, 0x10, 0x9D, 0xE5, 0x80, 0x00, 0x84, 0xE5,
    0x98, 0x10, 0x84, 0xE5, 0x10, 0x00, 0xDD, 0xE5, 0x6C, 0x10, 0x9F, 0xE5, 0xF4, 0x28, 0xC4, 0xE1,
    0x8C, 0x00, 0x84, 0xE5, 0x80, 0xE0, 0x81, 0xE2, 0x08, 0xC0, 0xB1, 0xE5, 0x04, 0x00, 0x91, 0xE5,
    0x00, 0x00, 0x53, 0xE1, 0x0C, 0x00, 0x52, 0x01, 0x06, 0x00, 0x00, 0x0A, 0x0E, 0x00, 0x51, 0xE1,
    0xF8, 0xFF, 0xFF, 0x1A, 0x44, 0x20, 0x9F, 0xE5, 0x70, 0x3F, 0x1D, 0xEE, 0x10, 0x10, 0x93, 0xE5,
    0x02, 0x00, 0x51, 0xE1, 0x09, 0x00, 0x00, 0x0A, 0x34, 0x30, 0x9F, 0xE5, 0x00, 0x00, 0x93, 0xE5,
    0x37, 0xEF, 0xFF, 0xEB, 0x00, 0x00, 0x50, 0xE3, 0x70, 0x80, 0xBD, 0xB8, 0x00, 0x00, 0x55, 0xE3,
    0x8C, 0x30, 0x94, 0x15, 0x00, 0x30, 0x85, 0x15, 0x84, 0x00, 0x94, 0xE5, 0x70, 0x80, 0xBD, 0xE8,
    0x14, 0x00, 0x93, 0xE5, 0xF5, 0xFF, 0xFF, 0xEA, 0x02, 0x01, 0x0B, 0x08, 0x70, 0xD9, 0x11, 0x00,
    0x24, 0x53, 0x46, 0x21, 0xFC, 0xD9, 0x11, 0x00, 0x08, 0xD0, 0x4D, 0xE2, 0x70, 0x40, 0x2D, 0xE9,
    0x00, 0x50, 0x50, 0xE2, 0xF0, 0x21, 0xCD, 0xE1, 0x19, 0x00, 0x00, 0x0A, 0x70, 0x4F, 0x1D, 0xEE,
    0x03, 0x20, 0xA0, 0xE1, 0x10, 0x30, 0xDD, 0xE5, 0x5C, 0x00, 0x9F, 0xE5, 0x88, 0x30, 0x84, 0xE5,
    0x18, 0x30, 0x9D, 0xE5, 0x84, 0x10, 0x84, 0xE5, 0x80, 0x00, 0x84, 0xE5, 0x4C, 0x10, 0x9F, 0xE5,
    0x10, 0x00, 0x94, 0xE5, 0x94, 0x30, 0x84, 0xE5, 0x02, 0x37, 0xA0, 0xE1, 0x01, 0x00, 0x50, 0xE1,
    0x02, 0x30, 0x83, 0xE3, 0xFC, 0x28, 0xC4, 0xE1, 0x34, 0x30, 0x9F, 0x15, 0x14, 0x00, 0x94, 0x05,
    0x00, 0x00, 0x93, 0x15, 0x12, 0xEF, 0xFF, 0xEB, 0x00, 0x00, 0x50, 0xE3, 0xD8, 0x28, 0xC4, 0xA1,
    0x84, 0x00, 0x94, 0xA5, 0xF0, 0x20, 0xC5, 0xA1, 0x70, 0x40, 0xBD, 0xE8, 0x08, 0xD0, 0x8D, 0xE2,
    0x1E, 0xFF, 0x2F, 0xE1, 0x01, 0x00, 0xE0, 0xE3, 0xFA, 0xFF, 0xFF, 0xEA, 0xC2, 0x00, 0x0C, 0x08,
    0x24, 0x53, 0x46, 0x21, 0xFC, 0xD9, 0x11, 0x00, 0x01, 0x30, 0x90, 0xE1, 0x1A, 0x00, 0x00, 0x0A,
    0x10, 0x40, 0x2D, 0xE9, 0x70, 0x4F, 0x1D, 0xEE, 0x64, 0x20, 0x9F, 0xE5, 0x64, 0x30, 0x9F, 0xE5,
    0xF4, 0x08, 0xC4, 0xE1, 0x80, 0x20, 0x84, 0xE5, 0x80, 0xE0, 0x83, 0xE2, 0x08, 0xC0, 0xB3, 0xE5,
    0x04, 0x20, 0x93, 0xE5, 0x02, 0x00, 0x51, 0xE1, 0x0C, 0x00, 0x50, 0x01, 0x06, 0x00, 0x00, 0x0A,
    0x0E, 0x00, 0x53, 0xE1, 0xF8, 0xFF, 0xFF, 0x1A, 0x3C, 0x20, 0x9F, 0xE5, 0x70, 0x3F, 0x1D, 0xEE,
    0x10, 0x10, 0x93, 0xE5, 0x02, 0x00, 0x51, 0xE1, 0x05, 0x00, 0x00, 0x0A, 0x2C, 0x30, 0x9F, 0xE5,
    0x00, 0x00, 0x93, 0xE5, 0xEE, 0xEE, 0xFF, 0xEB, 0x00, 0x00, 0x50, 0xE3, 0x84, 0x00, 0x94, 0xA5,
    0x10, 0x80, 0xBD, 0xE8, 0x14, 0x00, 0x93, 0xE5, 0xF9, 0xFF, 0xFF, 0xEA, 0x01, 0x00, 0xE0, 0xE3,
    0x1E, 0xFF, 0x2F, 0xE1, 0x80, 0x00, 0x0E, 0x08, 0x70, 0xD9, 0x11, 0x00, 0x24, 0x53, 0x46, 0x21,
    0xFC, 0xD9, 0x11, 0x00, 0x70, 0x40, 0x2D, 0xE9, 0x70, 0x4F, 0x1D, 0xEE, 0x58, 0x20, 0x9F, 0xE5,
    0x10, 0x10, 0x94, 0xE5, 0x54, 0x30, 0x9F, 0xE5, 0x02, 0x00, 0x51, 0xE1, 0x80, 0x30, 0x84, 0xE5,
    0x4C, 0x30, 0x9F, 0x15, 0x00, 0x50, 0xA0, 0xE1, 0x14, 0x00, 0x94, 0x05, 0x00, 0x00, 0x93, 0x15,
    0xD7, 0xEE, 0xFF, 0xEB, 0x00, 0x00, 0x50, 0xE3, 0x70, 0x80, 0xBD, 0xB8, 0x00, 0x00, 0x55, 0xE3,
    0x07, 0x00, 0x00, 0x0A, 0x88, 0x00, 0x94, 0xE5, 0x8C, 0x10, 0x94, 0xE5, 0x90, 0x20, 0x94, 0xE5,
    0x94, 0x30, 0x94, 0xE5, 0x00, 0x00, 0x85, 0xE5, 0x04, 0x10, 0x85, 0xE5, 0x08, 0x20, 0x85, 0xE5,
    0x0C, 0x30, 0x85, 0xE5, 0x84, 0x00, 0x94, 0xE5, 0x70, 0x80, 0xBD, 0xE8, 0x24, 0x53, 0x46, 0x21,
    0x00, 0x00, 0x14, 0x08, 0xFC, 0xD9, 0x11, 0x00, 0x70, 0x40, 0x2D, 0xE9, 0x70, 0x4F, 0x1D, 0xEE,
    0x48, 0x20, 0x9F, 0xE5, 0x10, 0x10, 0x94, 0xE5, 0x44, 0x30, 0x9F, 0xE5, 0x02, 0x00, 0x51, 0xE1,
    0x80, 0x30, 0x84, 0xE5, 0x3C, 0x30, 0x9F, 0x15, 0x00, 0x50, 0xA0, 0xE1, 0x14, 0x00, 0x94, 0x05,
    0x00, 0x00, 0x93, 0x15, 0xBA, 0xEE, 0xFF, 0xEB, 0x00, 0x00, 0x50, 0xE3, 0x70, 0x80, 0xBD, 0xB8,
    0x00, 0x00, 0x55, 0xE3, 0x03, 0x00, 0x00, 0x0A, 0x88, 0x30, 0xD4, 0xE5, 0x00, 0x30, 0x53, 0xE2,
    0x01, 0x30, 0xA0, 0x13, 0x00, 0x30, 0xC5, 0xE5, 0x84, 0x00, 0x94, 0xE5, 0x70, 0x80, 0xBD, 0xE8,
    0x24, 0x53, 0x46, 0x21, 0x00, 0x00, 0x18, 0x08, 0xFC, 0xD9, 0x11, 0x00, 0x30, 0x40, 0x2D, 0xE9,
    0x70, 0x4F, 0x1D, 0xEE, 0x0C, 0xD0, 0x4D, 0xE2, 0x1C, 0xE0, 0x9D, 0xE5, 0x04, 0x10, 0x8D, 0xE5,
    0x0E, 0xC2, 0xA0, 0xE1, 0x18, 0x10, 0x9D, 0xE5, 0x3C, 0x50, 0x9F, 0xE5, 0x0C, 0xC0, 0x8C, 0xE3,
    0xF4, 0x28, 0xC4, 0xE1, 0x80, 0x50, 0x84, 0xE5, 0x8C, 0xE0, 0x84, 0xE5, 0x90, 0xC0, 0x84, 0xE5,
    0x94, 0x10, 0x84, 0xE5, 0x9E, 0xEE, 0xFF, 0xEB, 0x00, 0x00, 0x50, 0xE3, 0x04, 0x00, 0x00, 0xBA,
    0x04, 0x10, 0x9D, 0xE5, 0x00, 0x00, 0x51, 0xE3, 0x88, 0x30, 0x94, 0x15, 0x00, 0x30, 0x81, 0x15,
    0x84, 0x00, 0x94, 0xE5, 0x0C, 0xD0, 0x8D, 0xE2, 0x30, 0x80, 0xBD, 0xE8, 0xC2, 0x00, 0x02, 0x08,
    0x30, 0x40, 0x2D, 0xE9, 0x70, 0x4F, 0x1D, 0xEE, 0x0C, 0xD0, 0x4D, 0xE2, 0x1C, 0xE0, 0x9D, 0xE5,
    0x04, 0x10, 0x8D, 0xE5, 0x20, 0x10, 0x9D, 0xE5, 0x0E, 0xC2, 0xA0, 0xE1, 0x90, 0x10, 0x84, 0xE5,
    0x40, 0x50, 0x9F, 0xE5, 0x18, 0x10, 0x9D, 0xE5, 0x0A, 0xC0, 0x8C, 0xE3, 0xF4, 0x28, 0xC4, 0xE1,
    0x80, 0x50, 0x84, 0xE5, 0x8C, 0xE0, 0x84, 0xE5, 0x94, 0xC0, 0x84, 0xE5, 0x98, 0x10, 0x84, 0xE5,
    0x83, 0xEE, 0xFF, 0xEB, 0x00, 0x00, 0x50, 0xE3, 0x04, 0x00, 0x00, 0xBA, 0x04, 0x10, 0x9D, 0xE5,
    0x00, 0x00, 0x51, 0xE3, 0x88, 0x30, 0x94, 0x15, 0x00, 0x30, 0x81, 0x15, 0x84, 0x00, 0x94, 0xE5,
    0x0C, 0xD0, 0x8D, 0xE2, 0x30, 0x80, 0xBD, 0xE8, 0x02, 0x01, 0x03, 0x08, 0x10, 0x40, 0x2D, 0xE9,
    0x70, 0x4F, 0x1D, 0xEE, 0x30, 0x30, 0x9F, 0xE5, 0x08, 0xD0, 0x4D, 0xE2, 0x80, 0x30, 0x84, 0xE5,
    0x04, 0x10, 0x8D, 0xE5, 0x72, 0xEE, 0xFF, 0xEB, 0x00, 0x00, 0x50, 0xE3, 0x04, 0x00, 0x00, 0xBA,
    0x04, 0x10, 0x9D, 0xE5, 0x84, 0x00, 0x94, 0xE5, 0x00, 0x00, 0x51, 0xE3, 0xD8, 0x28, 0xC4, 0x11,
    0xF0, 0x20, 0xC1, 0x11, 0x08, 0xD0, 0x8D, 0xE2, 0x10, 0x80, 0xBD, 0xE8, 0x00, 0x00, 0x04, 0x08,
    0x1C, 0x10, 0x9F, 0xE5, 0x10, 0x40, 0x2D, 0xE9, 0x70, 0x4F, 0x1D, 0xEE, 0xF4, 0x28, 0xC4, 0xE1,
    0x80, 0x10, 0x84, 0xE5, 0x62, 0xEE, 0xFF, 0xEB, 0x00, 0x00, 0x50, 0xE3, 0x84, 0x00, 0x94, 0xA5,
    0x10, 0x80, 0xBD, 0xE8, 0x80, 0x00, 0x05, 0x08, 0x30, 0x30, 0x9F, 0xE5, 0x70, 0x40, 0x2D, 0xE9,
    0x70, 0x4F, 0x1D, 0xEE, 0x80, 0x30, 0x84, 0xE5, 0x00, 0x50, 0xA0, 0xE1, 0x58, 0xEE, 0xFF, 0xEB,
    0x00, 0x00, 0x50, 0xE3, 0x70, 0x80, 0xBD, 0xB8, 0x84, 0x00, 0x94, 0xE5, 0x00, 0x00, 0x50, 0xE3,
    0x70, 0x80, 0xBD, 0xB8, 0x05, 0x00, 0xA0, 0xE1, 0x70, 0x40, 0xBD, 0xE8, 0x38, 0xEE, 0xFF, 0xEA,
    0x00, 0x00, 0x08, 0x08, 0x18, 0x30, 0x9F, 0xE5, 0x10, 0x40, 0x2D, 0xE9, 0x70, 0x4F, 0x1D, 0xEE,
    0x80, 0x30, 0x84, 0xE5, 0x4A, 0xEE, 0xFF, 0xEB, 0x00, 0x00, 0x50, 0xE3, 0x84, 0x00, 0x94, 0xA5,
    0x10, 0x80, 0xBD, 0xE8, 0x00, 0x00, 0x09, 0x08, 0x10, 0x40, 0x2D, 0xE9, 0x70, 0x4F, 0x1D, 0xEE,
    0x08, 0xD0, 0x4D, 0xE2, 0x8C, 0x30, 0x84, 0xE5, 0x02, 0x32, 0x82, 0xE0, 0x84, 0x20, 0x84, 0xE5,
    0x03, 0x21, 0x82, 0xE0, 0x82, 0x23, 0xA0, 0xE1, 0x34, 0x30, 0x9F, 0xE5, 0x0C, 0x20, 0x82, 0xE3,
    0x88, 0x20, 0x84, 0xE5, 0x80, 0x30, 0x84, 0xE5, 0x04, 0x10, 0x8D, 0xE5, 0x38, 0xEE, 0xFF, 0xEB,
    0x00, 0x00, 0x50, 0xE3, 0x04, 0x00, 0x00, 0xBA, 0x04, 0x10, 0x9D, 0xE5, 0x00, 0x00, 0x51, 0xE3,
    0x88, 0x30, 0x94, 0x15, 0x00, 0x30, 0x81, 0x15, 0x84, 0x00, 0x94, 0xE5, 0x08, 0xD0, 0x8D, 0xE2,
    0x10, 0x80, 0xBD, 0xE8, 0x42, 0x00, 0x01, 0x08, 0x30, 0x30, 0x9F, 0xE5, 0x70, 0x40, 0x2D, 0xE9,
    0x70, 0x4F, 0x1D, 0xEE, 0x80, 0x30, 0x84, 0xE5, 0x00, 0x50, 0xA0, 0xE1, 0x28, 0xEE, 0xFF, 0xEB,
    0x00, 0x00, 0x50, 0xE3, 0x70, 0x80, 0xBD, 0xB8, 0x84, 0x00, 0x94, 0xE5, 0x00, 0x00, 0x50, 0xE3,
    0x70, 0x80, 0xBD, 0xB8, 0x05, 0x00, 0xA0, 0xE1, 0x70, 0x40, 0xBD, 0xE8, 0x08, 0xEE, 0xFF, 0xEA,
    0x00, 0x00, 0x02, 0x08, 0x08, 0x30, 0x90, 0xE5, 0x00, 0x10, 0xA0, 0xE1, 0x00, 0x00, 0x53, 0xE3,
    0x04, 0x00, 0x00, 0x0A, 0x03, 0x00, 0xA0, 0xE1, 0x04, 0x30, 0x93, 0xE5, 0x00, 0x00, 0x53, 0xE3,
    0xFB, 0xFF, 0xFF, 0x1A, 0x1E, 0xFF, 0x2F, 0xE1, 0x00, 0x20, 0x90, 0xE5, 0x01, 0x00, 0x52, 0xE3,
    0x09, 0x00, 0x00, 0x9A, 0x01, 0x00, 0xC2, 0xE3, 0x00, 0x00, 0x00, 0xEA, 0x01, 0x00, 0xC3, 0xE3,
    0x08, 0x30, 0x90, 0xE5, 0x01, 0x00, 0x53, 0xE1, 0x1E, 0xFF, 0x2F, 0x11, 0x00, 0x30, 0x90, 0xE5,
    0x00, 0x10, 0xA0, 0xE1, 0x01, 0x00, 0x53, 0xE3, 0xF7, 0xFF, 0xFF, 0x8A, 0x00, 0x00, 0xA0, 0xE3,
    0x1E, 0xFF, 0x2F, 0xE1, 0x00, 0x30, 0xD1, 0xE5, 0x80, 0x00, 0x13, 0xE3, 0x01, 0x20, 0xA0, 0x03,
    0x00, 0x30, 0x80, 0x05, 0x0B, 0x00, 0x00, 0x0A, 0xC1, 0x00, 0x53, 0xE3, 0x44, 0x00, 0x00, 0x9A,
    0xDF, 0x00, 0x53, 0xE3, 0x09, 0x00, 0x00, 0x8A, 0x01, 0x20, 0xD1, 0xE5, 0xC0, 0x10, 0x02, 0xE2,
    0x80, 0x00, 0x51, 0xE3, 0x3E, 0x00, 0x00, 0x1A, 0x03, 0x23, 0x82, 0xE0, 0xC2, 0x3D, 0x42, 0xE2,
    0x02, 0x20, 0xA0, 0xE3, 0x00, 0x30, 0x80, 0xE5, 0x02, 0x00, 0xA0, 0xE1, 0x1E, 0xFF, 0x2F, 0xE1,
    0xEF, 0x00, 0x53, 0xE3, 0x22, 0x00, 0x00, 0x9A, 0xF4, 0x00, 0x53, 0xE3, 0x34, 0x00, 0x00, 0x8A,
    0x01, 0x20, 0xD1, 0xE5, 0xC0, 0xC0, 0x02, 0xE2, 0x80, 0x00, 0x5C, 0xE3, 0x30, 0x00, 0x00, 0x1A,
    0x8F, 0x00, 0x52, 0xE3, 0xF0, 0x00, 0x53, 0x93, 0x2D, 0x00, 0x00, 0x0A, 0xF4, 0xC0, 0x43, 0xE2,
    0x1C, 0xCF, 0x6F, 0xE1, 0x8F, 0x00, 0x52, 0xE3, 0xAC, 0xC2, 0xA0, 0xE1, 0x00, 0xC0, 0xA0, 0x93,
    0x00, 0x00, 0x5C, 0xE3, 0x26, 0x00, 0x00, 0x1A, 0x04, 0xE0, 0x2D, 0xE5, 0x02, 0xC0, 0xD1, 0xE5,
    0xC0, 0xE0, 0x0C, 0xE2, 0x80, 0x00, 0x5E, 0xE3, 0x23, 0x00, 0x00, 0x1A, 0x03, 0x10, 0xD1, 0xE5,
    0xC0, 0xE0, 0x01, 0xE2, 0x80, 0x00, 0x5E, 0xE3, 0x1F, 0x00, 0x00, 0x1A, 0x02, 0x26, 0xA0, 0xE1,
    0x03, 0x39, 0x82, 0xE0, 0x04, 0x20, 0xA0, 0xE3, 0x0C, 0x33, 0x83, 0xE0, 0x01, 0x30, 0x83, 0xE0,
    0xF2, 0x37, 0x43, 0xE2, 0x82, 0x3D, 0x43, 0xE2, 0x00, 0x30, 0x80, 0xE5, 0x02, 0x00, 0xA0, 0xE1,
    0x04, 0xF0, 0x9D, 0xE4, 0x01, 0x20, 0xD1, 0xE5, 0xC0, 0xC0, 0x02, 0xE2, 0x80, 0x00, 0x5C, 0xE3,
    0x0F, 0x00, 0x00, 0x1A, 0x9F, 0x00, 0x52, 0xE3, 0xE0, 0x00, 0x53, 0x93, 0x0C, 0x00, 0x00, 0x0A,
    0x02, 0x10, 0xD1, 0xE5, 0xC0, 0xC0, 0x01, 0xE2, 0x80, 0x00, 0x5C, 0xE3, 0x08, 0x00, 0x00, 0x1A,
    0x02, 0x23, 0xA0, 0xE1, 0x03, 0x36, 0x82, 0xE0, 0x03, 0x20, 0xA0, 0xE3, 0x01, 0x30, 0x83, 0xE0,
    0xE2, 0x3A, 0x43, 0xE2, 0x80, 0x30, 0x43, 0xE2, 0x00, 0x30, 0x80, 0xE5, 0x02, 0x00, 0xA0, 0xE1,
    0x1E, 0xFF, 0x2F, 0xE1, 0x00, 0x20, 0xE0, 0xE3, 0xC2, 0xFF, 0xFF, 0xEA, 0x00, 0x20, 0xE0, 0xE3,
    0xE5, 0xFF, 0xFF, 0xEA, 0xF0, 0x43, 0x2D, 0xE9, 0x02, 0x90, 0xA0, 0xE1, 0x00, 0x60, 0xA0, 0xE3,
    0x02, 0x81, 0xE0, 0xE3, 0x00, 0x70, 0xA0, 0xE1, 0x01, 0x40, 0xA0, 0xE1, 0x0C, 0xD0, 0x4D, 0xE2,
    0x04, 0x10, 0xA0, 0xE1, 0x0D, 0x00, 0xA0, 0xE1, 0x62, 0x00, 0x00, 0xEB, 0x01, 0x00, 0x70, 0xE3,
    0x00, 0x50, 0xA0, 0xE1, 0x28, 0x00, 0x00, 0x0A, 0x00, 0x10, 0x9D, 0xE5, 0x00, 0x00, 0x51, 0xE3,
    0x02, 0x00, 0x00, 0x1A, 0x06, 0x00, 0xA0, 0xE1, 0x0C, 0xD0, 0x8D, 0xE2, 0xF0, 0x83, 0xBD, 0xE8,
    0x04, 0x00, 0x8D, 0xE2, 0x81, 0x00, 0x00, 0xEB, 0x01, 0x00, 0x70, 0xE3, 0x1E, 0x00, 0x00, 0x0A,
    0x00, 0x00, 0x57, 0xE3, 0x13, 0x00, 0x00, 0x0A, 0x00, 0x30, 0x86, 0xE0, 0x09, 0x00, 0x53, 0xE1,
    0x10, 0x00, 0x00, 0x8A, 0x04, 0x30, 0xDD, 0xE5, 0x01, 0x00, 0x50, 0xE3, 0x00, 0x30, 0xC7, 0xE5,
    0x01, 0x70, 0x87, 0xD2, 0x0B, 0x00, 0x00, 0xDA, 0x05, 0x30, 0xDD, 0xE5, 0x02, 0x00, 0x50, 0xE3,
    0x01, 0x30, 0xC7, 0xE5, 0x02, 0x70, 0x87, 0x02, 0x06, 0x00, 0x00, 0x0A, 0x06, 0x30, 0xDD, 0xE5,
    0x03, 0x00, 0x50, 0xE3, 0x02, 0x30, 0xC7, 0xE5, 0x07, 0x30, 0xDD, 0x15, 0x03, 0x70, 0x87, 0x02,
    0x03, 0x30, 0xC7, 0x15, 0x04, 0x70, 0x87, 0x12, 0x00, 0x30, 0x48, 0xE0, 0x06, 0x00, 0x53, 0xE1,
    0x05, 0x00, 0x00, 0xBA, 0x00, 0x30, 0x9D, 0xE5, 0x85, 0x40, 0x84, 0xE0, 0x00, 0x00, 0x53, 0xE3,
    0x00, 0x60, 0x86, 0xE0, 0xD1, 0xFF, 0xFF, 0x1A, 0xD9, 0xFF, 0xFF, 0xEA, 0x00, 0x60, 0xE0, 0xE3,
    0x06, 0x00, 0xA0, 0xE1, 0x0C, 0xD0, 0x8D, 0xE2, 0xF0, 0x83, 0xBD, 0xE8, 0xF0, 0x43, 0x2D, 0xE9,
    0x02, 0x90, 0xA0, 0xE1, 0x00, 0x60, 0xA0, 0xE3, 0x02, 0x81, 0xE0, 0xE3, 0x00, 0x70, 0xA0, 0xE1,
    0x01, 0x40, 0xA0, 0xE1, 0x0C, 0xD0, 0x4D, 0xE2, 0x04, 0x10, 0xA0, 0xE1, 0x0D, 0x00, 0xA0, 0xE1,
    0x6B, 0xFF, 0xFF, 0xEB, 0x01, 0x00, 0x70, 0xE3, 0x00, 0x50, 0xA0, 0xE1, 0x1E, 0x00, 0x00, 0x0A,
    0x00, 0x10, 0x9D, 0xE5, 0x00, 0x00, 0x51, 0xE3, 0x02, 0x00, 0x00, 0x1A, 0x06, 0x00, 0xA0, 0xE1,
    0x0C, 0xD0, 0x8D, 0xE2, 0xF0, 0x83, 0xBD, 0xE8, 0x04, 0x00, 0x8D, 0xE2, 0x32, 0x00, 0x00, 0xEB,
    0x01, 0x00, 0x70, 0xE3, 0x00, 0x30, 0x86, 0xE0, 0x13, 0x00, 0x00, 0x0A, 0x00, 0x00, 0x57, 0xE3,
    0x08, 0x00, 0x00, 0x0A, 0x09, 0x00, 0x53, 0xE1, 0x06, 0x00, 0x00, 0x8A, 0xB4, 0x30, 0xDD, 0xE1,
    0x01, 0x00, 0x50, 0xE3, 0xB0, 0x30, 0xC7, 0xE1, 0xB6, 0x30, 0xDD, 0xC1, 0x02, 0x70, 0x87, 0xD2,
    0xB2, 0x30, 0xC7, 0xC1, 0x04, 0x70, 0x87, 0xC2, 0x00, 0x30, 0x48, 0xE0, 0x06, 0x00, 0x53, 0xE1,
    0x05, 0x00, 0x00, 0xBA, 0x00, 0x30, 0x9D, 0xE5, 0x00, 0x60, 0x86, 0xE0, 0x00, 0x00, 0x53, 0xE3,
    0x05, 0x40, 0x84, 0xE0, 0xDB, 0xFF, 0xFF, 0x1A, 0xE3, 0xFF, 0xFF, 0xEA, 0x00, 0x60, 0xE0, 0xE3,
    0x06, 0x00, 0xA0, 0xE1, 0x0C, 0xD0, 0x8D, 0xE2, 0xF0, 0x83, 0xBD, 0xE8, 0x70, 0x0F, 0x1D, 0xEE,
    0x0C, 0x00, 0x90, 0xE5, 0x1E, 0xFF, 0x2F, 0xE1, 0xB0, 0x20, 0xD1, 0xE1, 0x44, 0xC0, 0x9F, 0xE5,
    0x0A, 0x3B, 0x82, 0xE2, 0x73, 0x30, 0xFF, 0xE6, 0x0C, 0x00, 0x53, 0xE1, 0x01, 0x10, 0xA0, 0x83,
    0x00, 0x20, 0x80, 0x85, 0x09, 0x00, 0x00, 0x8A, 0xB2, 0x30, 0xD1, 0xE1, 0x09, 0x1B, 0x83, 0xE2,
    0x71, 0x10, 0xFF, 0xE6, 0x0C, 0x00, 0x51, 0xE1, 0x02, 0x10, 0xA0, 0x93, 0x00, 0x10, 0xE0, 0x83,
    0x02, 0x35, 0x83, 0x90, 0xD7, 0x37, 0x43, 0x92, 0xF7, 0x3B, 0x43, 0x92, 0x00, 0x30, 0x80, 0x95,
    0x01, 0x00, 0xA0, 0xE1, 0x1E, 0xFF, 0x2F, 0xE1, 0xFF, 0x03, 0x00, 0x00, 0x01, 0x08, 0x51, 0xE3,
    0x0C, 0x00, 0x00, 0x3A, 0x11, 0x08, 0x51, 0xE3, 0x0E, 0x00, 0x00, 0x2A, 0x00, 0x00, 0x50, 0xE3,
    0x06, 0x00, 0x00, 0x0A, 0x01, 0x3B, 0xA0, 0xE1, 0x23, 0x3B, 0xA0, 0xE1, 0x21, 0x15, 0xA0, 0xE1,
    0xA1, 0x1D, 0x41, 0xE2, 0x09, 0x3B, 0x43, 0xE2, 0xB0, 0x10, 0xC0, 0xE1, 0xB2, 0x30, 0xC0, 0xE1,
    0x02, 0x00, 0xA0, 0xE3, 0x1E, 0xFF, 0x2F, 0xE1, 0x00, 0x00, 0x50, 0xE3, 0xB0, 0x10, 0xC0, 0x11,
    0x01, 0x00, 0xA0, 0xE3, 0x1E, 0xFF, 0x2F, 0xE1, 0x00, 0x00, 0xE0, 0xE3, 0x1E, 0xFF, 0x2F, 0xE1,
    0x7F, 0x00, 0x51, 0xE3, 0x17, 0x00, 0x00, 0x9A, 0x02, 0x0B, 0x51, 0xE3, 0x27, 0x00, 0x00, 0x3A,
    0x01, 0x08, 0x51, 0xE3, 0x17, 0x00, 0x00, 0x3A, 0x11, 0x08, 0x51, 0xE3, 0x2D, 0x00, 0x00, 0x2A,
    0x00, 0x00, 0x50, 0xE3, 0x0D, 0x00, 0x00, 0x0A, 0x21, 0x26, 0xA0, 0xE1, 0x21, 0x33, 0xA0, 0xE1,
    0x21, 0xC9, 0xA0, 0xE1, 0x3F, 0x20, 0x02, 0xE2, 0x3F, 0x30, 0x03, 0xE2, 0x3F, 0x10, 0x01, 0xE2,
    0x10, 0xC0, 0x4C, 0xE2, 0x80, 0x20, 0x42, 0xE2, 0x80, 0x30, 0x43, 0xE2, 0x80, 0x10, 0x41, 0xE2,
    0x00, 0xC0, 0xC0, 0xE5, 0x01, 0x20, 0xC0, 0xE5, 0x02, 0x30, 0xC0, 0xE5, 0x03, 0x10, 0xC0, 0xE5,
    0x04, 0x00, 0xA0, 0xE3, 0x1E, 0xFF, 0x2F, 0xE1, 0x00, 0x00, 0x50, 0xE3, 0x00, 0x10, 0xC0, 0x15,
    0x01, 0x00, 0xA0, 0xE3, 0x1E, 0xFF, 0x2F, 0xE1, 0x00, 0x00, 0x50, 0xE3, 0x09, 0x00, 0x00, 0x0A,
    0x21, 0x33, 0xA0, 0xE1, 0x21, 0x26, 0xA0, 0xE1, 0x3F, 0x30, 0x03, 0xE2, 0x3F, 0x10, 0x01, 0xE2,
    0x20, 0x20, 0x42, 0xE2, 0x80, 0x30, 0x43, 0xE2, 0x80, 0x10, 0x41, 0xE2, 0x00, 0x20, 0xC0, 0xE5,
    0x01, 0x30, 0xC0, 0xE5, 0x02, 0x10, 0xC0, 0xE5, 0x03, 0x00, 0xA0, 0xE3, 0x1E, 0xFF, 0x2F, 0xE1,
    0x00, 0x00, 0x50, 0xE3, 0x05, 0x00, 0x00, 0x0A, 0x21, 0x33, 0xA0, 0xE1, 0x3F, 0x10, 0x01, 0xE2,
    0x40, 0x30, 0x43, 0xE2, 0x80, 0x10, 0x41, 0xE2, 0x00, 0x30, 0xC0, 0xE5, 0x01, 0x10, 0xC0, 0xE5,
    0x02, 0x00, 0xA0, 0xE3, 0x1E, 0xFF, 0x2F, 0xE1, 0x00, 0x00, 0xE0, 0xE3, 0x1E, 0xFF, 0x2F, 0xE1,
    0xF0, 0x41, 0x2D, 0xE9, 0x01, 0xE0, 0xA0, 0xE1, 0x02, 0x00, 0x50, 0xE1, 0x03, 0x10, 0xDE, 0xE0,
    0x00, 0x10, 0xA0, 0x33, 0x00, 0xC0, 0xA0, 0xE1, 0x01, 0x40, 0xA0, 0x31, 0x3D, 0x00, 0x00, 0x3A,
    0x00, 0x00, 0x53, 0xE3, 0x12, 0x0F, 0x6F, 0x01, 0x13, 0x0F, 0x6F, 0x11, 0x20, 0x00, 0x80, 0x02,
    0x00, 0x00, 0x5E, 0xE3, 0x1C, 0x1F, 0x6F, 0x01, 0x1E, 0x1F, 0x6F, 0x11, 0x20, 0x10, 0x81, 0x02,
    0x01, 0x00, 0x40, 0xE0, 0x20, 0x40, 0x40, 0xE2, 0x13, 0x30, 0xA0, 0xE1, 0x12, 0x34, 0x83, 0xE1,
    0x20, 0x50, 0x60, 0xE2, 0x32, 0x35, 0x83, 0xE1, 0x12, 0x20, 0xA0, 0xE1, 0x02, 0x00, 0x5C, 0xE1,
    0x03, 0x10, 0xDE, 0xE0, 0x00, 0x10, 0xA0, 0x33, 0x04, 0x80, 0xA0, 0xE1, 0x05, 0x70, 0xA0, 0xE1,
    0x01, 0x40, 0xA0, 0x31, 0x05, 0x00, 0x00, 0x3A, 0x01, 0x10, 0xA0, 0xE3, 0x02, 0xC0, 0x5C, 0xE0,
    0x11, 0x44, 0xA0, 0xE1, 0x31, 0x45, 0x84, 0xE1, 0x03, 0xE0, 0xCE, 0xE0, 0x11, 0x10, 0xA0, 0xE1,
    0x00, 0x00, 0x50, 0xE3, 0x1F, 0x00, 0x00, 0x0A, 0xA2, 0x20, 0xA0, 0xE1, 0x83, 0x2F, 0x82, 0xE1,
    0x00, 0x50, 0xA0, 0xE1, 0xA3, 0x30, 0xA0, 0xE1, 0x07, 0x00, 0x00, 0xEA, 0x02, 0xC0, 0x5C, 0xE0,
    0x03, 0xE0, 0xCE, 0xE0, 0x0C, 0xC0, 0x9C, 0xE0, 0x0E, 0xE0, 0xAE, 0xE0, 0x01, 0xC0, 0x9C, 0xE2,
    0x00, 0xE0, 0xAE, 0xE2, 0x01, 0x50, 0x55, 0xE2, 0x06, 0x00, 0x00, 0x0A, 0x02, 0x00, 0x5C, 0xE1,
    0x03, 0x60, 0xDE, 0xE0, 0xF4, 0xFF, 0xFF, 0x2A, 0x0C, 0xC0, 0x9C, 0xE0, 0x0E, 0xE0, 0xAE, 0xE0,
    0x01, 0x50, 0x55, 0xE2, 0xF8, 0xFF, 0xFF, 0x1A, 0x0C, 0x10, 0x91, 0xE0, 0x3C, 0xC0, 0xA0, 0xE1,
    0x1E, 0xC7, 0x8C, 0xE1, 0x3E, 0xC8, 0x8C, 0xE1, 0x0E, 0x40, 0xA4, 0xE0, 0x3E, 0xE0, 0xA0, 0xE1,
    0x1E, 0x30, 0xA0, 0xE1, 0x1C, 0x38, 0x83, 0xE1, 0x1C, 0x00, 0xA0, 0xE1, 0x3C, 0x37, 0x83, 0xE1,
    0x00, 0x10, 0x51, 0xE0, 0x03, 0x40, 0xC4, 0xE0, 0x18, 0x30, 0x9D, 0xE5, 0x01, 0x00, 0xA0, 0xE1,
    0x00, 0x00, 0x53, 0xE3, 0x04, 0x10, 0xA0, 0xE1, 0x00, 0x50, 0x83, 0x18, 0xF0, 0x81, 0xBD, 0xE8,
    0x03, 0x00, 0x10, 0xE3, 0x00, 0xC0, 0xA0, 0xE1, 0x70, 0x40, 0x2D, 0xE9, 0x00, 0x30, 0xD0, 0x05,
    0x02, 0x00, 0x00, 0x1A, 0x15, 0x00, 0x00, 0xEA, 0x03, 0x00, 0x1C, 0xE3, 0x12, 0x00, 0x00, 0x0A,
    0x00, 0xE0, 0xDC, 0xE5, 0x0C, 0x30, 0xA0, 0xE1, 0x00, 0x00, 0x5E, 0xE3, 0x01, 0xC0, 0x8C, 0xE2,
    0xF8, 0xFF, 0xFF, 0x1A, 0x00, 0x00, 0x52, 0xE3, 0x70, 0x80, 0xBD, 0x08, 0x01, 0x10, 0x41, 0xE2,
    0x02, 0x20, 0x83, 0xE0, 0x01, 0xC0, 0xF1, 0xE5, 0x01, 0x30, 0x83, 0xE2, 0x00, 0x00, 0x5C, 0xE3,
    0x01, 0xC0, 0x43, 0xE5, 0x70, 0x80, 0xBD, 0x08, 0x02, 0x00, 0x53, 0xE1, 0xF8, 0xFF, 0xFF, 0x1A,
    0x00, 0x20, 0xA0, 0xE3, 0x00, 0x20, 0xC3, 0xE5, 0x70, 0x80, 0xBD, 0xE8, 0x01, 0x30, 0xD3, 0xE5,
    0x00, 0x00, 0x53, 0xE3, 0x16, 0x00, 0x00, 0x0A, 0x00, 0xE0, 0x9C, 0xE5, 0x58, 0x50, 0x9F, 0xE5,
    0x58, 0x40, 0x9F, 0xE5, 0x05, 0x30, 0x8E, 0xE0, 0x0E, 0x30, 0xC3, 0xE1, 0x04, 0x00, 0x13, 0xE1,
    0x08, 0x00, 0x00, 0x1A, 0x0C, 0x60, 0xA0, 0xE1, 0x04, 0xE0, 0xBC, 0xE5, 0x05, 0x30, 0x8E, 0xE0,
    0x0E, 0x30, 0xC3, 0xE1, 0x04, 0x00, 0x13, 0xE1, 0xF9, 0xFF, 0xFF, 0x0A, 0x04, 0x30, 0xD6, 0xE5,
    0x00, 0x00, 0x53, 0xE3, 0x06, 0x00, 0x00, 0x0A, 0x0C, 0x30, 0xA0, 0xE1, 0x01, 0xC0, 0xF3, 0xE5,
    0x00, 0x00, 0x5C, 0xE3, 0xFC, 0xFF, 0xFF, 0x1A, 0x00, 0x00, 0x52, 0xE3, 0xDA, 0xFF, 0xFF, 0x1A,
    0x70, 0x80, 0xBD, 0xE8, 0x0C, 0x30, 0xA0, 0xE1, 0xD5, 0xFF, 0xFF, 0xEA, 0xFF, 0xFE, 0xFE, 0xFE,
    0x80, 0x80, 0x80, 0x80, 0x03, 0x00, 0x52, 0xE3, 0x32, 0x00, 0x00, 0x9A, 0x70, 0x40, 0x2D, 0xE9,
    0x01, 0x40, 0x80, 0xE1, 0x03, 0x40, 0x14, 0xE2, 0x39, 0x00, 0x00, 0x1A, 0x0F, 0x00, 0x52, 0xE3,
    0x00, 0x30, 0xA0, 0x91, 0x02, 0x60, 0xA0, 0x91, 0x18, 0x00, 0x00, 0x9A, 0x00, 0xE0, 0xA0, 0xE1,
    0x01, 0xC0, 0xA0, 0xE1, 0x22, 0x52, 0xA0, 0xE1, 0x01, 0x30, 0x45, 0xE2, 0x08, 0x60, 0x9C, 0xE5,
    0x01, 0x40, 0x84, 0xE2, 0x08, 0x60, 0x8E, 0xE5, 0x0C, 0x60, 0x9C, 0xE5, 0x04, 0x00, 0x55, 0xE1,
    0x0C, 0x60, 0x8E, 0xE5, 0x00, 0x60, 0x9C, 0xE5, 0x10, 0xE0, 0x8E, 0xE2, 0x10, 0x60, 0x0E, 0xE5,
    0x04, 0x60, 0x9C, 0xE5, 0x10, 0xC0, 0x8C, 0xE2, 0x0C, 0x60, 0x0E, 0xE5, 0xF2, 0xFF, 0xFF, 0x8A,
    0x10, 0x10, 0x81, 0xE2, 0x0C, 0x00, 0x12, 0xE3, 0x0F, 0x60, 0x02, 0xE2, 0x03, 0x12, 0x81, 0xE0,
    0x03, 0x32, 0x80, 0xE0, 0x06, 0x20, 0xA0, 0x01, 0x10, 0x30, 0x83, 0xE2, 0x0D, 0x00, 0x00, 0x0A,
    0x01, 0xE0, 0xA0, 0xE1, 0x03, 0x50, 0xC6, 0xE3, 0x04, 0x50, 0x45, 0xE2, 0x04, 0xC0, 0x43, 0xE2,
    0x05, 0x20, 0x83, 0xE0, 0x04, 0x40, 0x9E, 0xE4, 0x04, 0x40, 0xAC, 0xE5, 0x02, 0x00, 0x5C, 0xE1,
    0xFB, 0xFF, 0xFF, 0x1A, 0x04, 0x10, 0x81, 0xE2, 0x04, 0x30, 0x83, 0xE2, 0x05, 0x10, 0x81, 0xE0,
    0x05, 0x30, 0x83, 0xE0, 0x03, 0x20, 0x06, 0xE2, 0x00, 0x00, 0x52, 0xE3, 0x70, 0x80, 0xBD, 0x08,
    0x01, 0x20, 0x42, 0xE2, 0x0C, 0x00, 0x00, 0xEA, 0x00, 0x00, 0x52, 0xE3, 0x1E, 0xFF, 0x2F, 0x01,
    0x01, 0x20, 0x42, 0xE2, 0x01, 0x20, 0x82, 0xE2, 0x01, 0x30, 0x40, 0xE2, 0x02, 0x20, 0x81, 0xE0,
    0x01, 0xC0, 0xD1, 0xE4, 0x01, 0x00, 0x52, 0xE1, 0x01, 0xC0, 0xE3, 0xE5, 0xFB, 0xFF, 0xFF, 0x1A,
    0x1E, 0xFF, 0x2F, 0xE1, 0x00, 0x30, 0xA0, 0xE1, 0x01, 0x20, 0x42, 0xE2, 0x01, 0x20, 0x82, 0xE2,
    0x01, 0x30, 0x43, 0xE2, 0x02, 0x20, 0x81, 0xE0, 0x01, 0xC0, 0xD1, 0xE4, 0x01, 0x00, 0x52, 0xE1,
    0x01, 0xC0, 0xE3, 0xE5, 0xFB, 0xFF, 0xFF, 0x1A, 0x70, 0x80, 0xBD, 0xE8, 0x03, 0x00, 0x10, 0xE3,
    0x00, 0x30, 0xA0, 0xE1, 0x03, 0x00, 0x00, 0x1A, 0x07, 0x00, 0x00, 0xEA, 0x01, 0x30, 0x83, 0xE2,
    0x03, 0x00, 0x13, 0xE3, 0x04, 0x00, 0x00, 0x0A, 0x00, 0x20, 0xD3, 0xE5, 0x00, 0x00, 0x52, 0xE3,
    0xF9, 0xFF, 0xFF, 0x1A, 0x00, 0x00, 0x43, 0xE0, 0x1E, 0xFF, 0x2F, 0xE1, 0x00, 0x10, 0x93, 0xE5,
    0x04, 0xE0, 0x2D, 0xE5, 0x44, 0xE0, 0x9F, 0xE5, 0x44, 0xC0, 0x9F, 0xE5, 0x0E, 0x20, 0x81, 0xE0,
    0x01, 0x20, 0xC2, 0xE1, 0x0C, 0x00, 0x12, 0xE1, 0x04, 0x00, 0x00, 0x1A, 0x04, 0x10, 0xB3, 0xE5,
    0x0E, 0x20, 0x81, 0xE0, 0x01, 0x20, 0xC2, 0xE1, 0x0C, 0x00, 0x12, 0xE1, 0xFA, 0xFF, 0xFF, 0x0A,
    0x00, 0x20, 0xD3, 0xE5, 0x00, 0x00, 0x52, 0xE3, 0x02, 0x00, 0x00, 0x0A, 0x01, 0x20, 0xF3, 0xE5,
    0x00, 0x00, 0x52, 0xE3, 0xFC, 0xFF, 0xFF, 0x1A, 0x00, 0x00, 0x43, 0xE0, 0x04, 0xF0, 0x9D, 0xE4,
    0xFF, 0xFE, 0xFE, 0xFE, 0x80, 0x80, 0x80, 0x80, 0x00, 0x00, 0x53, 0xE3, 0x00, 0x00, 0x52, 0x13,
    0xF8, 0x4F, 0x2D, 0xE9, 0x28, 0xA0, 0x9D, 0xE5, 0x01, 0x60, 0xA0, 0x03, 0x00, 0x60, 0xA0, 0x13,
    0x13, 0x00, 0x00, 0x0A, 0x02, 0x50, 0xA0, 0xE1, 0x01, 0x90, 0xA0, 0xE1, 0x00, 0x80, 0xA0, 0xE1,
    0x03, 0x70, 0xA0, 0xE1, 0x03, 0x00, 0x00, 0xEA, 0x0E, 0x00, 0x00, 0x0A, 0x01, 0x60, 0x84, 0xE2,
    0x06, 0x00, 0x55, 0xE1, 0x0A, 0x00, 0x00, 0x9A, 0x05, 0x40, 0x86, 0xE0, 0xA4, 0x40, 0xA0, 0xE1,
    0x94, 0x97, 0x2B, 0xE0, 0x08, 0x00, 0xA0, 0xE1, 0x0B, 0x10, 0xA0, 0xE1, 0x3A, 0xFF, 0x2F, 0xE1,
    0x00, 0x00, 0x50, 0xE3, 0xF3, 0xFF, 0xFF, 0xAA, 0x04, 0x50, 0xA0, 0xE1, 0x06, 0x00, 0x55, 0xE1,
    0xF4, 0xFF, 0xFF, 0x8A, 0x00, 0xB0, 0xA0, 0xE3, 0x0B, 0x00, 0xA0, 0xE1, 0xF8, 0x8F, 0xBD, 0xE8,
    0x10, 0x40, 0x2D, 0xE9, 0x00, 0x40, 0xA0, 0xE1, 0x08, 0xD0, 0x4D, 0xE2, 0x04, 0x10, 0x8D, 0xE5,
    0x1F, 0x31, 0x00, 0xEB, 0x04, 0x10, 0xA0, 0xE1, 0x04, 0x20, 0x9D, 0xE5, 0x08, 0xD0, 0x8D, 0xE2,
    0x10, 0x40, 0xBD, 0xE8, 0x96, 0x00, 0x00, 0xEA, 0x0F, 0x00, 0x2D, 0xE9, 0x04, 0xE0, 0x2D, 0xE5,
    0x0C, 0xD0, 0x4D, 0xE2, 0x16, 0x31, 0x00, 0xEB, 0x14, 0x30, 0x8D, 0xE2, 0x10, 0x20, 0x9D, 0xE5,
    0x08, 0x10, 0x90, 0xE5, 0x04, 0x30, 0x8D, 0xE5, 0x22, 0x09, 0x00, 0xEB, 0x0C, 0xD0, 0x8D, 0xE2,
    0x04, 0xE0, 0x9D, 0xE4, 0x10, 0xD0, 0x8D, 0xE2, 0x1E, 0xFF, 0x2F, 0xE1, 0xF0, 0x47, 0x2D, 0xE9,
    0x03, 0x50, 0xA0, 0xE1, 0x02, 0x80, 0xA0, 0xE1, 0x01, 0x60, 0xA0, 0xE1, 0x01, 0x30, 0xA0, 0xE1,
    0x00, 0xA0, 0xA0, 0xE1, 0xC4, 0x01, 0x9F, 0xE5, 0x08, 0xD0, 0x4D, 0xE2, 0x03, 0x10, 0xA0, 0xE1,
    0x01, 0x90, 0xD3, 0xE4, 0x09, 0x20, 0xD0, 0xE7, 0x08, 0x20, 0x12, 0xE2, 0xFA, 0xFF, 0xFF, 0x1A,
    0x2D, 0x00, 0x59, 0xE3, 0x55, 0x00, 0x00, 0x0A, 0x2B, 0x00, 0x59, 0xE3, 0x00, 0x90, 0xD3, 0x05,
    0x02, 0x30, 0x81, 0x02, 0x10, 0x10, 0xD5, 0xE3, 0x39, 0x00, 0x00, 0x0A, 0x05, 0x10, 0xA0, 0xE1,
    0x00, 0x00, 0xE0, 0xE3, 0x04, 0x20, 0x8D, 0xE5, 0x00, 0x30, 0x8D, 0xE5, 0x67, 0xD6, 0xFF, 0xEB,
    0x05, 0x70, 0xA0, 0xE1, 0x00, 0x40, 0xA0, 0xE1, 0x05, 0x10, 0xA0, 0xE1, 0x00, 0x00, 0xE0, 0xE3,
    0xDD, 0xD6, 0xFF, 0xEB, 0x00, 0x30, 0x9D, 0xE5, 0x04, 0x20, 0x9D, 0xE5, 0x00, 0xC0, 0xA0, 0xE3,
    0x0C, 0x00, 0xA0, 0xE1, 0x09, 0x00, 0x00, 0xEA, 0x04, 0xC0, 0x40, 0xE0, 0x1C, 0xCF, 0x6F, 0xE1,
    0x01, 0x00, 0x5E, 0xE1, 0xAC, 0xC2, 0xA0, 0xE1, 0x00, 0xC0, 0xA0, 0xD3, 0x00, 0x00, 0x5C, 0xE3,
    0x16, 0x00, 0x00, 0x1A, 0x01, 0xC0, 0xA0, 0xE3, 0x97, 0xE0, 0x20, 0xE0, 0x01, 0x90, 0xD3, 0xE4,
    0x30, 0xE0, 0x49, 0xE2, 0x09, 0x00, 0x5E, 0xE3, 0x07, 0x00, 0x00, 0x9A, 0x41, 0xE0, 0x49, 0xE2,
    0x19, 0x00, 0x5E, 0xE3, 0x37, 0xE0, 0x49, 0x92, 0x03, 0x00, 0x00, 0x9A, 0x61, 0xE0, 0x49, 0xE2,
    0x19, 0x00, 0x5E, 0xE3, 0x0B, 0x00, 0x00, 0x8A, 0x57, 0xE0, 0x49, 0xE2, 0x0E, 0x00, 0x55, 0xE1,
    0x08, 0x00, 0x00, 0xDA, 0x01, 0x00, 0x7C, 0xE3, 0x00, 0xC0, 0xA0, 0x13, 0x01, 0xC0, 0xA0, 0x03,
    0x04, 0x00, 0x50, 0xE1, 0x01, 0xC0, 0x8C, 0x83, 0x00, 0x00, 0x5C, 0xE3, 0xE1, 0xFF, 0xFF, 0x0A,
    0x00, 0xC0, 0xE0, 0xE3, 0xE8, 0xFF, 0xFF, 0xEA, 0x01, 0x00, 0x7C, 0xE3, 0x11, 0x00, 0x00, 0x0A,
    0x00, 0x00, 0x52, 0xE3, 0x00, 0x00, 0x60, 0x12, 0x00, 0x00, 0x58, 0xE3, 0x02, 0x00, 0x00, 0x0A,
    0x00, 0x00, 0x5C, 0xE3, 0x10, 0x00, 0x00, 0x1A, 0x00, 0x60, 0x88, 0xE5, 0x08, 0xD0, 0x8D, 0xE2,
    0xF0, 0x87, 0xBD, 0xE8, 0x30, 0x00, 0x59, 0xE3, 0x18, 0x00, 0x00, 0x0A, 0x00, 0x00, 0x55, 0xE3,
    0x0D, 0x00, 0x00, 0x1A, 0x0A, 0x50, 0xA0, 0xE3, 0x05, 0x10, 0xA0, 0xE3, 0x05, 0x70, 0xA0, 0xE1,
    0x8C, 0x40, 0x9F, 0xE5, 0xC8, 0xFF, 0xFF, 0xEA, 0x22, 0x20, 0xA0, 0xE3, 0x00, 0x00, 0x58, 0xE3,
    0x0C, 0x00, 0xA0, 0xE1, 0x00, 0x20, 0x8A, 0xE5, 0xEF, 0xFF, 0xFF, 0x0A, 0x01, 0x60, 0x43, 0xE2,
    0xEC, 0xFF, 0xFF, 0xEA, 0x00, 0x00, 0x55, 0xE3, 0x13, 0x00, 0x00, 0x0A, 0x10, 0x50, 0xA0, 0xE3,
    0x0F, 0x10, 0xA0, 0xE3, 0x0F, 0x42, 0xE0, 0xE3, 0x05, 0x70, 0xA0, 0xE1, 0xBA, 0xFF, 0xFF, 0xEA,
    0x00, 0x90, 0xD3, 0xE5, 0x01, 0x20, 0xA0, 0xE3, 0x02, 0x30, 0x81, 0xE2, 0xA8, 0xFF, 0xFF, 0xEA,
    0x00, 0x10, 0xD3, 0xE5, 0xDF, 0x10, 0x01, 0xE2, 0x58, 0x00, 0x51, 0xE3, 0xF0, 0xFF, 0xFF, 0x1A,
    0x10, 0x50, 0xA0, 0xE3, 0x01, 0x90, 0xD3, 0xE5, 0x0F, 0x10, 0xA0, 0xE3, 0x0F, 0x42, 0xE0, 0xE3,
    0x05, 0x70, 0xA0, 0xE1, 0x02, 0x30, 0x83, 0xE2, 0xAB, 0xFF, 0xFF, 0xEA, 0x08, 0x50, 0xA0, 0xE3,
    0x07, 0x10, 0xA0, 0xE3, 0x0E, 0x42, 0xE0, 0xE3, 0x05, 0x70, 0xA0, 0xE1, 0xA6, 0xFF, 0xFF, 0xEA,
    0xED, 0x8E, 0x11, 0x00, 0x99, 0x99, 0x99, 0x19, 0x30, 0x40, 0x2D, 0xE9, 0x0C, 0xD0, 0x4D, 0xE2,
    0x04, 0x10, 0x8D, 0xE5, 0x00, 0x20, 0x8D, 0xE5, 0x00, 0x50, 0xA0, 0xE1, 0x8C, 0x30, 0x00, 0xEB,
    0x00, 0x40, 0xA0, 0xE1, 0x8A, 0x30, 0x00, 0xEB, 0x05, 0x10, 0xA0, 0xE1, 0x04, 0x00, 0xA0, 0xE1,
    0x00, 0x30, 0x9D, 0xE5, 0x04, 0x20, 0x9D, 0xE5, 0x0C, 0xD0, 0x8D, 0xE2, 0x30, 0x40, 0xBD, 0xE8,
    0x75, 0xFF, 0xFF, 0xEA, 0x08, 0x00, 0x51, 0xE3, 0x2D, 0x00, 0x00, 0x9A, 0xF0, 0x40, 0x2D, 0xE9,
    0x10, 0x00, 0x51, 0xE3, 0x0B, 0x50, 0x82, 0xE2, 0x01, 0x40, 0xA0, 0x21, 0x10, 0x40, 0xA0, 0x33,
    0x10, 0x30, 0xE0, 0xE3, 0x16, 0x00, 0x55, 0xE3, 0x10, 0x50, 0xA0, 0x93, 0x04, 0x30, 0x43, 0xE0,
    0x07, 0x50, 0xC5, 0x83, 0x02, 0x00, 0x55, 0xE1, 0x05, 0x00, 0x53, 0x21, 0x0C, 0x30, 0xA0, 0x33,
    0x0C, 0xD0, 0x4D, 0xE2, 0x00, 0x30, 0x80, 0x35, 0x19, 0x00, 0x00, 0x3A, 0x10, 0x10, 0x84, 0xE2,
    0x05, 0x10, 0x81, 0xE0, 0x00, 0x70, 0xA0, 0xE1, 0x3C, 0x01, 0x00, 0xEB, 0x00, 0x60, 0x50, 0xE2,
    0x13, 0x00, 0x00, 0x0A, 0x07, 0x00, 0xA0, 0xE1, 0x2D, 0x06, 0x00, 0xEB, 0x08, 0x20, 0x46, 0xE2,
    0x04, 0x10, 0xA0, 0xE1, 0x06, 0x00, 0xA0, 0xE1, 0x04, 0x20, 0x8D, 0xE5, 0x52, 0xD6, 0xFF, 0xEB,
    0x00, 0x00, 0x51, 0xE3, 0x04, 0x20, 0x9D, 0xE5, 0x0F, 0x00, 0x00, 0x1A, 0x04, 0x30, 0x92, 0xE5,
    0x03, 0x30, 0xC3, 0xE3, 0x05, 0x30, 0x43, 0xE0, 0x0F, 0x00, 0x53, 0xE3, 0x28, 0x00, 0x00, 0xCA,
    0x07, 0x00, 0xA0, 0xE1, 0x21, 0x06, 0x00, 0xEB, 0x06, 0x00, 0xA0, 0xE1, 0x0C, 0xD0, 0x8D, 0xE2,
    0xF0, 0x80, 0xBD, 0xE8, 0x00, 0x60, 0xA0, 0xE3, 0x06, 0x00, 0xA0, 0xE1, 0x0C, 0xD0, 0x8D, 0xE2,
    0xF0, 0x80, 0xBD, 0xE8, 0x02, 0x10, 0xA0, 0xE1, 0x20, 0x01, 0x00, 0xEA, 0x01, 0x30, 0x44, 0xE2,
    0x03, 0x30, 0x86, 0xE0, 0x00, 0x10, 0x64, 0xE2, 0x01, 0x30, 0x03, 0xE0, 0x08, 0x30, 0x43, 0xE2,
    0x02, 0x10, 0x43, 0xE0, 0x0F, 0x00, 0x51, 0xE3, 0x04, 0x30, 0x83, 0xD0, 0x02, 0x10, 0x43, 0xD0,
    0x03, 0x20, 0xA0, 0xE1, 0x04, 0x30, 0x16, 0xE5, 0x04, 0x20, 0x8D, 0xE5, 0x03, 0x30, 0xC3, 0xE3,
    0x01, 0x30, 0x43, 0xE0, 0x01, 0x00, 0x83, 0xE3, 0x04, 0x00, 0x82, 0xE5, 0x03, 0x30, 0x82, 0xE0,
    0x04, 0x00, 0x93, 0xE5, 0x01, 0x00, 0x80, 0xE3, 0x04, 0x00, 0x83, 0xE5, 0x04, 0x30, 0x16, 0xE5,
    0x07, 0x00, 0xA0, 0xE1, 0x01, 0x30, 0x03, 0xE2, 0x01, 0x30, 0x83, 0xE1, 0x04, 0x30, 0x06, 0xE5,
    0x06, 0x10, 0xA0, 0xE1, 0x55, 0x03, 0x00, 0xEB, 0x04, 0x20, 0x9D, 0xE5, 0x08, 0x60, 0x82, 0xE2,
    0xD1, 0xFF, 0xFF, 0xEA, 0x05, 0x10, 0x82, 0xE0, 0x01, 0x30, 0x83, 0xE3, 0x04, 0x30, 0x81, 0xE5,
    0x04, 0x30, 0x92, 0xE5, 0x07, 0x00, 0xA0, 0xE1, 0x01, 0x30, 0x03, 0xE2, 0x05, 0x30, 0x83, 0xE1,
    0x08, 0x10, 0x81, 0xE2, 0x04, 0x30, 0x82, 0xE5, 0x48, 0x03, 0x00, 0xEB, 0xCB, 0xFF, 0xFF, 0xEA,
    0x10, 0x40, 0x2D, 0xE9, 0x26, 0x30, 0x00, 0xEB, 0x10, 0x80, 0xBD, 0xE8, 0x03, 0x00, 0x10, 0xE3,
    0x00, 0x30, 0xA0, 0xE1, 0x05, 0x00, 0x00, 0x0A, 0x00, 0x00, 0x52, 0xE3, 0x1E, 0xFF, 0x2F, 0x01,
    0x01, 0x10, 0xC3, 0xE4, 0x03, 0x00, 0x13, 0xE3, 0x01, 0x20, 0x42, 0xE2, 0xF9, 0xFF, 0xFF, 0x1A,
    0x03, 0x00, 0x52, 0xE3, 0x22, 0x00, 0x00, 0x9A, 0x71, 0xC0, 0xEF, 0xE6, 0x0C, 0xC4, 0x8C, 0xE0,
    0x0F, 0x00, 0x52, 0xE3, 0x30, 0x40, 0x2D, 0xE9, 0x0C, 0xC8, 0x8C, 0xE0, 0x25, 0x00, 0x00, 0x9A,
    0x0F, 0xE0, 0xC2, 0xE3, 0x0E, 0xE0, 0x83, 0xE0, 0x00, 0xC0, 0x83, 0xE5, 0x04, 0xC0, 0x83, 0xE5,
    0x08, 0xC0, 0x83, 0xE5, 0x0C, 0xC0, 0x83, 0xE5, 0x10, 0x30, 0x83, 0xE2, 0x0E, 0x00, 0x53, 0xE1,
    0xF8, 0xFF, 0xFF, 0x1A, 0x0C, 0x00, 0x12, 0xE3, 0x0F, 0x50, 0x02, 0xE2, 0x17, 0x00, 0x00, 0x0A,
    0x03, 0xE0, 0xA0, 0xE1, 0x25, 0x21, 0xA0, 0xE1, 0x01, 0x40, 0x42, 0xE2, 0x02, 0x21, 0x83, 0xE0,
    0x04, 0xC0, 0x8E, 0xE4, 0x02, 0x00, 0x5E, 0xE1, 0xFC, 0xFF, 0xFF, 0x1A, 0x04, 0x30, 0x83, 0xE2,
    0x03, 0x20, 0x05, 0xE2, 0x04, 0x31, 0x83, 0xE0, 0x00, 0x00, 0x52, 0xE3, 0x30, 0x80, 0xBD, 0x08,
    0x02, 0x20, 0x83, 0xE0, 0x01, 0x10, 0xC3, 0xE4, 0x03, 0x00, 0x52, 0xE1, 0xFC, 0xFF, 0xFF, 0x1A,
    0x30, 0x80, 0xBD, 0xE8, 0x00, 0x00, 0x52, 0xE3, 0x1E, 0xFF, 0x2F, 0x01, 0x02, 0x20, 0x83, 0xE0,
    0x01, 0x10, 0xC3, 0xE4, 0x03, 0x00, 0x52, 0xE1, 0xFC, 0xFF, 0xFF, 0x1A, 0x1E, 0xFF, 0x2F, 0xE1,
    0x05, 0x20, 0xA0, 0xE1, 0xEF, 0xFF, 0xFF, 0xEA, 0x02, 0x50, 0xA0, 0xE1, 0xE3, 0xFF, 0xFF, 0xEA,
    0xF0, 0x41, 0x2D, 0xE9, 0xFC, 0x30, 0xD1, 0xE1, 0x01, 0x40, 0xA0, 0xE1, 0x08, 0x00, 0x13, 0xE3,
    0x00, 0x70, 0xA0, 0xE1, 0x08, 0xD0, 0x4D, 0xE2, 0x46, 0x00, 0x00, 0x1A, 0x04, 0x20, 0x91, 0xE5,
    0x02, 0x1B, 0x83, 0xE3, 0x00, 0x00, 0x52, 0xE3, 0xBC, 0x10, 0xC4, 0xE1, 0x5F, 0x00, 0x00, 0xDA,
    0x28, 0x60, 0x94, 0xE5, 0x00, 0x00, 0x56, 0xE3, 0x3B, 0x00, 0x00, 0x0A, 0x01, 0x0A, 0x13, 0xE3,
    0x00, 0x30, 0xA0, 0xE3, 0x00, 0x20, 0x97, 0xE5, 0x00, 0x30, 0x87, 0xE5, 0x02, 0x80, 0xA0, 0xE1,
    0xD0, 0x25, 0xC4, 0x11, 0x0D, 0x00, 0x00, 0x1A, 0x01, 0x30, 0xA0, 0xE3, 0x00, 0x20, 0xA0, 0xE3,
    0x1C, 0x10, 0x94, 0xE5, 0x07, 0x00, 0xA0, 0xE1, 0x00, 0x30, 0x8D, 0xE5, 0x00, 0x30, 0xA0, 0xE3,
    0x36, 0xFF, 0x2F, 0xE1, 0x01, 0x00, 0x71, 0xE3, 0x01, 0x00, 0x70, 0x03, 0x00, 0x20, 0xA0, 0xE1,
    0x01, 0x30, 0xA0, 0xE1, 0x5F, 0x00, 0x00, 0x0A, 0xFC, 0x10, 0xD4, 0xE1, 0x28, 0x60, 0x94, 0xE5,
    0x04, 0x00, 0x11, 0xE3, 0x08, 0x00, 0x00, 0x0A, 0x04, 0x10, 0x94, 0xE5, 0x01, 0x20, 0x52, 0xE0,
    0xC1, 0x3F, 0xC3, 0xE0, 0x30, 0x10, 0x94, 0xE5, 0x00, 0x00, 0x51, 0xE3, 0x02, 0x00, 0x00, 0x0A,
    0x3C, 0x10, 0x94, 0xE5, 0x01, 0x20, 0x52, 0xE0, 0xC1, 0x3F, 0xC3, 0xE0, 0x00, 0x50, 0xA0, 0xE3,
    0x1C, 0x10, 0x94, 0xE5, 0x07, 0x00, 0xA0, 0xE1, 0x00, 0x50, 0x8D, 0xE5, 0x36, 0xFF, 0x2F, 0xE1,
    0x01, 0x00, 0x71, 0xE3, 0x01, 0x00, 0x70, 0x03, 0xFC, 0x30, 0xD4, 0xE1, 0x37, 0x00, 0x00, 0x0A,
    0x01, 0x0A, 0x13, 0xE3, 0x02, 0x3B, 0xC3, 0xE3, 0xBC, 0x30, 0xC4, 0xE1, 0x10, 0x30, 0x94, 0xE5,
    0x04, 0x50, 0x84, 0xE5, 0x00, 0x30, 0x84, 0xE5, 0x00, 0x00, 0x00, 0x0A, 0xF0, 0x05, 0xC4, 0xE1,
    0x30, 0x10, 0x94, 0xE5, 0x00, 0x80, 0x87, 0xE5, 0x00, 0x00, 0x51, 0xE3, 0x06, 0x00, 0x00, 0x0A,
    0x40, 0x30, 0x84, 0xE2, 0x03, 0x00, 0x51, 0xE1, 0x01, 0x00, 0x00, 0x0A, 0x07, 0x00, 0xA0, 0xE1,
    0xC2, 0x02, 0x00, 0xEB, 0x00, 0x30, 0xA0, 0xE3, 0x30, 0x30, 0x84, 0xE5, 0x00, 0x00, 0xA0, 0xE3,
    0x08, 0xD0, 0x8D, 0xE2, 0xF0, 0x81, 0xBD, 0xE8, 0x10, 0x60, 0x91, 0xE5, 0x00, 0x00, 0x56, 0xE3,
    0xF9, 0xFF, 0xFF, 0x0A, 0x03, 0x00, 0x13, 0xE3, 0x00, 0x30, 0xA0, 0x13, 0x00, 0x50, 0x91, 0xE5,
    0x14, 0x30, 0x91, 0x05, 0x06, 0x50, 0x45, 0xE0, 0x00, 0x00, 0x55, 0xE3, 0x00, 0x60, 0x81, 0xE5,
    0x08, 0x30, 0x81, 0xE5, 0x03, 0x00, 0x00, 0x1A, 0xEF, 0xFF, 0xFF, 0xEA, 0x00, 0x50, 0x55, 0xE0,
    0x00, 0x60, 0x86, 0xE0, 0xEC, 0xFF, 0xFF, 0x0A, 0x05, 0x30, 0xA0, 0xE1, 0x06, 0x20, 0xA0, 0xE1,
    0x07, 0x00, 0xA0, 0xE1, 0x1C, 0x10, 0x94, 0xE5, 0x24, 0xC0, 0x94, 0xE5, 0x3C, 0xFF, 0x2F, 0xE1,
    0x00, 0x00, 0x50, 0xE3, 0xF4, 0xFF, 0xFF, 0xCA, 0xBC, 0x30, 0xD4, 0xE1, 0x00, 0x00, 0xE0, 0xE3,
    0x40, 0x30, 0x83, 0xE3, 0xBC, 0x30, 0xC4, 0xE1, 0x08, 0xD0, 0x8D, 0xE2, 0xF0, 0x81, 0xBD, 0xE8,
    0x3C, 0x20, 0x94, 0xE5, 0x00, 0x00, 0x52, 0xE3, 0x9C, 0xFF, 0xFF, 0xCA, 0xDA, 0xFF, 0xFF, 0xEA,
    0x00, 0xC0, 0x97, 0xE5, 0x1D, 0x00, 0x5C, 0xE3, 0xF3, 0xFF, 0xFF, 0x8A, 0x54, 0x20, 0x9F, 0xE5,
    0x32, 0x2C, 0xA0, 0xE1, 0x01, 0x00, 0x12, 0xE3, 0xEF, 0xFF, 0xFF, 0x0A, 0x01, 0x0A, 0x13, 0xE3,
    0x02, 0x3B, 0xC3, 0xE3, 0xBC, 0x30, 0xC4, 0xE1, 0x10, 0x30, 0x94, 0xE5, 0x04, 0x50, 0x84, 0xE5,
    0x00, 0x30, 0x84, 0xE5, 0xC1, 0xFF, 0xFF, 0x0A, 0x00, 0x30, 0x97, 0xE5, 0x05, 0x00, 0x53, 0xE1,
    0xBE, 0xFF, 0xFF, 0x1A, 0xBC, 0xFF, 0xFF, 0xEA, 0x00, 0x10, 0x97, 0xE5, 0x00, 0x00, 0x51, 0xE3,
    0x9C, 0xFF, 0xFF, 0x0A, 0x16, 0x00, 0x51, 0xE3, 0x1D, 0x00, 0x51, 0x13, 0x00, 0x80, 0x87, 0x05,
    0xC1, 0xFF, 0xFF, 0x0A, 0xDB, 0xFF, 0xFF, 0xEA, 0x01, 0x00, 0x40, 0x20, 0x04, 0xE0, 0x2D, 0xE5,
    0x00, 0x30, 0x50, 0xE2, 0x0C, 0xD0, 0x4D, 0xE2, 0x02, 0x00, 0x00, 0x0A, 0x34, 0x20, 0x93, 0xE5,
    0x00, 0x00, 0x52, 0xE3, 0x23, 0x00, 0x00, 0x0A, 0xFC, 0x00, 0xD1, 0xE1, 0x00, 0x00, 0x50, 0xE3,
    0x00, 0x30, 0xA0, 0x01, 0x0F, 0x00, 0x00, 0x0A, 0x70, 0x20, 0x91, 0xE5, 0x01, 0x00, 0x12, 0xE3,
    0x01, 0x00, 0x00, 0x1A, 0x02, 0x0C, 0x10, 0xE3, 0x0D, 0x00, 0x00, 0x0A, 0x03, 0x00, 0xA0, 0xE1,
    0x00, 0x10, 0x8D, 0xE5, 0x61, 0xFF, 0xFF, 0xEB, 0x00, 0x10, 0x9D, 0xE5, 0x00, 0x30, 0xA0, 0xE1,
    0x70, 0x20, 0x91, 0xE5, 0x01, 0x00, 0x12, 0xE3, 0x02, 0x00, 0x00, 0x1A, 0xBC, 0x20, 0xD1, 0xE1,
    0x02, 0x0C, 0x12, 0xE3, 0x08, 0x00, 0x00, 0x0A, 0x03, 0x00, 0xA0, 0xE1, 0x0C, 0xD0, 0x8D, 0xE2,
    0x04, 0xF0, 0x9D, 0xE4, 0x5C, 0x00, 0x81, 0xE2, 0x04, 0x30, 0x8D, 0xE5, 0x00, 0x10, 0x8D, 0xE5,
    0x82, 0x30, 0x00, 0xEB, 0x0A, 0x00, 0x9D, 0xE8, 0xEB, 0xFF, 0xFF, 0xEA, 0x00, 0x00, 0x8D, 0xE5,
    0x5C, 0x00, 0x81, 0xE2, 0x84, 0x30, 0x00, 0xEB, 0x00, 0x30, 0x9D, 0xE5, 0x03, 0x00, 0xA0, 0xE1,
    0x0C, 0xD0, 0x8D, 0xE2, 0x04, 0xF0, 0x9D, 0xE4, 0x04, 0x10, 0x8D, 0xE5, 0x00, 0x30, 0x8D, 0xE5,
    0x2F, 0x04, 0x00, 0xEB, 0x04, 0x10, 0x9D, 0xE5, 0x00, 0x30, 0x9D, 0xE5, 0xD5, 0xFF, 0xFF, 0xEA,
    0xF0, 0x47, 0x2D, 0xE9, 0x0B, 0x30, 0x81, 0xE2, 0x16, 0x00, 0x53, 0xE3, 0x00, 0x80, 0xA0, 0xE1,
    0x10, 0xD0, 0x4D, 0xE2, 0x21, 0x00, 0x00, 0x8A, 0x10, 0x00, 0x51, 0xE3, 0x19, 0x00, 0x00, 0x8A,
    0xEB, 0x04, 0x00, 0xEB, 0x10, 0x40, 0xA0, 0xE3, 0x18, 0x20, 0xA0, 0xE3, 0x02, 0xC0, 0xA0, 0xE3,
    0xD4, 0x57, 0x9F, 0xE5, 0x02, 0x20, 0x85, 0xE0, 0x04, 0x60, 0x92, 0xE5, 0x08, 0x10, 0x42, 0xE2,
    0x01, 0x00, 0x56, 0xE1, 0x07, 0x01, 0x00, 0x0A, 0x04, 0x20, 0x96, 0xE5, 0x0C, 0x10, 0x96, 0xE5,
    0x03, 0x20, 0xC2, 0xE3, 0x08, 0xC0, 0x96, 0xE5, 0x02, 0x20, 0x86, 0xE0, 0x0C, 0x10, 0x8C, 0xE5,
    0x08, 0xC0, 0x81, 0xE5, 0x04, 0x10, 0x92, 0xE5, 0x08, 0x00, 0xA0, 0xE1, 0x01, 0x10, 0x81, 0xE3,
    0x04, 0x10, 0x82, 0xE5, 0x08, 0x40, 0x86, 0xE2, 0xD8, 0x04, 0x00, 0xEB, 0x04, 0x00, 0xA0, 0xE1,
    0x10, 0xD0, 0x8D, 0xE2, 0xF0, 0x87, 0xBD, 0xE8, 0x0C, 0x30, 0xA0, 0xE3, 0x00, 0x30, 0x88, 0xE5,
    0x00, 0x40, 0xA0, 0xE3, 0x04, 0x00, 0xA0, 0xE1, 0x10, 0xD0, 0x8D, 0xE2, 0xF0, 0x87, 0xBD, 0xE8,
    0x07, 0x40, 0xC3, 0xE3, 0x04, 0x00, 0x51, 0xE1, 0x00, 0x10, 0xA0, 0x93, 0x01, 0x10, 0xA0, 0x83,
    0xA3, 0x1F, 0x91, 0xE1, 0xF3, 0xFF, 0xFF, 0x1A, 0xC5, 0x04, 0x00, 0xEB, 0x7E, 0x0F, 0x54, 0xE3,
    0x32, 0x01, 0x00, 0x3A, 0xA4, 0xE4, 0xB0, 0xE1, 0x5E, 0x00, 0x00, 0x0A, 0x04, 0x00, 0x5E, 0xE3,
    0x05, 0x01, 0x00, 0x8A, 0x24, 0xE3, 0xA0, 0xE1, 0x39, 0xC0, 0x8E, 0xE2, 0x7C, 0x00, 0xBF, 0xE6,
    0x38, 0xE0, 0x8E, 0xE2, 0x80, 0x01, 0xA0, 0xE1, 0x1C, 0x57, 0x9F, 0xE5, 0x00, 0x00, 0x85, 0xE0,
    0x04, 0x60, 0x90, 0xE5, 0x08, 0x00, 0x40, 0xE2, 0x06, 0x00, 0x50, 0xE1, 0x06, 0x00, 0x00, 0x1A,
    0x0B, 0x00, 0x00, 0xEA, 0x00, 0x00, 0x51, 0xE3, 0x0C, 0x10, 0x96, 0xE5, 0xD0, 0xFF, 0xFF, 0xAA,
    0x01, 0x00, 0x50, 0xE1, 0x06, 0x00, 0x00, 0x0A, 0x01, 0x60, 0xA0, 0xE1, 0x04, 0x20, 0x96, 0xE5,
    0x03, 0x20, 0xC2, 0xE3, 0x04, 0x10, 0x42, 0xE0, 0x0F, 0x00, 0x51, 0xE3, 0xF4, 0xFF, 0xFF, 0xDA,
    0x0E, 0xC0, 0xA0, 0xE1, 0x10, 0x30, 0x95, 0xE5, 0xD0, 0x26, 0x9F, 0xE5, 0x02, 0x00, 0x53, 0xE1,
    0x04, 0xE0, 0x95, 0x05, 0x19, 0x00, 0x00, 0x0A, 0x04, 0x20, 0x93, 0xE5, 0x03, 0x20, 0xC2, 0xE3,
    0x04, 0x10, 0x42, 0xE0, 0x0F, 0x00, 0x51, 0xE3, 0x1B, 0x01, 0x00, 0xCA, 0x00, 0x00, 0x51, 0xE3,
    0xA8, 0x16, 0x9F, 0xE5, 0x10, 0x10, 0x85, 0xE5, 0x14, 0x10, 0x85, 0xE5, 0x0C, 0x01, 0x00, 0xAA,
    0x02, 0x0C, 0x52, 0xE3, 0x04, 0xE0, 0x95, 0xE5, 0xBF, 0x00, 0x00, 0x2A, 0x01, 0x00, 0xA0, 0xE3,
    0xA2, 0x11, 0x80, 0xE0, 0x71, 0x10, 0xBF, 0xE6, 0xA2, 0x22, 0xA0, 0xE1, 0x10, 0xE2, 0x8E, 0xE1,
    0x81, 0x01, 0x95, 0xE7, 0x81, 0x21, 0x85, 0xE0, 0x08, 0x20, 0x42, 0xE2, 0x08, 0x00, 0x83, 0xE5,
    0x0C, 0x20, 0x83, 0xE5, 0x04, 0xE0, 0x85, 0xE5, 0x81, 0x31, 0x85, 0xE7, 0x0C, 0x30, 0x80, 0xE5,
    0x01, 0x00, 0xA0, 0xE3, 0x4C, 0x31, 0xA0, 0xE1, 0x10, 0x03, 0xA0, 0xE1, 0x0E, 0x00, 0x50, 0xE1,
    0x24, 0x00, 0x00, 0x8A, 0x0E, 0x00, 0x10, 0xE1, 0x08, 0x00, 0x00, 0x1A, 0x80, 0x00, 0xA0, 0xE1,
    0x03, 0xC0, 0xCC, 0xE3, 0x0E, 0x00, 0x10, 0xE1, 0x04, 0xC0, 0x8C, 0xE2, 0x03, 0x00, 0x00, 0x1A,
    0x80, 0x00, 0xA0, 0xE1, 0x0E, 0x00, 0x10, 0xE1, 0x04, 0xC0, 0x8C, 0xE2, 0xFB, 0xFF, 0xFF, 0x0A,
    0x0C, 0x70, 0xA0, 0xE1, 0x8C, 0x91, 0x85, 0xE0, 0x8C, 0x61, 0x85, 0xE0, 0x0C, 0x20, 0x96, 0xE5,
    0x08, 0x00, 0x00, 0xEA, 0x04, 0x10, 0x92, 0xE5, 0x02, 0x30, 0xA0, 0xE1, 0x03, 0x10, 0xC1, 0xE3,
    0x04, 0xE0, 0x41, 0xE0, 0x0F, 0x00, 0x5E, 0xE3, 0x0C, 0x20, 0x92, 0xE5, 0xBC, 0x00, 0x00, 0xCA,
    0x00, 0x00, 0x5E, 0xE3, 0xCE, 0x00, 0x00, 0xAA, 0x02, 0x00, 0x56, 0xE1, 0xF4, 0xFF, 0xFF, 0x1A,
    0x01, 0x30, 0x87, 0xE2, 0x03, 0x00, 0x13, 0xE3, 0x03, 0x70, 0xA0, 0xE1, 0x08, 0x60, 0x86, 0xE2,
    0xED, 0xFF, 0xFF, 0x1A, 0x07, 0x01, 0x00, 0xEA, 0x02, 0x0C, 0xA0, 0xE3, 0x40, 0xC0, 0xA0, 0xE3,
    0x3F, 0xE0, 0xA0, 0xE3, 0xA3, 0xFF, 0xFF, 0xEA, 0x08, 0x30, 0x95, 0xE5, 0x04, 0x20, 0x93, 0xE5,
    0x03, 0x00, 0xC2, 0xE3, 0x04, 0x20, 0x40, 0xE0, 0x0F, 0x00, 0x52, 0xE3, 0x00, 0x10, 0xA0, 0xC3,
    0x01, 0x10, 0xA0, 0xD3, 0x04, 0x00, 0x50, 0xE1, 0x01, 0x10, 0x81, 0x33, 0x00, 0x00, 0x51, 0xE3,
    0x00, 0x90, 0xA0, 0xE1, 0x69, 0x00, 0x00, 0x0A, 0x84, 0x25, 0x9F, 0xE5, 0x84, 0x15, 0x9F, 0xE5,
    0x08, 0x00, 0xA0, 0xE1, 0x00, 0x60, 0x91, 0xE5, 0x00, 0x10, 0x92, 0xE5, 0x06, 0x60, 0x84, 0xE0,
    0x01, 0x00, 0x71, 0xE3, 0x01, 0x6A, 0x86, 0x12, 0x0F, 0x60, 0x86, 0x12, 0xFF, 0x7E, 0xC6, 0x13,
    0x10, 0x70, 0x86, 0x02, 0x0F, 0x70, 0xC7, 0x13, 0x07, 0x10, 0xA0, 0xE1, 0x04, 0x30, 0x8D, 0xE5,
    0x96, 0x2F, 0x00, 0xEB, 0x01, 0x00, 0x70, 0xE3, 0x00, 0x60, 0xA0, 0xE1, 0x04, 0x30, 0x9D, 0xE5,
    0x3C, 0x25, 0x9F, 0xE5, 0xD5, 0x00, 0x00, 0x0A, 0x09, 0x00, 0x83, 0xE0, 0x06, 0x00, 0x50, 0xE1,
    0xD0, 0x00, 0x00, 0x8A, 0x30, 0xC5, 0x9F, 0xE5, 0x00, 0x10, 0x9C, 0xE5, 0x0C, 0xA0, 0xA0, 0xE1,
    0x01, 0x10, 0x87, 0xE0, 0x00, 0x10, 0x8C, 0xE5, 0x15, 0x01, 0x00, 0x0A, 0x00, 0xC0, 0x92, 0xE5,
    0x0C, 0x30, 0x8D, 0xE5, 0x01, 0x00, 0x7C, 0xE3, 0x00, 0x20, 0x46, 0x10, 0x01, 0x20, 0x82, 0x10,
    0x00, 0x60, 0x82, 0x05, 0x00, 0x20, 0x8A, 0x15, 0x07, 0x20, 0x16, 0xE2, 0xE7, 0x00, 0x00, 0x0A,
    0x07, 0x10, 0xC6, 0xE3, 0x08, 0x60, 0x81, 0xE2, 0x01, 0x1A, 0x62, 0xE2, 0x07, 0x70, 0x86, 0xE0,
    0x08, 0x10, 0x81, 0xE2, 0x07, 0x10, 0x41, 0xE0, 0x01, 0x1A, 0xA0, 0xE1, 0x21, 0x1A, 0xA0, 0xE1,
    0x08, 0x00, 0xA0, 0xE1, 0x08, 0x20, 0x8D, 0xE5, 0x04, 0x10, 0x8D, 0xE5, 0x73, 0x2F, 0x00, 0xEB,
    0x08, 0x20, 0x9D, 0xE5, 0x01, 0x00, 0x70, 0xE3, 0x08, 0xC0, 0x42, 0xE2, 0x04, 0x10, 0x9D, 0xE5,
    0x0C, 0x20, 0x87, 0x00, 0x00, 0x20, 0xA0, 0x11, 0x00, 0x10, 0xA0, 0x03, 0x0C, 0x30, 0x9D, 0xE5,
    0x00, 0x00, 0x9A, 0xE5, 0x06, 0x20, 0x42, 0xE0, 0x01, 0x20, 0x82, 0xE0, 0x01, 0x20, 0x82, 0xE3,
    0x00, 0x10, 0x81, 0xE0, 0x05, 0x00, 0x53, 0xE1, 0x08, 0x60, 0x85, 0xE5, 0x00, 0x10, 0x8A, 0xE5,
    0x04, 0x20, 0x86, 0xE5, 0x10, 0x00, 0x00, 0x0A, 0x0F, 0x00, 0x59, 0xE3, 0x01, 0x30, 0xA0, 0x93,
    0x04, 0x30, 0x86, 0x95, 0x1E, 0x00, 0x00, 0x9A, 0x05, 0xC0, 0xA0, 0xE3, 0x04, 0x00, 0x93, 0xE5,
    0x0C, 0x20, 0x49, 0xE2, 0x07, 0x20, 0xC2, 0xE3, 0x01, 0x00, 0x00, 0xE2, 0x02, 0x00, 0x80, 0xE1,
    0x0F, 0x00, 0x52, 0xE3, 0x02, 0x20, 0x83, 0xE0, 0x04, 0x00, 0x83, 0xE5, 0x04, 0xC0, 0x82, 0xE5,
    0x08, 0xC0, 0x82, 0xE5, 0xF7, 0x00, 0x00, 0x8A, 0x04, 0x20, 0x96, 0xE5, 0x3C, 0x34, 0x9F, 0xE5,
    0x00, 0x00, 0x93, 0xE5, 0x01, 0x00, 0x50, 0xE1, 0x00, 0x10, 0x83, 0x35, 0x30, 0x34, 0x9F, 0xE5,
    0x00, 0x00, 0x93, 0xE5, 0x01, 0x00, 0x50, 0xE1, 0x00, 0x10, 0x83, 0x35, 0x06, 0x30, 0xA0, 0xE1,
    0x03, 0x10, 0xC2, 0xE3, 0x04, 0x20, 0x41, 0xE0, 0x0F, 0x00, 0x52, 0xE3, 0x00, 0x00, 0xA0, 0xC3,
    0x01, 0x00, 0xA0, 0xD3, 0x04, 0x00, 0x51, 0xE1, 0x01, 0x00, 0x80, 0x33, 0x00, 0x00, 0x50, 0xE3,
    0x02, 0x00, 0x00, 0x0A, 0x08, 0x00, 0xA0, 0xE1, 0xEC, 0x03, 0x00, 0xEB, 0x17, 0xFF, 0xFF, 0xEA,
    0x04, 0x10, 0x83, 0xE0, 0x01, 0x20, 0x82, 0xE3, 0x01, 0x40, 0x84, 0xE3, 0x04, 0x40, 0x83, 0xE5,
    0x08, 0x00, 0xA0, 0xE1, 0x08, 0x10, 0x85, 0xE5, 0x04, 0x20, 0x81, 0xE5, 0x04, 0x30, 0x8D, 0xE5,
    0xE2, 0x03, 0x00, 0xEB, 0x04, 0x30, 0x9D, 0xE5, 0x08, 0x40, 0x83, 0xE2, 0x04, 0x00, 0xA0, 0xE1,
    0x10, 0xD0, 0x8D, 0xE2, 0xF0, 0x87, 0xBD, 0xE8, 0x0C, 0x60, 0x92, 0xE5, 0x06, 0x00, 0x52, 0xE1,
    0x02, 0xC0, 0x8C, 0x02, 0x2E, 0xFF, 0xFF, 0x0A, 0xF2, 0xFE, 0xFF, 0xEA, 0x0A, 0x0C, 0x52, 0xE3,
    0xA2, 0x04, 0xA0, 0xE1, 0x61, 0x00, 0x00, 0x3A, 0x14, 0x00, 0x50, 0xE3, 0x9A, 0x00, 0x00, 0x8A,
    0x5C, 0x60, 0x80, 0xE2, 0x76, 0x60, 0xBF, 0xE6, 0x5B, 0x00, 0x80, 0xE2, 0x86, 0x61, 0xA0, 0xE1,
    0x06, 0x10, 0x95, 0xE7, 0x06, 0x60, 0x85, 0xE0, 0x08, 0x60, 0x46, 0xE2, 0x01, 0x00, 0x56, 0xE1,
    0x03, 0x00, 0x00, 0x1A, 0x7C, 0x00, 0x00, 0xEA, 0x08, 0x10, 0x91, 0xE5, 0x01, 0x00, 0x56, 0xE1,
    0x03, 0x00, 0x00, 0x0A, 0x04, 0x00, 0x91, 0xE5, 0x03, 0x00, 0xC0, 0xE3, 0x02, 0x00, 0x50, 0xE1,
    0xF8, 0xFF, 0xFF, 0x8A, 0x0C, 0x60, 0x91, 0xE5, 0x0C, 0x60, 0x83, 0xE5, 0x08, 0x10, 0x83, 0xE5,
    0x08, 0x30, 0x86, 0xE5, 0x0C, 0x30, 0x81, 0xE5, 0x30, 0xFF, 0xFF, 0xEA, 0x14, 0x00, 0x5E, 0xE3,
    0x51, 0x00, 0x00, 0x9A, 0x54, 0x00, 0x5E, 0xE3, 0x87, 0x00, 0x00, 0x8A, 0x24, 0xE6, 0xA0, 0xE1,
    0x6F, 0xC0, 0x8E, 0xE2, 0x7C, 0x00, 0xBF, 0xE6, 0x6E, 0xE0, 0x8E, 0xE2, 0x80, 0x01, 0xA0, 0xE1,
    0xF4, 0xFE, 0xFF, 0xEA, 0x08, 0x60, 0x93, 0xE5, 0x04, 0xC0, 0x83, 0xE0, 0x01, 0x40, 0x84, 0xE3,
    0x04, 0x40, 0x83, 0xE5, 0x0C, 0x20, 0x86, 0xE5, 0x08, 0x60, 0x82, 0xE5, 0xDC, 0x22, 0x9F, 0xE5,
    0x10, 0xC0, 0x85, 0xE5, 0x14, 0xC0, 0x85, 0xE5, 0x08, 0x20, 0x8C, 0xE5, 0x0C, 0x20, 0x8C, 0xE5,
    0x01, 0x20, 0x8E, 0xE3, 0x04, 0x20, 0x8C, 0xE5, 0x08, 0x00, 0xA0, 0xE1, 0x01, 0xE0, 0x83, 0xE7,
    0x04, 0x30, 0x8D, 0xE5, 0xA1, 0x03, 0x00, 0xEB, 0x04, 0x30, 0x9D, 0xE5, 0x08, 0x40, 0x83, 0xE2,
    0xCB, 0xFE, 0xFF, 0xEA, 0x03, 0x40, 0xA0, 0xE1, 0x01, 0x10, 0x83, 0xE0, 0x04, 0xC0, 0x91, 0xE5,
    0x08, 0x00, 0xA0, 0xE1, 0x01, 0xC0, 0x8C, 0xE3, 0x04, 0xC0, 0x81, 0xE5, 0x08, 0x10, 0xB4, 0xE5,
    0x0C, 0x20, 0x81, 0xE5, 0x08, 0x10, 0x82, 0xE5, 0x94, 0x03, 0x00, 0xEB, 0xC0, 0xFE, 0xFF, 0xEA,
    0xA4, 0xC1, 0xA0, 0xE1, 0x01, 0x20, 0x8C, 0xE2, 0x72, 0x20, 0xBF, 0xE6, 0x82, 0x21, 0xA0, 0xE1,
    0xA2, 0xFE, 0xFF, 0xEA, 0x02, 0x20, 0x83, 0xE0, 0x04, 0x10, 0x92, 0xE5, 0x08, 0x00, 0xA0, 0xE1,
    0x01, 0x10, 0x81, 0xE3, 0x04, 0x10, 0x82, 0xE5, 0x04, 0x30, 0x8D, 0xE5, 0x87, 0x03, 0x00, 0xEB,
    0x04, 0x30, 0x9D, 0xE5, 0x08, 0x40, 0x83, 0xE2, 0xB1, 0xFE, 0xFF, 0xEA, 0x3C, 0xE2, 0x9F, 0xE5,
    0x04, 0xC0, 0x83, 0xE0, 0x01, 0x40, 0x84, 0xE3, 0x04, 0x40, 0x83, 0xE5, 0x10, 0xC0, 0x85, 0xE5,
    0x14, 0xC0, 0x85, 0xE5, 0x08, 0xE0, 0x8C, 0xE5, 0x0C, 0xE0, 0x8C, 0xE5, 0x01, 0xE0, 0x81, 0xE3,
    0x04, 0xE0, 0x8C, 0xE5, 0x08, 0x00, 0xA0, 0xE1, 0x02, 0x10, 0x83, 0xE7, 0x04, 0x30, 0x8D, 0xE5,
    0x76, 0x03, 0x00, 0xEB, 0x04, 0x30, 0x9D, 0xE5, 0x08, 0x40, 0x83, 0xE2, 0xA0, 0xFE, 0xFF, 0xEA,
    0x22, 0x03, 0xA0, 0xE1, 0x39, 0x60, 0x80, 0xE2, 0x76, 0x60, 0xBF, 0xE6, 0x38, 0x00, 0x80, 0xE2,
    0x86, 0x61, 0xA0, 0xE1, 0x9D, 0xFF, 0xFF, 0xEA, 0x05, 0x00, 0x53, 0xE1, 0x42, 0x00, 0x00, 0x0A,
    0x08, 0x30, 0x95, 0xE5, 0x04, 0x20, 0x93, 0xE5, 0x70, 0xFF, 0xFF, 0xEA, 0x5C, 0xC0, 0x8E, 0xE2,
    0x7C, 0x00, 0xBF, 0xE6, 0x5B, 0xE0, 0x8E, 0xE2, 0x80, 0x01, 0xA0, 0xE1, 0xA5, 0xFE, 0xFF, 0xEA,
    0x09, 0x20, 0xA0, 0xE1, 0x08, 0x30, 0x12, 0xE4, 0x01, 0xC0, 0x4C, 0xE2, 0x02, 0x00, 0x53, 0xE1,
    0x02, 0x90, 0xA0, 0xE1, 0x66, 0x00, 0x00, 0x1A, 0x03, 0x00, 0x1C, 0xE3, 0xF7, 0xFF, 0xFF, 0x1A,
    0x04, 0x30, 0x95, 0xE5, 0x00, 0x30, 0xC3, 0xE1, 0x04, 0x30, 0x85, 0xE5, 0x80, 0x00, 0xA0, 0xE1,
    0x01, 0x20, 0x40, 0xE2, 0x03, 0x00, 0x52, 0xE1, 0xF2, 0xFE, 0xFF, 0x2A, 0x03, 0x00, 0x10, 0xE1,
    0x03, 0x00, 0x00, 0x1A, 0x80, 0x00, 0xA0, 0xE1, 0x03, 0x00, 0x10, 0xE1, 0x04, 0x70, 0x87, 0xE2,
    0xFB, 0xFF, 0xFF, 0x0A, 0x07, 0xC0, 0xA0, 0xE1, 0xD0, 0xFE, 0xFF, 0xEA, 0x01, 0x20, 0xA0, 0xE3,
    0x40, 0x01, 0xA0, 0xE1, 0x12, 0xE0, 0x8E, 0xE1, 0x04, 0xE0, 0x85, 0xE5, 0x85, 0xFF, 0xFF, 0xEA,
    0x07, 0x20, 0x86, 0xE0, 0x00, 0x10, 0x62, 0xE2, 0x01, 0x1A, 0xA0, 0xE1, 0x21, 0x1A, 0xA0, 0xE1,
    0x08, 0x00, 0xA0, 0xE1, 0x08, 0x20, 0x8D, 0xE5, 0x04, 0x10, 0x8D, 0xE5, 0x8F, 0x2E, 0x00, 0xEB,
    0x01, 0x00, 0x70, 0xE3, 0x08, 0x20, 0x9D, 0xE5, 0x04, 0x10, 0x9D, 0xE5, 0x00, 0x20, 0xA0, 0x11,
    0x00, 0x10, 0xA0, 0x03, 0x0C, 0x30, 0x9D, 0xE5, 0x1C, 0xFF, 0xFF, 0xEA, 0x54, 0x00, 0x50, 0xE3,
    0x1C, 0x00, 0x00, 0x8A, 0x22, 0x06, 0xA0, 0xE1, 0x6F, 0x60, 0x80, 0xE2, 0x76, 0x60, 0xBF, 0xE6,
    0x6E, 0x00, 0x80, 0xE2, 0x86, 0x61, 0xA0, 0xE1, 0x60, 0xFF, 0xFF, 0xEA, 0x55, 0x0F, 0x5E, 0xE3,
    0x1C, 0x00, 0x00, 0x8A, 0xA4, 0xE7, 0xA0, 0xE1, 0x78, 0xC0, 0x8E, 0xE2, 0x7C, 0x00, 0xBF, 0xE6,
    0x77, 0xE0, 0x8E, 0xE2, 0x80, 0x01, 0xA0, 0xE1, 0x6A, 0xFE, 0xFF, 0xEA, 0xD8, 0xC0, 0x9F, 0xE5,
    0x00, 0x10, 0x9C, 0xE5, 0x0C, 0xA0, 0xA0, 0xE1, 0x01, 0x10, 0x87, 0xE0, 0x00, 0x10, 0x8C, 0xE5,
    0xE9, 0xFE, 0xFF, 0xEA, 0x06, 0xCA, 0xA0, 0xE1, 0x2C, 0xCA, 0xA0, 0xE1, 0x00, 0x00, 0x5C, 0xE3,
    0xE5, 0xFE, 0xFF, 0x1A, 0x08, 0x60, 0x95, 0xE5, 0x07, 0x20, 0x89, 0xE0, 0x01, 0x20, 0x82, 0xE3,
    0x04, 0x20, 0x86, 0xE5, 0x18, 0xFF, 0xFF, 0xEA, 0x55, 0x0F, 0x50, 0xE3, 0x13, 0x00, 0x00, 0x8A,
    0xA2, 0x07, 0xA0, 0xE1, 0x78, 0x60, 0x80, 0xE2, 0x76, 0x60, 0xBF, 0xE6, 0x77, 0x00, 0x80, 0xE2,
    0x86, 0x61, 0xA0, 0xE1, 0x41, 0xFF, 0xFF, 0xEA, 0x88, 0x30, 0x9F, 0xE5, 0x03, 0x00, 0x5E, 0xE1,
    0x13, 0x00, 0x00, 0x8A, 0x24, 0x39, 0xA0, 0xE1, 0x7D, 0xC0, 0x83, 0xE2, 0x7C, 0xE0, 0x83, 0xE2,
    0x8C, 0x01, 0xA0, 0xE1, 0x4B, 0xFE, 0xFF, 0xEA, 0x08, 0x10, 0x83, 0xE2, 0x08, 0x00, 0xA0, 0xE1,
    0x5E, 0x00, 0x00, 0xEB, 0x08, 0x60, 0x95, 0xE5, 0x00, 0x10, 0x9A, 0xE5, 0x01, 0xFF, 0xFF, 0xEA,
    0x50, 0x10, 0x9F, 0xE5, 0x01, 0x00, 0x50, 0xE1, 0x22, 0x09, 0xA0, 0x91, 0x7D, 0x60, 0x80, 0x92,
    0xFE, 0x6F, 0xA0, 0x83, 0x7E, 0x00, 0xA0, 0x83, 0x7C, 0x00, 0x80, 0x92, 0x86, 0x61, 0xA0, 0x91,
    0x2A, 0xFF, 0xFF, 0xEA, 0xFE, 0x0F, 0xA0, 0xE3, 0x7F, 0xC0, 0xA0, 0xE3, 0x7E, 0xE0, 0xA0, 0xE3,
    0x38, 0xFE, 0xFF, 0xEA, 0x04, 0x30, 0x95, 0xE5, 0x9B, 0xFF, 0xFF, 0xEA, 0x70, 0xA2, 0x11, 0x00,
    0x78, 0xA2, 0x11, 0x00, 0x68, 0xA2, 0x11, 0x00, 0x30, 0xDA, 0x11, 0x00, 0x00, 0xDA, 0x11, 0x00,
    0x2C, 0xDA, 0x11, 0x00, 0x28, 0xDA, 0x11, 0x00, 0x54, 0x05, 0x00, 0x00, 0x70, 0x40, 0x2D, 0xE9,
    0xFC, 0x60, 0x9F, 0xE5, 0x08, 0xD0, 0x4D, 0xE2, 0x04, 0x10, 0x8D, 0xE5, 0x00, 0x50, 0xA0, 0xE1,
    0xE3, 0x02, 0x00, 0xEB, 0x08, 0x30, 0x96, 0xE5, 0x04, 0x10, 0x9D, 0xE5, 0x04, 0x40, 0x93, 0xE5,
    0x03, 0x40, 0xC4, 0xE3, 0xFE, 0x3E, 0x84, 0xE2, 0x0F, 0x30, 0x83, 0xE2, 0x01, 0x30, 0x43, 0xE0,
    0xFF, 0x3E, 0xC3, 0xE3, 0x0F, 0x30, 0xC3, 0xE3, 0x01, 0x3A, 0x43, 0xE2, 0x01, 0x0A, 0x53, 0xE3,
    0x07, 0x00, 0x00, 0xBA, 0x00, 0x10, 0xA0, 0xE3, 0x05, 0x00, 0xA0, 0xE1, 0x04, 0x30, 0x8D, 0xE5,
    0x26, 0x2E, 0x00, 0xEB, 0x08, 0x20, 0x96, 0xE5, 0x04, 0x20, 0x82, 0xE0, 0x02, 0x00, 0x50, 0xE1,
    0x04, 0x00, 0x00, 0x0A, 0x05, 0x00, 0xA0, 0xE1, 0xD0, 0x02, 0x00, 0xEB, 0x00, 0x00, 0xA0, 0xE3,
    0x08, 0xD0, 0x8D, 0xE2, 0x70, 0x80, 0xBD, 0xE8, 0x04, 0x30, 0x9D, 0xE5, 0x05, 0x00, 0xA0, 0xE1,
    0x00, 0x10, 0x63, 0xE2, 0x19, 0x2E, 0x00, 0xEB, 0x01, 0x00, 0x70, 0xE3, 0x04, 0x30, 0x9D, 0xE5,
    0x0C, 0x00, 0x00, 0x0A, 0x6C, 0x10, 0x9F, 0xE5, 0x08, 0x20, 0x96, 0xE5, 0x03, 0x40, 0x44, 0xE0,
    0x01, 0x40, 0x84, 0xE3, 0x04, 0x40, 0x82, 0xE5, 0x00, 0x20, 0x91, 0xE5, 0x05, 0x00, 0xA0, 0xE1,
    0x03, 0x30, 0x42, 0xE0, 0x00, 0x30, 0x81, 0xE5, 0xBC, 0x02, 0x00, 0xEB, 0x01, 0x00, 0xA0, 0xE3,
    0x08, 0xD0, 0x8D, 0xE2, 0x70, 0x80, 0xBD, 0xE8, 0x00, 0x10, 0xA0, 0xE3, 0x05, 0x00, 0xA0, 0xE1,
    0x06, 0x2E, 0x00, 0xEB, 0x08, 0x20, 0x96, 0xE5, 0x02, 0x30, 0x40, 0xE0, 0x0F, 0x00, 0x53, 0xE3,
    0xDF, 0xFF, 0xFF, 0xDA, 0x01, 0x30, 0x83, 0xE3, 0x04, 0x30, 0x82, 0xE5, 0x18, 0x30, 0x9F, 0xE5,
    0x10, 0x10, 0x9F, 0xE5, 0x00, 0x30, 0x93, 0xE5, 0x03, 0x00, 0x40, 0xE0, 0x00, 0x00, 0x81, 0xE5,
    0xD7, 0xFF, 0xFF, 0xEA, 0x70, 0xA2, 0x11, 0x00, 0x00, 0xDA, 0x11, 0x00, 0x68, 0xA2, 0x11, 0x00,
    0x00, 0x00, 0x51, 0xE3, 0x1E, 0xFF, 0x2F, 0x01, 0x70, 0x40, 0x2D, 0xE9, 0x08, 0xD0, 0x4D, 0xE2,
    0x00, 0x60, 0xA0, 0xE1, 0x04, 0x10, 0x8D, 0xE5, 0x9D, 0x02, 0x00, 0xEB, 0x04, 0x10, 0x9D, 0xE5,
    0xDC, 0x22, 0x9F, 0xE5, 0x04, 0x00, 0x11, 0xE5, 0x08, 0x30, 0x92, 0xE5, 0x08, 0xE0, 0x41, 0xE2,
    0x01, 0xC0, 0xC0, 0xE3, 0x0C, 0x40, 0x8E, 0xE0, 0x04, 0x00, 0x53, 0xE1, 0x04, 0x30, 0x94, 0xE5,
    0x01, 0x50, 0x00, 0xE2, 0x03, 0x30, 0xC3, 0xE3, 0x65, 0x00, 0x00, 0x0A, 0x00, 0x00, 0x55, 0xE3,
    0x04, 0x30, 0x84, 0xE5, 0x03, 0x50, 0x84, 0xE0, 0x04, 0x50, 0x95, 0xE5, 0x01, 0x50, 0x05, 0xE2,
    0x23, 0x00, 0x00, 0x1A, 0x08, 0x10, 0x11, 0xE5, 0x08, 0x00, 0x82, 0xE2, 0x01, 0xE0, 0x4E, 0xE0,
    0x01, 0xC0, 0x8C, 0xE0, 0x08, 0x10, 0x9E, 0xE5, 0x00, 0x00, 0x51, 0xE1, 0x4D, 0x00, 0x00, 0x0A,
    0x00, 0x00, 0x55, 0xE3, 0x0C, 0x50, 0x9E, 0xE5, 0x0C, 0x50, 0x81, 0xE5, 0x08, 0x10, 0x85, 0xE5,
    0x68, 0x00, 0x00, 0x0A, 0x01, 0x30, 0x8C, 0xE3, 0x04, 0x30, 0x8E, 0xE5, 0x00, 0xC0, 0x84, 0xE5,
    0x02, 0x0C, 0x5C, 0xE3, 0x25, 0x00, 0x00, 0x2A, 0x01, 0x00, 0xA0, 0xE3, 0x04, 0x10, 0x92, 0xE5,
    0xAC, 0x31, 0xA0, 0xE1, 0x01, 0x30, 0x83, 0xE2, 0xAC, 0xC2, 0xA0, 0xE1, 0x73, 0x30, 0xBF, 0xE6,
    0x10, 0x1C, 0x81, 0xE1, 0x04, 0x10, 0x82, 0xE5, 0x83, 0x01, 0x92, 0xE7, 0x83, 0x11, 0x82, 0xE0,
    0x08, 0x10, 0x41, 0xE2, 0x08, 0x00, 0x8E, 0xE5, 0x0C, 0x10, 0x8E, 0xE5, 0x83, 0xE1, 0x82, 0xE7,
    0x0C, 0xE0, 0x80, 0xE5, 0x06, 0x00, 0xA0, 0xE1, 0x08, 0xD0, 0x8D, 0xE2, 0x70, 0x40, 0xBD, 0xE8,
    0x6A, 0x02, 0x00, 0xEA, 0x00, 0x00, 0x55, 0xE3, 0x0B, 0x00, 0x00, 0x1A, 0x03, 0xC0, 0x8C, 0xE0,
    0x08, 0x00, 0x82, 0xE2, 0x08, 0x30, 0x94, 0xE5, 0x01, 0x10, 0x8C, 0xE3, 0x00, 0x00, 0x53, 0xE1,
    0x5D, 0x00, 0x00, 0x0A, 0x0C, 0x00, 0x94, 0xE5, 0x0C, 0x00, 0x83, 0xE5, 0x08, 0x30, 0x80, 0xE5,
    0x04, 0x10, 0x8E, 0xE5, 0x0C, 0xC0, 0x8E, 0xE7, 0xDC, 0xFF, 0xFF, 0xEA, 0x01, 0x00, 0x80, 0xE3,
    0x02, 0x0C, 0x5C, 0xE3, 0x04, 0x00, 0x01, 0xE5, 0x0C, 0xC0, 0x8E, 0xE7, 0xD9, 0xFF, 0xFF, 0x3A,
    0x0A, 0x0C, 0x5C, 0xE3, 0xAC, 0x34, 0xA0, 0xE1, 0x3C, 0x00, 0x00, 0x2A, 0x2C, 0x33, 0xA0, 0xE1,
    0x39, 0x10, 0x83, 0xE2, 0x71, 0x10, 0xBF, 0xE6, 0x38, 0x00, 0x83, 0xE2, 0x81, 0x11, 0xA0, 0xE1,
    0x01, 0x30, 0x92, 0xE7, 0x01, 0x10, 0x82, 0xE0, 0x08, 0x10, 0x41, 0xE2, 0x03, 0x00, 0x51, 0xE1,
    0x03, 0x00, 0x00, 0x1A, 0x4B, 0x00, 0x00, 0xEA, 0x08, 0x30, 0x93, 0xE5, 0x03, 0x00, 0x51, 0xE1,
    0x03, 0x00, 0x00, 0x0A, 0x04, 0x20, 0x93, 0xE5, 0x03, 0x20, 0xC2, 0xE3, 0x0C, 0x00, 0x52, 0xE1,
    0xF8, 0xFF, 0xFF, 0x8A, 0x0C, 0x10, 0x93, 0xE5, 0x06, 0x00, 0xA0, 0xE1, 0x0C, 0x10, 0x8E, 0xE5,
    0x08, 0x30, 0x8E, 0xE5, 0x08, 0xE0, 0x81, 0xE5, 0x0C, 0xE0, 0x83, 0xE5, 0x08, 0xD0, 0x8D, 0xE2,
    0x70, 0x40, 0xBD, 0xE8, 0x39, 0x02, 0x00, 0xEA, 0x00, 0x00, 0x55, 0xE3, 0x29, 0x00, 0x00, 0x1A,
    0x0C, 0x20, 0x94, 0xE5, 0x08, 0x10, 0x94, 0xE5, 0x0C, 0x30, 0x83, 0xE0, 0x0C, 0x20, 0x81, 0xE5,
    0x08, 0x10, 0x82, 0xE5, 0x01, 0x20, 0x83, 0xE3, 0x04, 0x20, 0x8E, 0xE5, 0x03, 0x30, 0x8E, 0xE7,
    0xBF, 0xFF, 0xFF, 0xEA, 0x00, 0x00, 0x55, 0xE3, 0x03, 0x30, 0x8C, 0xE0, 0x05, 0x00, 0x00, 0x1A,
    0x08, 0x10, 0x11, 0xE5, 0x01, 0xE0, 0x4E, 0xE0, 0x01, 0x30, 0x83, 0xE0, 0xD8, 0x00, 0xCE, 0xE1,
    0x0C, 0x10, 0x80, 0xE5, 0x08, 0x00, 0x81, 0xE5, 0x01, 0x10, 0x83, 0xE3, 0x04, 0x10, 0x8E, 0xE5,
    0xF0, 0x10, 0x9F, 0xE5, 0x08, 0xE0, 0x82, 0xE5, 0x00, 0x20, 0x91, 0xE5, 0x03, 0x00, 0x52, 0xE1,
    0xAF, 0xFF, 0xFF, 0x8A, 0xE0, 0x30, 0x9F, 0xE5, 0x06, 0x00, 0xA0, 0xE1, 0x00, 0x10, 0x93, 0xE5,
    0x2D, 0xFF, 0xFF, 0xEB, 0xAA, 0xFF, 0xFF, 0xEA, 0x03, 0xC0, 0x8C, 0xE0, 0xB0, 0xFF, 0xFF, 0xEA,
    0x14, 0x00, 0x53, 0xE3, 0x0B, 0x00, 0x00, 0x9A, 0x54, 0x00, 0x53, 0xE3, 0x1B, 0x00, 0x00, 0x8A,
    0x2C, 0x36, 0xA0, 0xE1, 0x6F, 0x10, 0x83, 0xE2, 0x71, 0x10, 0xBF, 0xE6, 0x6E, 0x00, 0x83, 0xE2,
    0x81, 0x11, 0xA0, 0xE1, 0xBD, 0xFF, 0xFF, 0xEA, 0x01, 0x30, 0x8C, 0xE3, 0x04, 0x30, 0x8E, 0xE5,
    0x00, 0xC0, 0x84, 0xE5, 0x9A, 0xFF, 0xFF, 0xEA, 0x5C, 0x10, 0x83, 0xE2, 0x71, 0x10, 0xBF, 0xE6,
    0x5B, 0x00, 0x83, 0xE2, 0x81, 0x11, 0xA0, 0xE1, 0xB4, 0xFF, 0xFF, 0xEA, 0x10, 0xE0, 0x82, 0xE5,
    0x14, 0xE0, 0x82, 0xE5, 0x08, 0x00, 0x8E, 0xE5, 0x0C, 0x00, 0x8E, 0xE5, 0x04, 0x10, 0x8E, 0xE5,
    0x0C, 0xC0, 0x8E, 0xE7, 0x8E, 0xFF, 0xFF, 0xEA, 0x01, 0x40, 0xA0, 0xE3, 0x04, 0xC0, 0x92, 0xE5,
    0x40, 0x01, 0xA0, 0xE1, 0x14, 0x00, 0x8C, 0xE1, 0x04, 0x00, 0x82, 0xE5, 0xB5, 0xFF, 0xFF, 0xEA,
    0x55, 0x0F, 0x53, 0xE3, 0x05, 0x00, 0x00, 0x8A, 0xAC, 0x37, 0xA0, 0xE1, 0x78, 0x10, 0x83, 0xE2,
    0x71, 0x10, 0xBF, 0xE6, 0x77, 0x00, 0x83, 0xE2, 0x81, 0x11, 0xA0, 0xE1, 0x9F, 0xFF, 0xFF, 0xEA,
    0x28, 0x10, 0x9F, 0xE5, 0x01, 0x00, 0x53, 0xE1, 0x2C, 0x39, 0xA0, 0x91, 0x7D, 0x10, 0x83, 0x92,
    0xFE, 0x1F, 0xA0, 0x83, 0x7E, 0x00, 0xA0, 0x83, 0x7C, 0x00, 0x83, 0x92, 0x81, 0x11, 0xA0, 0x91,
    0x96, 0xFF, 0xFF, 0xEA, 0x70, 0xA2, 0x11, 0x00, 0x6C, 0xA2, 0x11, 0x00, 0x30, 0xDA, 0x11, 0x00,
    0x54, 0x05, 0x00, 0x00, 0xF0, 0x41, 0x2D, 0xE9, 0x10, 0xD0, 0x4D, 0xE2, 0x00, 0x40, 0xA0, 0xE1,
    0x02, 0x80, 0xA0, 0xE1, 0x01, 0x70, 0xA0, 0xE1, 0x03, 0x60, 0xA0, 0xE1, 0x14, 0x2C, 0x00, 0xEB,
    0x00, 0x50, 0x50, 0xE2, 0x02, 0x00, 0x00, 0x0A, 0x34, 0x30, 0x95, 0xE5, 0x00, 0x00, 0x53, 0xE3,
    0x88, 0x00, 0x00, 0x0A, 0x02, 0x00, 0x58, 0xE3, 0x04, 0x00, 0x00, 0x0A, 0x01, 0x00, 0x58, 0xE3,
    0x00, 0x30, 0xA0, 0x93, 0x01, 0x30, 0xA0, 0x83, 0xA6, 0x3F, 0x93, 0xE1, 0x83, 0x00, 0x00, 0x1A,
    0x70, 0x30, 0x94, 0xE5, 0x01, 0x00, 0x13, 0xE3, 0x3E, 0x00, 0x00, 0x0A, 0x04, 0x10, 0xA0, 0xE1,
    0x05, 0x00, 0xA0, 0xE1, 0xA0, 0xFC, 0xFF, 0xEB, 0x30, 0x10, 0x94, 0xE5, 0x00, 0x00, 0x51, 0xE3,
    0x06, 0x00, 0x00, 0x0A, 0x40, 0x30, 0x84, 0xE2, 0x03, 0x00, 0x51, 0xE1, 0x01, 0x00, 0x00, 0x0A,
    0x05, 0x00, 0xA0, 0xE1, 0x19, 0xFF, 0xFF, 0xEB, 0x00, 0x30, 0xA0, 0xE3, 0x30, 0x30, 0x84, 0xE5,
    0x00, 0x20, 0xA0, 0xE3, 0xFC, 0x30, 0xD4, 0xE1, 0x18, 0x20, 0x84, 0xE5, 0x80, 0x00, 0x13, 0xE3,
    0x04, 0x20, 0x84, 0xE5, 0x4A, 0x00, 0x00, 0x1A, 0xCA, 0x3E, 0xC3, 0xE3, 0x03, 0x30, 0xC3, 0xE3,
    0x02, 0x00, 0x58, 0xE3, 0xBC, 0x30, 0xC4, 0xE1, 0x4A, 0x00, 0x00, 0x0A, 0x0C, 0x30, 0x8D, 0xE2,
    0x04, 0x10, 0xA0, 0xE1, 0x05, 0x00, 0xA0, 0xE1, 0x08, 0x20, 0x8D, 0xE2, 0xFC, 0x11, 0x00, 0xEB,
    0xBC, 0x30, 0xD4, 0xE1, 0x00, 0x00, 0x56, 0xE3, 0x00, 0x30, 0x83, 0xE1, 0xBC, 0x30, 0xC4, 0xE1,
    0x22, 0x00, 0x00, 0x0A, 0x00, 0x00, 0x57, 0xE3, 0x21, 0x00, 0x00, 0x0A, 0x34, 0x30, 0x95, 0xE5,
    0x00, 0x00, 0x53, 0xE3, 0x28, 0x00, 0x00, 0x0A, 0x08, 0x20, 0x9D, 0xE5, 0xFC, 0x30, 0xD4, 0xE1,
    0x06, 0x00, 0x52, 0xE1, 0x02, 0x3B, 0x83, 0x13, 0xBC, 0x30, 0xC4, 0x11, 0x01, 0x00, 0x58, 0xE3,
    0x24, 0x00, 0x00, 0x0A, 0x08, 0x00, 0x13, 0xE3, 0x00, 0x70, 0x84, 0xE5, 0x10, 0x70, 0x84, 0xE5,
    0x14, 0x60, 0x84, 0xE5, 0x27, 0x00, 0x00, 0x0A, 0x01, 0x00, 0x13, 0xE3, 0x08, 0x60, 0x84, 0x05,
    0x3E, 0x00, 0x00, 0x1A, 0x70, 0x20, 0x94, 0xE5, 0x01, 0x00, 0x12, 0xE3, 0x01, 0x00, 0x00, 0x1A,
    0x02, 0x0C, 0x13, 0xE3, 0x40, 0x00, 0x00, 0x0A, 0x00, 0x50, 0xA0, 0xE3, 0x05, 0x00, 0xA0, 0xE1,
    0x10, 0xD0, 0x8D, 0xE2, 0xF0, 0x81, 0xBD, 0xE8, 0xBC, 0x30, 0xD4, 0xE1, 0x02, 0x0C, 0x13, 0xE3,
    0xBD, 0xFF, 0xFF, 0x1A, 0x5C, 0x00, 0x84, 0xE2, 0x04, 0x2D, 0x00, 0xEB, 0xBA, 0xFF, 0xFF, 0xEA,
    0x08, 0x60, 0x9D, 0xE5, 0x06, 0x00, 0xA0, 0xE1, 0x2C, 0x01, 0x00, 0xEB, 0x00, 0x70, 0x50, 0xE2,
    0x38, 0x00, 0x00, 0x0A, 0xBC, 0x30, 0xD4, 0xE1, 0x80, 0x30, 0x83, 0xE3, 0xBC, 0x30, 0xC4, 0xE1,
    0x34, 0x30, 0x95, 0xE5, 0x00, 0x00, 0x53, 0xE3, 0xD6, 0xFF, 0xFF, 0x1A, 0x05, 0x00, 0xA0, 0xE1,
    0xAF, 0x00, 0x00, 0xEB, 0xD3, 0xFF, 0xFF, 0xEA, 0x01, 0x20, 0x83, 0xE3, 0x08, 0x00, 0x13, 0xE3,
    0x02, 0x30, 0xA0, 0x01, 0xBC, 0x20, 0xC4, 0xE1, 0x00, 0x70, 0x84, 0xE5, 0x10, 0x70, 0x84, 0xE5,
    0x14, 0x60, 0x84, 0xE5, 0x1A, 0x00, 0x00, 0x1A, 0x00, 0x20, 0xA0, 0xE3, 0x08, 0x20, 0x84, 0xE5,
    0xD7, 0xFF, 0xFF, 0xEA, 0x05, 0x00, 0xA0, 0xE1, 0x10, 0x10, 0x94, 0xE5, 0xC3, 0xFE, 0xFF, 0xEB,
    0xFC, 0x30, 0xD4, 0xE1, 0xAF, 0xFF, 0xFF, 0xEA, 0x00, 0x50, 0xA0, 0xE3, 0x00, 0x00, 0xA0, 0xE3,
    0x01, 0x10, 0xA0, 0xE3, 0x43, 0x20, 0x84, 0xE2, 0x00, 0x20, 0x84, 0xE5, 0x10, 0x20, 0x84, 0xE5,
    0x70, 0x20, 0x94, 0xE5, 0x02, 0xC0, 0x83, 0xE3, 0x01, 0x00, 0x12, 0xE3, 0xBC, 0xC0, 0xC4, 0xE1,
    0x08, 0x00, 0x84, 0xE5, 0x14, 0x10, 0x84, 0xE5, 0xCB, 0xFF, 0xFF, 0x1A, 0x02, 0x0C, 0x13, 0xE3,
    0xC9, 0xFF, 0xFF, 0x1A, 0x5C, 0x00, 0x84, 0xE2, 0xDB, 0x2C, 0x00, 0xEB, 0xC6, 0xFF, 0xFF, 0xEA,
    0x03, 0x20, 0xA0, 0xE1, 0x00, 0x10, 0xA0, 0xE3, 0x00, 0x60, 0x66, 0xE2, 0x02, 0x30, 0xA0, 0xE1,
    0x18, 0x60, 0x84, 0xE5, 0x08, 0x10, 0x84, 0xE5, 0xB9, 0xFF, 0xFF, 0xEA, 0x5C, 0x00, 0x84, 0xE2,
    0xD1, 0x2C, 0x00, 0xEB, 0xBB, 0xFF, 0xFF, 0xEA, 0x81, 0x00, 0x00, 0xEB, 0x74, 0xFF, 0xFF, 0xEA,
    0x00, 0x50, 0xE0, 0xE3, 0xB8, 0xFF, 0xFF, 0xEA, 0x08, 0x30, 0x9D, 0xE5, 0x06, 0x00, 0x53, 0xE1,
    0x05, 0x00, 0x00, 0x0A, 0x03, 0x00, 0xA0, 0xE1, 0x04, 0x30, 0x8D, 0xE5, 0xEB, 0x00, 0x00, 0xEB,
    0x00, 0x70, 0x50, 0xE2, 0x04, 0x60, 0x9D, 0x15, 0xBD, 0xFF, 0xFF, 0x1A, 0x00, 0x50, 0xE0, 0xE3,
    0xFC, 0x30, 0xD4, 0xE1, 0xD4, 0xFF, 0xFF, 0xEA, 0x08, 0x20, 0x9F, 0xE5, 0x08, 0x10, 0x9F, 0xE5,
    0x08, 0x00, 0x9F, 0xE5, 0xEF, 0x01, 0x00, 0xEA, 0x78, 0xA6, 0x11, 0x00, 0x2C, 0xC8, 0x10, 0x00,
    0x68, 0xA0, 0x11, 0x00, 0x48, 0x30, 0x9F, 0xE5, 0x04, 0x10, 0x90, 0xE5, 0x10, 0x40, 0x2D, 0xE9,
    0x03, 0x00, 0x51, 0xE1, 0x00, 0x40, 0xA0, 0xE1, 0x00, 0x00, 0x00, 0x0A, 0x32, 0x01, 0x00, 0xEB,
    0x08, 0x10, 0x94, 0xE5, 0x2C, 0x30, 0x9F, 0xE5, 0x03, 0x00, 0x51, 0xE1, 0x01, 0x00, 0x00, 0x0A,
    0x04, 0x00, 0xA0, 0xE1, 0x2C, 0x01, 0x00, 0xEB, 0x0C, 0x10, 0x94, 0xE5, 0x18, 0x30, 0x9F, 0xE5,
    0x03, 0x00, 0x51, 0xE1, 0x10, 0x80, 0xBD, 0x08, 0x04, 0x00, 0xA0, 0xE1, 0x10, 0x40, 0xBD, 0xE8,
    0x25, 0x01, 0x00, 0xEA, 0x40, 0xDA, 0x11, 0x00, 0xB8, 0xDA, 0x11, 0x00, 0x30, 0xDB, 0x11, 0x00,
    0xF0, 0x47, 0x2D, 0xE9, 0x00, 0x50, 0xA0, 0xE3, 0x04, 0x30, 0xA0, 0xE3, 0x1C, 0x41, 0x9F, 0xE5,
    0x1C, 0x21, 0x9F, 0xE5, 0x1C, 0x11, 0x9F, 0xE5, 0x68, 0x00, 0x84, 0xE2, 0x00, 0x10, 0x82, 0xE5,
    0x08, 0x20, 0xA0, 0xE3, 0x05, 0x10, 0xA0, 0xE1, 0x0C, 0x91, 0x9F, 0xE5, 0x0C, 0x81, 0x9F, 0xE5,
    0x0C, 0x71, 0x9F, 0xE5, 0x0C, 0x61, 0x9F, 0xE5, 0x0C, 0x30, 0x84, 0xE5, 0x00, 0x50, 0x84, 0xE5,
    0x04, 0x50, 0x84, 0xE5, 0x08, 0x50, 0x84, 0xE5, 0x70, 0x50, 0x84, 0xE5, 0x10, 0x50, 0x84, 0xE5,
    0x14, 0x50, 0x84, 0xE5, 0x18, 0x50, 0x84, 0xE5, 0x1B, 0xFB, 0xFF, 0xEB, 0xE8, 0x30, 0x9F, 0xE5,
    0x08, 0x20, 0xA0, 0xE3, 0x05, 0x10, 0xA0, 0xE1, 0xE0, 0x00, 0x84, 0xE2, 0x84, 0x30, 0x84, 0xE5,
    0x1C, 0x40, 0x84, 0xE5, 0x20, 0x90, 0x84, 0xE5, 0x24, 0x80, 0x84, 0xE5, 0x28, 0x70, 0x84, 0xE5,
    0x2C, 0x60, 0x84, 0xE5, 0x5C, 0x50, 0x84, 0xE5, 0x60, 0x50, 0x84, 0xE5, 0x64, 0x50, 0x84, 0xE5,
    0x78, 0x50, 0x84, 0xE5, 0x7C, 0x50, 0x84, 0xE5, 0x80, 0x50, 0x84, 0xE5, 0xE8, 0x50, 0x84, 0xE5,
    0x88, 0x50, 0x84, 0xE5, 0x8C, 0x50, 0x84, 0xE5, 0x90, 0x50, 0x84, 0xE5, 0x06, 0xFB, 0xFF, 0xEB,
    0x98, 0x30, 0x9F, 0xE5, 0x08, 0x20, 0xA0, 0xE3, 0xFC, 0x30, 0x84, 0xE5, 0x05, 0x10, 0xA0, 0xE1,
    0x78, 0x30, 0x84, 0xE2, 0x56, 0x0F, 0x84, 0xE2, 0x94, 0x30, 0x84, 0xE5, 0x98, 0x90, 0x84, 0xE5,
    0x9C, 0x80, 0x84, 0xE5, 0xA0, 0x70, 0x84, 0xE5, 0xA4, 0x60, 0x84, 0xE5, 0xD4, 0x50, 0x84, 0xE5,
    0xD8, 0x50, 0x84, 0xE5, 0xDC, 0x50, 0x84, 0xE5, 0xF0, 0x50, 0x84, 0xE5, 0xF4, 0x50, 0x84, 0xE5,
    0xF8, 0x50, 0x84, 0xE5, 0x60, 0x51, 0x84, 0xE5, 0x00, 0x51, 0x84, 0xE5, 0x04, 0x51, 0x84, 0xE5,
    0x08, 0x51, 0x84, 0xE5, 0xF0, 0xFA, 0xFF, 0xEB, 0xF0, 0x30, 0x84, 0xE2, 0x10, 0x91, 0x84, 0xE5,
    0x14, 0x81, 0x84, 0xE5, 0x18, 0x71, 0x84, 0xE5, 0x1C, 0x61, 0x84, 0xE5, 0x4C, 0x51, 0x84, 0xE5,
    0x50, 0x51, 0x84, 0xE5, 0x54, 0x51, 0x84, 0xE5, 0x0C, 0x31, 0x84, 0xE5, 0xF0, 0x87, 0xBD, 0xE8,
    0x40, 0xDA, 0x11, 0x00, 0xA8, 0xDB, 0x11, 0x00, 0x28, 0xC3, 0x10, 0x00, 0x20, 0xC7, 0x10, 0x00,
    0x64, 0xC7, 0x10, 0x00, 0xCC, 0xC7, 0x10, 0x00, 0x0C, 0xC8, 0x10, 0x00, 0x09, 0x00, 0x01, 0x00,
    0x12, 0x00, 0x02, 0x00, 0x10, 0x40, 0x2D, 0xE9, 0x00, 0x40, 0xA0, 0xE1, 0x40, 0x00, 0x9F, 0xE5,
    0x42, 0x2C, 0x00, 0xEB, 0x34, 0x30, 0x94, 0xE5, 0x00, 0x00, 0x53, 0xE3, 0x05, 0x00, 0x00, 0x1A,
    0x30, 0x30, 0x9F, 0xE5, 0x30, 0x20, 0x9F, 0xE5, 0x00, 0x30, 0x93, 0xE5, 0x34, 0x20, 0x84, 0xE5,
    0x00, 0x00, 0x53, 0xE3, 0x02, 0x00, 0x00, 0x0A, 0x10, 0x40, 0xBD, 0xE8, 0x10, 0x00, 0x9F, 0xE5,
    0x3D, 0x2C, 0x00, 0xEA, 0x99, 0xFF, 0xFF, 0xEB, 0x10, 0x40, 0xBD, 0xE8, 0x00, 0x00, 0x9F, 0xE5,
    0x39, 0x2C, 0x00, 0xEA, 0x34, 0xDA, 0x11, 0x00, 0xA8, 0xDB, 0x11, 0x00, 0x44, 0xC3, 0x10, 0x00,
    0x00, 0x00, 0x9F, 0xE5, 0x2D, 0x2C, 0x00, 0xEA, 0x34, 0xDA, 0x11, 0x00, 0x00, 0x00, 0x9F, 0xE5,
    0x31, 0x2C, 0x00, 0xEA, 0x34, 0xDA, 0x11, 0x00, 0x70, 0x40, 0x2D, 0xE9, 0x68, 0x60, 0x9F, 0xE5,
    0x68, 0x50, 0x9F, 0xE5, 0x05, 0x00, 0x56, 0xE1, 0x08, 0x00, 0x00, 0x0A, 0x00, 0x40, 0xA0, 0xE3,
    0x05, 0x60, 0x46, 0xE0, 0x46, 0x61, 0xA0, 0xE1, 0x04, 0x50, 0x45, 0xE2, 0x04, 0x30, 0xB5, 0xE5,
    0x01, 0x40, 0x84, 0xE2, 0x33, 0xFF, 0x2F, 0xE1, 0x04, 0x00, 0x56, 0xE1, 0xFA, 0xFF, 0xFF, 0x8A,
    0x3C, 0x60, 0x9F, 0xE5, 0x3C, 0x50, 0x9F, 0xE5, 0xB9, 0xCE, 0xFF, 0xEB, 0x05, 0x00, 0x56, 0xE1,
    0x70, 0x80, 0xBD, 0x08, 0x00, 0x40, 0xA0, 0xE3, 0x05, 0x60, 0x46, 0xE0, 0x46, 0x61, 0xA0, 0xE1,
    0x04, 0x50, 0x45, 0xE2, 0x04, 0x30, 0xB5, 0xE5, 0x01, 0x40, 0x84, 0xE2, 0x33, 0xFF, 0x2F, 0xE1,
    0x04, 0x00, 0x56, 0xE1, 0xFA, 0xFF, 0xFF, 0x8A, 0x70, 0x80, 0xBD, 0xE8, 0xA0, 0xBD, 0x11, 0x00,
    0xA0, 0xBD, 0x11, 0x00, 0xA4, 0xBD, 0x11, 0x00, 0xA0, 0xBD, 0x11, 0x00, 0x01, 0x30, 0x80, 0xE1,
    0x03, 0x00, 0x52, 0xE3, 0x03, 0x30, 0x03, 0xE2, 0x30, 0x40, 0x2D, 0xE9, 0x00, 0x40, 0xA0, 0xE1,
    0x00, 0x00, 0xA0, 0x93, 0x01, 0x00, 0xA0, 0x83, 0x00, 0x00, 0x53, 0xE3, 0x00, 0x00, 0xA0, 0x13,
    0x00, 0x00, 0x50, 0xE3, 0x04, 0xE0, 0xA0, 0x01, 0x15, 0x00, 0x00, 0x1A, 0x01, 0x10, 0x41, 0xE2,
    0x07, 0x00, 0x00, 0xEA, 0x0E, 0x30, 0xA0, 0xE1, 0x01, 0xC0, 0xF1, 0xE5, 0x01, 0x00, 0x42, 0xE2,
    0x00, 0x00, 0x5C, 0xE3, 0x01, 0xC0, 0xC3, 0xE4, 0x05, 0x00, 0x00, 0x0A, 0x03, 0xE0, 0xA0, 0xE1,
    0x00, 0x20, 0xA0, 0xE1, 0x00, 0x00, 0x52, 0xE3, 0xF5, 0xFF, 0xFF, 0x1A, 0x04, 0x00, 0xA0, 0xE1,
    0x30, 0x80, 0xBD, 0xE8, 0x00, 0x00, 0x50, 0xE3, 0x02, 0xE0, 0x8E, 0x10, 0xFA, 0xFF, 0xFF, 0x0A,
    0x01, 0xC0, 0xC3, 0xE4, 0x0E, 0x00, 0x53, 0xE1, 0xFC, 0xFF, 0xFF, 0x1A, 0x04, 0x00, 0xA0, 0xE1,
    0x30, 0x80, 0xBD, 0xE8, 0x01, 0x30, 0xA0, 0xE1, 0x04, 0xE0, 0xA0, 0xE1, 0x34, 0x50, 0x9F, 0xE5,
    0x34, 0x00, 0x9F, 0xE5, 0x00, 0xC0, 0x93, 0xE5, 0x03, 0x10, 0xA0, 0xE1, 0x05, 0x30, 0x8C, 0xE0,
    0x0C, 0x30, 0xC3, 0xE1, 0x00, 0x00, 0x13, 0xE1, 0xDF, 0xFF, 0xFF, 0x1A, 0x04, 0x20, 0x42, 0xE2,
    0x03, 0x00, 0x52, 0xE3, 0x04, 0xC0, 0x8E, 0xE4, 0x04, 0x30, 0x81, 0xE2, 0xF4, 0xFF, 0xFF, 0x8A,
    0x03, 0x10, 0xA0, 0xE1, 0xD8, 0xFF, 0xFF, 0xEA, 0xFF, 0xFE, 0xFE, 0xFE, 0x80, 0x80, 0x80, 0x80,
    0x04, 0xE0, 0x2D, 0xE5, 0x1F, 0x00, 0x50, 0xE3, 0x0C, 0xD0, 0x4D, 0xE2, 0x04, 0x00, 0x8D, 0xE5,
    0x05, 0x00, 0x00, 0x9A, 0x8A, 0x2A, 0x00, 0xEB, 0x20, 0x10, 0xA0, 0xE3, 0x04, 0x20, 0x9D, 0xE5,
    0x0C, 0xD0, 0x8D, 0xE2, 0x04, 0xE0, 0x9D, 0xE4, 0x01, 0xFA, 0xFF, 0xEA, 0x84, 0x2A, 0x00, 0xEB,
    0x04, 0x10, 0x9D, 0xE5, 0x0C, 0xD0, 0x8D, 0xE2, 0x04, 0xE0, 0x9D, 0xE4, 0x4F, 0xFB, 0xFF, 0xEA,
    0x04, 0xE0, 0x2D, 0xE5, 0x0C, 0xD0, 0x4D, 0xE2, 0x04, 0x00, 0x8D, 0xE5, 0x7C, 0x2A, 0x00, 0xEB,
    0x04, 0x10, 0x9D, 0xE5, 0x0C, 0xD0, 0x8D, 0xE2, 0x04, 0xE0, 0x9D, 0xE4, 0x97, 0xFD, 0xFF, 0xEA,
    0x10, 0x40, 0x2D, 0xE9, 0x01, 0x40, 0xA0, 0xE1, 0xFE, 0x10, 0xD1, 0xE1, 0x66, 0x2B, 0x00, 0xEB,
    0x00, 0x00, 0x50, 0xE3, 0x06, 0x00, 0x00, 0xBA, 0x50, 0x30, 0x94, 0xE5, 0x54, 0x20, 0x94, 0xE5,
    0x00, 0x30, 0x93, 0xE0, 0xC0, 0x2F, 0xA2, 0xE0, 0x50, 0x30, 0x84, 0xE5, 0x54, 0x20, 0x84, 0xE5,
    0x10, 0x80, 0xBD, 0xE8, 0xBC, 0x30, 0xD4, 0xE1, 0x01, 0x3A, 0xC3, 0xE3, 0xBC, 0x30, 0xC4, 0xE1,
    0x10, 0x80, 0xBD, 0xE8, 0xF0, 0x40, 0x2D, 0xE9, 0x03, 0x70, 0xA0, 0xE1, 0xFC, 0x30, 0xD1, 0xE1,
    0x01, 0x40, 0xA0, 0xE1, 0x01, 0x0C, 0x13, 0xE3, 0x00, 0x50, 0xA0, 0xE1, 0x02, 0x60, 0xA0, 0xE1,
    0x0C, 0xD0, 0x4D, 0xE2, 0x08, 0x00, 0x00, 0x1A, 0x01, 0x1A, 0xC3, 0xE3, 0x06, 0x20, 0xA0, 0xE1,
    0x07, 0x30, 0xA0, 0xE1, 0x05, 0x00, 0xA0, 0xE1, 0xBC, 0x10, 0xC4, 0xE1, 0xFE, 0x10, 0xD4, 0xE1,
    0x0C, 0xD0, 0x8D, 0xE2, 0xF0, 0x40, 0xBD, 0xE8, 0xA6, 0x2B, 0x00, 0xEA, 0x02, 0x30, 0xA0, 0xE3,
    0x00, 0x30, 0x8D, 0xE5, 0x00, 0x20, 0xA0, 0xE3, 0x00, 0x30, 0xA0, 0xE3, 0xFE, 0x10, 0xD1, 0xE1,
    0x1C, 0x2B, 0x00, 0xEB, 0xFC, 0x30, 0xD4, 0xE1, 0xEE, 0xFF, 0xFF, 0xEA, 0x10, 0x40, 0x2D, 0xE9,
    0x01, 0x40, 0xA0, 0xE1, 0x08, 0xD0, 0x4D, 0xE2, 0x10, 0x10, 0x9D, 0xE5, 0x00, 0x10, 0x8D, 0xE5,
    0xFE, 0x10, 0xD4, 0xE1, 0x13, 0x2B, 0x00, 0xEB, 0x01, 0x00, 0x71, 0xE3, 0x01, 0x00, 0x70, 0x03,
    0xFC, 0x30, 0xD4, 0xE1, 0xF0, 0x05, 0xC4, 0x11, 0x01, 0x3A, 0xC3, 0x03, 0x01, 0x3A, 0x83, 0x13,
    0xBC, 0x30, 0xC4, 0xE1, 0x08, 0xD0, 0x8D, 0xE2, 0x10, 0x80, 0xBD, 0xE8, 0xFE, 0x10, 0xD1, 0xE1,
    0x5C, 0x2A, 0x00, 0xEA, 0x00, 0x00, 0x9F, 0xE5, 0x7C, 0x2B, 0x00, 0xEA, 0xAC, 0xDB, 0x11, 0x00,
    0x00, 0x00, 0x9F, 0xE5, 0x80, 0x2B, 0x00, 0xEA, 0xAC, 0xDB, 0x11, 0x00, 0x70, 0x40, 0x2D, 0xE9,
    0x00, 0x40, 0x51, 0xE2, 0x37, 0x00, 0x00, 0x0A, 0x00, 0x00, 0x50, 0xE3, 0x00, 0x50, 0xA0, 0xE1,
    0x02, 0x00, 0x00, 0x0A, 0x34, 0x30, 0x90, 0xE5, 0x00, 0x00, 0x53, 0xE3, 0x34, 0x00, 0x00, 0x0A,
    0x3E, 0xFF, 0xFF, 0xEB, 0x70, 0x30, 0x94, 0xE5, 0xFC, 0x20, 0xD4, 0xE1, 0x01, 0x00, 0x13, 0xE3,
    0x29, 0x00, 0x00, 0x1A, 0x02, 0x0C, 0x12, 0xE3, 0x2F, 0x00, 0x00, 0x0A, 0x04, 0x10, 0xA0, 0xE1,
    0x05, 0x00, 0xA0, 0xE1, 0x35, 0xFA, 0xFF, 0xEB, 0x2C, 0x30, 0x94, 0xE5, 0x00, 0x60, 0xA0, 0xE1,
    0x00, 0x00, 0x53, 0xE3, 0x04, 0x00, 0x00, 0x0A, 0x05, 0x00, 0xA0, 0xE1, 0x1C, 0x10, 0x94, 0xE5,
    0x33, 0xFF, 0x2F, 0xE1, 0x00, 0x00, 0x50, 0xE3, 0x00, 0x60, 0xE0, 0xB3, 0xBC, 0x30, 0xD4, 0xE1,
    0x80, 0x00, 0x13, 0xE3, 0x2E, 0x00, 0x00, 0x1A, 0x30, 0x10, 0x94, 0xE5, 0x00, 0x00, 0x51, 0xE3,
    0x06, 0x00, 0x00, 0x0A, 0x40, 0x30, 0x84, 0xE2, 0x03, 0x00, 0x51, 0xE1, 0x01, 0x00, 0x00, 0x0A,
    0x05, 0x00, 0xA0, 0xE1, 0x2D, 0xFD, 0xFF, 0xEB, 0x00, 0x30, 0xA0, 0xE3, 0x30, 0x30, 0x84, 0xE5,
    0x44, 0x10, 0x94, 0xE5, 0x00, 0x00, 0x51, 0xE3, 0x03, 0x00, 0x00, 0x0A, 0x05, 0x00, 0xA0, 0xE1,
    0x26, 0xFD, 0xFF, 0xEB, 0x00, 0x30, 0xA0, 0xE3, 0x44, 0x30, 0x84, 0xE5, 0x00, 0x30, 0xA0, 0xE3,
    0x70, 0x20, 0x94, 0xE5, 0xBC, 0x30, 0xC4, 0xE1, 0x01, 0x00, 0x12, 0xE3, 0x15, 0x00, 0x00, 0x0A,
    0x15, 0xFF, 0xFF, 0xEB, 0x06, 0x00, 0xA0, 0xE1, 0x70, 0x80, 0xBD, 0xE8, 0x00, 0x00, 0x52, 0xE3,
    0xD5, 0xFF, 0xFF, 0x1A, 0x10, 0xFF, 0xFF, 0xEB, 0x00, 0x60, 0xA0, 0xE3, 0x06, 0x00, 0xA0, 0xE1,
    0x70, 0x80, 0xBD, 0xE8, 0xF2, 0xFE, 0xFF, 0xEB, 0xC8, 0xFF, 0xFF, 0xEA, 0x5C, 0x00, 0x84, 0xE2,
    0x36, 0x2B, 0x00, 0xEB, 0xFC, 0x30, 0xD4, 0xE1, 0x00, 0x00, 0x53, 0xE3, 0xCA, 0xFF, 0xFF, 0x1A,
    0x70, 0x30, 0x94, 0xE5, 0x01, 0x00, 0x13, 0xE3, 0xF1, 0xFF, 0xFF, 0x1A, 0x5C, 0x00, 0x84, 0xE2,
    0x35, 0x2B, 0x00, 0xEB, 0xEE, 0xFF, 0xFF, 0xEA, 0x5C, 0x00, 0x84, 0xE2, 0x32, 0x2B, 0x00, 0xEB,
    0xE6, 0xFF, 0xFF, 0xEA, 0x05, 0x00, 0xA0, 0xE1, 0x10, 0x10, 0x94, 0xE5, 0x03, 0xFD, 0xFF, 0xEB,
    0xCC, 0xFF, 0xFF, 0xEA, 0x0B, 0x00, 0x00, 0xEA, 0x10, 0x40, 0x2D, 0xE9, 0x00, 0x10, 0xA0, 0xE3,
    0x00, 0x40, 0xA0, 0xE1, 0xFA, 0xFF, 0xFF, 0xEB, 0x14, 0x30, 0x9F, 0xE5, 0x00, 0x30, 0x93, 0xE5,
    0x00, 0x00, 0x53, 0xE3, 0x00, 0x00, 0x00, 0x0A, 0x33, 0xFF, 0x2F, 0xE1, 0x04, 0x00, 0xA0, 0xE1,
    0xE1, 0x28, 0x00, 0xEB, 0xA8, 0xDB, 0x11, 0x00, 0x70, 0x40, 0x2D, 0xE9, 0x28, 0x50, 0x9F, 0xE5,
    0x28, 0x40, 0x9F, 0xE5, 0x04, 0x40, 0x45, 0xE0, 0x44, 0x41, 0xB0, 0xE1, 0x04, 0x00, 0x00, 0x0A,
    0x04, 0x30, 0x35, 0xE5, 0x01, 0x40, 0x44, 0xE2, 0x33, 0xFF, 0x2F, 0xE1, 0x00, 0x00, 0x54, 0xE3,
    0xFA, 0xFF, 0xFF, 0x1A, 0x70, 0x40, 0xBD, 0xE8, 0x51, 0x2B, 0x00, 0xEA, 0xA8, 0xBD, 0x11, 0x00,
    0xA4, 0xBD, 0x11, 0x00, 0x00, 0x00, 0x51, 0xE3, 0x00, 0x30, 0xA0, 0x11, 0x01, 0xC0, 0x80, 0x10,
    0x03, 0x00, 0x00, 0x1A, 0x07, 0x00, 0x00, 0xEA, 0x01, 0x30, 0x83, 0xE2, 0x03, 0x00, 0x5C, 0xE1,
    0x04, 0x00, 0x00, 0x0A, 0x00, 0x20, 0xD3, 0xE5, 0x00, 0x00, 0x52, 0xE3, 0xF9, 0xFF, 0xFF, 0x1A,
    0x00, 0x00, 0x43, 0xE0, 0x1E, 0xFF, 0x2F, 0xE1, 0x01, 0x00, 0xA0, 0xE1, 0x1E, 0xFF, 0x2F, 0xE1,
    0x00, 0x00, 0x52, 0xE3, 0x2A, 0x00, 0x00, 0x0A, 0x01, 0x30, 0x80, 0xE1, 0x03, 0x00, 0x13, 0xE3,
    0x70, 0x40, 0x2D, 0xE9, 0x00, 0x40, 0xA0, 0xE1, 0x01, 0xE0, 0xA0, 0xE1, 0x14, 0x00, 0x00, 0x1A,
    0x03, 0x00, 0x52, 0xE3, 0x12, 0x00, 0x00, 0x9A, 0xA0, 0x50, 0x9F, 0xE5, 0xA0, 0x60, 0x9F, 0xE5,
    0x07, 0x00, 0x00, 0xEA, 0x04, 0x20, 0x52, 0xE2, 0x1B, 0x00, 0x00, 0x0A, 0x06, 0x00, 0x1C, 0xE1,
    0x19, 0x00, 0x00, 0x1A, 0x03, 0x00, 0x52, 0xE3, 0x04, 0xE0, 0x81, 0xE2, 0x04, 0x40, 0x80, 0xE2,
    0x1B, 0x00, 0x00, 0x9A, 0x00, 0x30, 0x94, 0xE5, 0x00, 0x00, 0x9E, 0xE5, 0x05, 0x10, 0x83, 0xE0,
    0x00, 0x00, 0x53, 0xE1, 0x03, 0xC0, 0xC1, 0xE1, 0x04, 0x00, 0xA0, 0xE1, 0x0E, 0x10, 0xA0, 0xE1,
    0xEF, 0xFF, 0xFF, 0x0A, 0x00, 0x30, 0xD0, 0xE5, 0x00, 0xC0, 0xD1, 0xE5, 0x0C, 0x00, 0x53, 0xE1,
    0x01, 0x20, 0x42, 0x02, 0x02, 0x20, 0x80, 0x00, 0x04, 0x00, 0x00, 0x0A, 0x0A, 0x00, 0x00, 0xEA,
    0x01, 0x30, 0xF0, 0xE5, 0x01, 0xC0, 0xF1, 0xE5, 0x0C, 0x00, 0x53, 0xE1, 0x06, 0x00, 0x00, 0x1A,
    0x00, 0x00, 0x53, 0xE3, 0x02, 0x00, 0x50, 0x11, 0xF8, 0xFF, 0xFF, 0x1A, 0x00, 0x00, 0xA0, 0xE3,
    0x70, 0x80, 0xBD, 0xE8, 0x02, 0x00, 0xA0, 0xE1, 0x1E, 0xFF, 0x2F, 0xE1, 0x0C, 0x00, 0x43, 0xE0,
    0x70, 0x80, 0xBD, 0xE8, 0x04, 0x00, 0xA0, 0xE1, 0x0E, 0x10, 0xA0, 0xE1, 0xE8, 0xFF, 0xFF, 0xEA,
    0xFF, 0xFE, 0xFE, 0xFE, 0x80, 0x80, 0x80, 0x80, 0xF0, 0x47, 0x2D, 0xE9, 0x00, 0x80, 0xA0, 0xE1,
    0x01, 0x70, 0xA0, 0xE1, 0x00, 0x90, 0xA0, 0xE3, 0x02, 0x60, 0xA0, 0xE1, 0x04, 0x50, 0x96, 0xE5,
    0x01, 0x50, 0x55, 0xE2, 0x0E, 0x00, 0x00, 0x4A, 0x08, 0x40, 0x96, 0xE5, 0xBC, 0x30, 0xD4, 0xE1,
    0x01, 0x00, 0x53, 0xE3, 0x06, 0x00, 0x00, 0x9A, 0xFE, 0x30, 0xD4, 0xE1, 0x01, 0x00, 0x73, 0xE3,
    0x03, 0x00, 0x00, 0x0A, 0x04, 0x10, 0xA0, 0xE1, 0x08, 0x00, 0xA0, 0xE1, 0x37, 0xFF, 0x2F, 0xE1,
    0x00, 0x90, 0x89, 0xE1, 0x01, 0x50, 0x45, 0xE2, 0x01, 0x00, 0x75, 0xE3, 0x78, 0x40, 0x84, 0xE2,
    0xF1, 0xFF, 0xFF, 0x1A, 0x00, 0x60, 0x96, 0xE5, 0x00, 0x00, 0x56, 0xE3, 0xEA, 0xFF, 0xFF, 0x1A,
    0x09, 0x00, 0xA0, 0xE1, 0xF0, 0x87, 0xBD, 0xE8, 0xF0, 0x4F, 0x2D, 0xE9, 0x2C, 0xD0, 0x4D, 0xE2,
    0x5C, 0x70, 0x9D, 0xE5, 0x50, 0x60, 0x9D, 0xE5, 0x00, 0xB0, 0x97, 0xE5, 0x10, 0x00, 0x8D, 0xE5,
    0x00, 0x00, 0x5B, 0xE3, 0x02, 0xB0, 0xA0, 0x01, 0x0C, 0x10, 0x8D, 0xE5, 0x08, 0x20, 0xA0, 0xE3,
    0x00, 0x10, 0xA0, 0xE3, 0x20, 0x00, 0x8D, 0xE2, 0x03, 0x90, 0xA0, 0xE1, 0x00, 0x40, 0x96, 0xE5,
    0x31, 0xF9, 0xFF, 0xEB, 0x0C, 0x30, 0x9D, 0xE5, 0x50, 0x60, 0x8D, 0xE5, 0x5C, 0x70, 0x8D, 0xE5,
    0x00, 0x20, 0xDB, 0xE5, 0x0C, 0x10, 0x9D, 0xE5, 0x00, 0x20, 0x52, 0xE2, 0x01, 0x20, 0xA0, 0x13,
    0x01, 0x00, 0x54, 0xE1, 0x00, 0x20, 0xA0, 0xC3, 0x00, 0x00, 0x52, 0xE3, 0x1C, 0x01, 0x00, 0x0A,
    0x03, 0x60, 0xA0, 0xE1, 0x4A, 0x29, 0x00, 0xEB, 0x30, 0x30, 0x90, 0xE5, 0x40, 0x25, 0x9F, 0xE5,
    0x00, 0x00, 0x53, 0xE3, 0x02, 0x30, 0xA0, 0x01, 0xCC, 0x51, 0x93, 0xE5, 0x7C, 0x0F, 0x00, 0xEB,
    0x20, 0x20, 0x8D, 0xE2, 0x00, 0x30, 0xA0, 0xE1, 0x00, 0x20, 0x8D, 0xE5, 0x10, 0x00, 0x9D, 0xE5,
    0x0B, 0x20, 0xA0, 0xE1, 0x1C, 0x10, 0x8D, 0xE2, 0x35, 0xFF, 0x2F, 0xE1, 0x00, 0x00, 0x50, 0xE3,
    0x0C, 0x00, 0x00, 0xDA, 0x1C, 0x30, 0x9D, 0xE5, 0x00, 0xB0, 0x8B, 0xE0, 0x25, 0x00, 0x53, 0xE3,
    0xEB, 0xFF, 0xFF, 0x1A, 0x06, 0x30, 0xA0, 0xE1, 0x0B, 0x10, 0xA0, 0xE1, 0x03, 0xA0, 0xA0, 0xE1,
    0x00, 0x60, 0xE0, 0xE3, 0x00, 0x50, 0xA0, 0xE3, 0x00, 0x70, 0xA0, 0xE3, 0x00, 0x80, 0xA0, 0xE3,
    0x00, 0x30, 0xA0, 0xE3, 0x0C, 0x00, 0x00, 0xEA, 0x06, 0xA0, 0xA0, 0xE1, 0xFD, 0x00, 0x00, 0xEA,
    0x6A, 0x00, 0x52, 0xE3, 0x27, 0x00, 0x00, 0x0A, 0x1E, 0x00, 0x00, 0x8A, 0x4C, 0x00, 0x52, 0xE3,
    0x08, 0x70, 0x87, 0x03, 0x01, 0x00, 0x00, 0x0A, 0x68, 0x00, 0x52, 0xE3, 0x23, 0x00, 0x00, 0x1A,
    0x0B, 0x00, 0x53, 0xE3, 0xF0, 0x00, 0x00, 0x0A, 0x0B, 0x10, 0xA0, 0xE1, 0xA4, 0x04, 0x9F, 0xE5,
    0x00, 0x20, 0xD1, 0xE5, 0xA0, 0xE4, 0x9F, 0xE5, 0x02, 0xC0, 0xD0, 0xE7, 0x83, 0x01, 0x83, 0xE0,
    0x98, 0x34, 0x9F, 0xE5, 0x01, 0xB0, 0x8B, 0xE2, 0x00, 0x30, 0x83, 0xE0, 0x00, 0x00, 0x8E, 0xE0,
    0x0C, 0x00, 0xD0, 0xE7, 0x0C, 0x30, 0xD3, 0xE7, 0x84, 0xC4, 0x9F, 0xE5, 0x01, 0x00, 0x40, 0xE2,
    0x07, 0x00, 0x50, 0xE3, 0xED, 0xFF, 0xFF, 0x8A, 0x00, 0x00, 0x80, 0xE0, 0xF0, 0x00, 0x9C, 0xE1,
    0x00, 0xF1, 0x8F, 0xE0, 0x00, 0xF0, 0x20, 0xE3, 0x0B, 0x10, 0xA0, 0xE1, 0xBC, 0x00, 0x00, 0xEA,
    0x01, 0x10, 0x81, 0xE2, 0xD0, 0x00, 0x00, 0xEA, 0x71, 0x00, 0x52, 0xE3, 0x05, 0x00, 0x00, 0x0A,
    0x70, 0x00, 0x52, 0xE3, 0x05, 0x00, 0x00, 0x9A, 0x74, 0x00, 0x52, 0xE3, 0xDF, 0xFF, 0xFF, 0x0A,
    0x7A, 0x00, 0x52, 0xE3, 0xDC, 0xFF, 0xFF, 0xEA, 0x20, 0x70, 0x87, 0xE3, 0xDB, 0xFF, 0xFF, 0xEA,
    0x01, 0x20, 0xD1, 0xE5, 0x6C, 0x00, 0x52, 0xE3, 0x20, 0x70, 0x87, 0x03, 0x02, 0xB0, 0x81, 0x02,
    0x10, 0x70, 0x87, 0x13, 0xD5, 0xFF, 0xFF, 0xEA, 0x61, 0x00, 0x52, 0xE3, 0x1F, 0x10, 0x04, 0xE2,
    0x6F, 0x00, 0x00, 0x0A, 0x09, 0x00, 0x00, 0x8A, 0x41, 0x20, 0x42, 0xE2, 0x72, 0x00, 0xEF, 0xE6,
    0x17, 0x00, 0x50, 0xE3, 0x1D, 0x00, 0x00, 0x8A, 0xF8, 0x03, 0x9F, 0xE5, 0x17, 0x00, 0x52, 0xE3,
    0x1A, 0x00, 0x00, 0x8A, 0x02, 0x20, 0xD0, 0xE7, 0x02, 0xF1, 0x8F, 0xE0, 0x00, 0xF0, 0x20, 0xE3,
    0x63, 0x00, 0x52, 0xE3, 0x12, 0x00, 0x00, 0x0A, 0x64, 0x20, 0x42, 0xE2, 0x72, 0x20, 0xEF, 0xE6,
    0x14, 0x00, 0x52, 0xE3, 0x11, 0x00, 0x00, 0x8A, 0x01, 0xE0, 0xA0, 0xE3, 0xC8, 0xC3, 0x9F, 0xE5,
    0x1E, 0x02, 0xA0, 0xE1, 0x1E, 0xC2, 0x1C, 0xE0, 0x04, 0x00, 0x00, 0x1A, 0x25, 0x0B, 0x10, 0xE3,
    0x4A, 0x00, 0x00, 0x1A, 0x0E, 0x00, 0x10, 0xE3, 0x55, 0x00, 0x00, 0x1A, 0x07, 0x00, 0x00, 0xEA,
    0x10, 0x00, 0x17, 0xE3, 0x27, 0x52, 0xA0, 0x01, 0x02, 0x50, 0x05, 0x02, 0x03, 0x00, 0x00, 0x0A,
    0x05, 0x00, 0x00, 0xEA, 0x10, 0x50, 0x17, 0xE2, 0x27, 0x00, 0x00, 0x1A, 0x33, 0x00, 0x00, 0xEA,
    0x01, 0x00, 0x76, 0xE3, 0x07, 0x00, 0x00, 0x0A, 0x02, 0x00, 0x00, 0xEA, 0x01, 0x00, 0x76, 0xE3,
    0x01, 0x50, 0xA0, 0x13, 0x0D, 0x00, 0x00, 0x0A, 0x58, 0x20, 0x9D, 0xE5, 0x01, 0x40, 0xA0, 0xE1,
    0x06, 0x51, 0x82, 0xE7, 0xA5, 0xFF, 0xFF, 0xEA, 0x60, 0xE3, 0x9F, 0xE5, 0x01, 0xC0, 0x45, 0xE2,
    0x00, 0x20, 0x99, 0xE5, 0x01, 0x40, 0x81, 0xE2, 0x81, 0x01, 0xA0, 0xE1, 0x05, 0x00, 0x5C, 0xE3,
    0x24, 0x00, 0x00, 0x8A, 0x0C, 0xC0, 0xDE, 0xE7, 0x0C, 0xF1, 0x8F, 0xE0, 0x00, 0xF0, 0x20, 0xE3,
    0x00, 0x20, 0x99, 0xE5, 0x00, 0x60, 0xE0, 0xE3, 0x04, 0x00, 0x82, 0xE2, 0x00, 0x00, 0x89, 0xE5,
    0x00, 0x20, 0x92, 0xE5, 0x54, 0x00, 0x9D, 0xE5, 0x01, 0x50, 0xA0, 0xE3, 0x01, 0x40, 0x81, 0xE2,
    0x81, 0x21, 0x80, 0xE7, 0x91, 0xFF, 0xFF, 0xEA, 0x07, 0x20, 0x82, 0xE2, 0x07, 0x20, 0xC2, 0xE3,
    0x00, 0x7B, 0x92, 0xED, 0x08, 0x10, 0x82, 0xE2, 0x54, 0x20, 0x9D, 0xE5, 0x00, 0x10, 0x89, 0xE5,
    0x00, 0x20, 0x82, 0xE0, 0x00, 0x7B, 0x82, 0xED, 0x88, 0xFF, 0xFF, 0xEA, 0x01, 0x00, 0x76, 0xE3,
    0x06, 0x50, 0xA0, 0x13, 0xDB, 0xFF, 0xFF, 0x1A, 0x00, 0x20, 0x99, 0xE5, 0x00, 0x60, 0xE0, 0xE3,
    0x04, 0x00, 0x82, 0xE2, 0x00, 0x00, 0x89, 0xE5, 0x00, 0x20, 0x92, 0xE5, 0x54, 0x00, 0x9D, 0xE5,
    0x06, 0x50, 0xA0, 0xE3, 0x01, 0x40, 0x81, 0xE2, 0x81, 0x21, 0x80, 0xE7, 0x7B, 0xFF, 0xFF, 0xEA,
    0x01, 0x00, 0x76, 0xE3, 0xCF, 0xFF, 0xFF, 0x1A, 0x00, 0x20, 0x99, 0xE5, 0x00, 0x60, 0xE0, 0xE3,
    0x04, 0x00, 0x82, 0xE2, 0x00, 0x00, 0x89, 0xE5, 0x00, 0x20, 0x92, 0xE5, 0x54, 0x00, 0x9D, 0xE5,
    0x00, 0x50, 0xA0, 0xE3, 0x01, 0x40, 0x81, 0xE2, 0x81, 0x21, 0x80, 0xE7, 0x6F, 0xFF, 0xFF, 0xEA,
    0x01, 0x00, 0x76, 0xE3, 0x03, 0x50, 0xA0, 0x13, 0xC2, 0xFF, 0xFF, 0x1A, 0x00, 0x20, 0x99, 0xE5,
    0x00, 0x60, 0xE0, 0xE3, 0x04, 0x00, 0x82, 0xE2, 0x00, 0x00, 0x89, 0xE5, 0x00, 0x20, 0x92, 0xE5,
    0x54, 0x00, 0x9D, 0xE5, 0x03, 0x50, 0xA0, 0xE3, 0x01, 0x40, 0x81, 0xE2, 0x81, 0x21, 0x80, 0xE7,
    0x62, 0xFF, 0xFF, 0xEA, 0x01, 0x00, 0x76, 0xE3, 0x04, 0x50, 0xA0, 0x13, 0xB5, 0xFF, 0xFF, 0x1A,
    0x00, 0x20, 0x99, 0xE5, 0x01, 0x40, 0x81, 0xE2, 0x07, 0x20, 0x82, 0xE2, 0x07, 0x20, 0xC2, 0xE3,
    0x00, 0x7B, 0x92, 0xED, 0x08, 0x00, 0x82, 0xE2, 0x54, 0x20, 0x9D, 0xE5, 0x00, 0x00, 0x89, 0xE5,
    0x81, 0x11, 0x82, 0xE0, 0x00, 0x7B, 0x81, 0xED, 0x00, 0x60, 0xE0, 0xE3, 0x04, 0x50, 0xA0, 0xE3,
    0x52, 0xFF, 0xFF, 0xEA, 0x07, 0x20, 0x82, 0xE2, 0x07, 0x20, 0xC2, 0xE3, 0x00, 0x7B, 0x92, 0xED,
    0x08, 0x10, 0x82, 0xE2, 0x54, 0x20, 0x9D, 0xE5, 0x00, 0x10, 0x89, 0xE5, 0x00, 0x00, 0x82, 0xE0,
    0x00, 0x7B, 0x80, 0xED, 0x49, 0xFF, 0xFF, 0xEA, 0x58, 0x20, 0x9D, 0xE5, 0x00, 0x20, 0x92, 0xE5,
    0x01, 0x00, 0x72, 0xE3, 0x05, 0x00, 0x00, 0x1A, 0x80, 0x20, 0xA0, 0xE3, 0x00, 0x10, 0xA0, 0xE3,
    0x58, 0x00, 0x9D, 0xE5, 0x14, 0x30, 0x8D, 0xE5, 0x3F, 0xF8, 0xFF, 0xEB, 0x14, 0x30, 0x9D, 0xE5,
    0x01, 0x60, 0x48, 0xE2, 0x06, 0x00, 0x5A, 0xE1, 0x06, 0xA0, 0xA0, 0xB1, 0x3B, 0xFF, 0xFF, 0xEA,
    0x58, 0x20, 0x9D, 0xE5, 0x00, 0x20, 0x92, 0xE5, 0x01, 0x00, 0x72, 0xE3, 0x05, 0x00, 0x00, 0x1A,
    0x80, 0x20, 0xA0, 0xE3, 0x00, 0x10, 0xA0, 0xE3, 0x58, 0x00, 0x9D, 0xE5, 0x14, 0x30, 0x8D, 0xE5,
    0x31, 0xF8, 0xFF, 0xEB, 0x14, 0x30, 0x9D, 0xE5, 0x00, 0x20, 0xA0, 0xE3, 0x01, 0x80, 0x48, 0xE2,
    0x58, 0x10, 0x9D, 0xE5, 0x08, 0x00, 0x5A, 0xE1, 0x08, 0xA0, 0xA0, 0xB1, 0x08, 0x21, 0x81, 0xE7,
    0x2A, 0xFF, 0xFF, 0xEA, 0x00, 0x20, 0x99, 0xE5, 0x01, 0xB0, 0xA0, 0xE1, 0x04, 0x00, 0x82, 0xE2,
    0x00, 0x00, 0x89, 0xE5, 0x00, 0x20, 0x92, 0xE5, 0x54, 0x00, 0x9D, 0xE5, 0x84, 0x21, 0x80, 0xE7,
    0x01, 0x40, 0x84, 0xE2, 0x21, 0xFF, 0xFF, 0xEA, 0x0A, 0x00, 0xA0, 0xE3, 0x30, 0x80, 0x42, 0xE2,
    0x01, 0x10, 0x81, 0xE2, 0x00, 0x20, 0xD1, 0xE5, 0x01, 0xB0, 0xA0, 0xE1, 0x00, 0x00, 0x52, 0xE3,
    0x1A, 0xFF, 0xFF, 0x0A, 0x30, 0x20, 0x42, 0xE2, 0x09, 0x00, 0x52, 0xE3, 0x17, 0xFF, 0xFF, 0x8A,
    0x90, 0x28, 0x28, 0xE0, 0x01, 0x10, 0x81, 0xE2, 0xF5, 0xFF, 0xFF, 0xEA, 0x01, 0xB0, 0xA0, 0xE1,
    0x00, 0x20, 0xDB, 0xE5, 0x01, 0x10, 0x81, 0xE2, 0x30, 0x20, 0x42, 0xE2, 0x72, 0x20, 0xEF, 0xE6,
    0x09, 0x00, 0x52, 0xE3, 0xF8, 0xFF, 0xFF, 0x9A, 0x0C, 0xFF, 0xFF, 0xEA, 0x0A, 0x30, 0xA0, 0xE1,
    0xDA, 0xFE, 0xFF, 0xEA, 0x03, 0xA0, 0xA0, 0xE1, 0x04, 0x00, 0xA0, 0xE1, 0x00, 0x30, 0xDB, 0xE5,
    0x0C, 0x20, 0x9D, 0xE5, 0x00, 0x00, 0x53, 0xE3, 0x54, 0x30, 0x9D, 0xE5, 0x50, 0x60, 0x9D, 0xE5,
    0x5C, 0x70, 0x9D, 0xE5, 0xD8, 0xC0, 0x9F, 0xE5, 0x02, 0xA0, 0xA0, 0x11, 0x84, 0x21, 0x83, 0xE0,
    0x0A, 0x00, 0x50, 0xE1, 0x1D, 0x00, 0x00, 0xCA, 0x58, 0x30, 0x9D, 0xE5, 0x00, 0x11, 0x93, 0xE7,
    0x00, 0x30, 0x99, 0xE5, 0x01, 0x10, 0x41, 0xE2, 0x01, 0x00, 0x80, 0xE2, 0x05, 0x00, 0x51, 0xE3,
    0x10, 0x00, 0x00, 0x8A, 0x01, 0x10, 0xDC, 0xE7, 0x01, 0xF1, 0x8F, 0xE0, 0x00, 0xF0, 0x20, 0xE3,
    0x07, 0x30, 0x83, 0xE2, 0x07, 0x30, 0xC3, 0xE3, 0x00, 0x7B, 0x93, 0xED, 0x08, 0x10, 0x83, 0xE2,
    0x00, 0x10, 0x89, 0xE5, 0x00, 0x7B, 0x82, 0xED, 0x0A, 0x00, 0x00, 0xEA, 0x07, 0x30, 0x83, 0xE2,
    0x07, 0x30, 0xC3, 0xE3, 0x08, 0x10, 0x83, 0xE2, 0x00, 0x10, 0x89, 0xE5, 0x00, 0x7B, 0x93, 0xED,
    0x00, 0x7B, 0x82, 0xED, 0x03, 0x00, 0x00, 0xEA, 0x04, 0x10, 0x83, 0xE2, 0x00, 0x10, 0x89, 0xE5,
    0x00, 0x30, 0x93, 0xE5, 0x00, 0x30, 0x82, 0xE5, 0x08, 0x20, 0x82, 0xE2, 0xDF, 0xFF, 0xFF, 0xEA,
    0x01, 0x20, 0x8A, 0xE2, 0x02, 0x00, 0x54, 0xE1, 0x01, 0x30, 0x64, 0xE2, 0x00, 0x30, 0xA0, 0xC3,
    0x0A, 0x30, 0x83, 0xD0, 0x04, 0x30, 0x83, 0xE0, 0x00, 0x30, 0x86, 0xE5, 0x0C, 0x20, 0x9D, 0xE5,
    0x54, 0x30, 0x9D, 0xE5, 0x00, 0xB0, 0x87, 0xE5, 0x82, 0x01, 0x83, 0xE0, 0x2C, 0xD0, 0x8D, 0xE2,
    0xF0, 0x8F, 0xBD, 0xE8, 0x84, 0xA6, 0x11, 0x00, 0x0C, 0x92, 0x11, 0x00, 0x34, 0x91, 0x11, 0x00,
    0xA0, 0x91, 0x11, 0x00, 0xEE, 0x8F, 0x11, 0x00, 0xFE, 0x8F, 0x11, 0x00, 0x21, 0x08, 0x12, 0x00,
    0x16, 0x90, 0x11, 0x00, 0x1C, 0x90, 0x11, 0x00, 0xF0, 0x4F, 0x2D, 0xE9, 0x04, 0x8B, 0x2D, 0xED,
    0xB9, 0xDF, 0x4D, 0xE2, 0x02, 0xA0, 0xA0, 0xE1, 0x20, 0x10, 0x8D, 0xE5, 0x00, 0x80, 0xA0, 0xE1,
    0x6C, 0x30, 0x8D, 0xE5, 0x3F, 0x14, 0x00, 0xEB, 0x00, 0x30, 0x90, 0xE5, 0x03, 0x00, 0xA0, 0xE1,
    0x50, 0x30, 0x8D, 0xE5, 0x7C, 0xF6, 0xFF, 0xEB, 0x08, 0x20, 0xA0, 0xE3, 0x40, 0x00, 0x8D, 0xE5,
    0x00, 0x10, 0xA0, 0xE3, 0xA0, 0x00, 0x8D, 0xE2, 0xB7, 0xF7, 0xFF, 0xEB, 0x00, 0x00, 0x58, 0xE3,
    0x04, 0x00, 0x00, 0x0A, 0x34, 0x30, 0x98, 0xE5, 0x00, 0x00, 0x53, 0xE3, 0x01, 0x00, 0x00, 0x1A,
    0x08, 0x00, 0xA0, 0xE1, 0xD2, 0xFC, 0xFF, 0xEB, 0x20, 0x30, 0x9D, 0xE5, 0x70, 0x30, 0x93, 0xE5,
    0x01, 0x00, 0x13, 0xE3, 0x06, 0x00, 0x00, 0x1A, 0x20, 0x30, 0x9D, 0xE5, 0xBC, 0x30, 0xD3, 0xE1,
    0x02, 0x0C, 0x13, 0xE3, 0x02, 0x00, 0x00, 0x1A, 0x20, 0x30, 0x9D, 0xE5, 0x5C, 0x00, 0x83, 0xE2,
    0x0E, 0x29, 0x00, 0xEB, 0x20, 0x30, 0x9D, 0xE5, 0xBC, 0x30, 0xD3, 0xE1, 0x08, 0x00, 0x13, 0xE3,
    0x03, 0x00, 0x00, 0x0A, 0x20, 0x30, 0x9D, 0xE5, 0x10, 0x30, 0x93, 0xE5, 0x00, 0x00, 0x53, 0xE3,
    0x12, 0x00, 0x00, 0x1A, 0x08, 0x00, 0xA0, 0xE1, 0x20, 0x10, 0x9D, 0xE5, 0xC9, 0x13, 0x00, 0xEB,
    0x00, 0x00, 0x50, 0xE3, 0x0D, 0x00, 0x00, 0x0A, 0x20, 0x30, 0x9D, 0xE5, 0x70, 0x30, 0x93, 0xE5,
    0x01, 0x00, 0x13, 0xE3, 0x06, 0x00, 0x00, 0x1A, 0x20, 0x30, 0x9D, 0xE5, 0xBC, 0x30, 0xD3, 0xE1,
    0x02, 0x0C, 0x13, 0xE3, 0x02, 0x00, 0x00, 0x1A, 0x20, 0x30, 0x9D, 0xE5, 0x5C, 0x00, 0x83, 0xE2,
    0xFD, 0x28, 0x00, 0xEB, 0x00, 0x30, 0xE0, 0xE3, 0x3C, 0x30, 0x8D, 0xE5, 0x0F, 0x0D, 0x00, 0xEA,
    0x20, 0x30, 0x9D, 0xE5, 0xFC, 0x30, 0xD3, 0xE1, 0x1A, 0x20, 0x03, 0xE2, 0x0A, 0x00, 0x52, 0xE3,
    0x13, 0x00, 0x00, 0x1A, 0x20, 0x20, 0x9D, 0xE5, 0xFE, 0x20, 0xD2, 0xE1, 0x00, 0x00, 0x52, 0xE3,
    0x0F, 0x00, 0x00, 0xBA, 0x20, 0x20, 0x9D, 0xE5, 0x70, 0x20, 0x92, 0xE5, 0x01, 0x00, 0x12, 0xE3,
    0x04, 0x00, 0x00, 0x1A, 0x02, 0x0C, 0x13, 0xE3, 0x02, 0x00, 0x00, 0x1A, 0x20, 0x30, 0x9D, 0xE5,
    0x5C, 0x00, 0x83, 0xE2, 0xE8, 0x28, 0x00, 0xEB, 0x0A, 0x20, 0xA0, 0xE1, 0x08, 0x00, 0xA0, 0xE1,
    0x6C, 0x30, 0x9D, 0xE5, 0x20, 0x10, 0x9D, 0xE5, 0xFF, 0x0C, 0x00, 0xEB, 0x3C, 0x00, 0x8D, 0xE5,
    0xF6, 0x0C, 0x00, 0xEA, 0x00, 0x30, 0xA0, 0xE3, 0x00, 0x10, 0xE0, 0xE3, 0xF9, 0x8B, 0x9F, 0xED,
    0x03, 0xB0, 0xA0, 0xE1, 0xBC, 0x20, 0x8D, 0xE2, 0xB0, 0x20, 0x8D, 0xE5, 0xB8, 0x30, 0x8D, 0xE5,
    0xB4, 0x30, 0x8D, 0xE5, 0x80, 0x30, 0x8D, 0xE5, 0x60, 0x11, 0x8D, 0xE5, 0x7C, 0x30, 0x8D, 0xE5,
    0x28, 0x30, 0x8D, 0xE5, 0x58, 0x30, 0x8D, 0xE5, 0x5C, 0x30, 0x8D, 0xE5, 0x44, 0x30, 0x8D, 0xE5,
    0x4C, 0x30, 0x8D, 0xE5, 0x54, 0x30, 0x8D, 0xE5, 0x3C, 0x30, 0x8D, 0xE5, 0x18, 0x20, 0x8D, 0xE5,
    0x14, 0x80, 0x8D, 0xE5, 0x0A, 0x50, 0xA0, 0xE1, 0xA0, 0x40, 0x8D, 0xE2, 0x80, 0x27, 0x00, 0xEB,
    0x30, 0x30, 0x90, 0xE5, 0x94, 0x23, 0x9F, 0xE5, 0x00, 0x00, 0x53, 0xE3, 0x02, 0x30, 0xA0, 0x01,
    0xCC, 0x61, 0x93, 0xE5, 0xB2, 0x0D, 0x00, 0xEB, 0x05, 0x20, 0xA0, 0xE1, 0x00, 0x30, 0xA0, 0xE1,
    0x00, 0x40, 0x8D, 0xE5, 0x14, 0x00, 0x9D, 0xE5, 0x88, 0x10, 0x8D, 0xE2, 0x36, 0xFF, 0x2F, 0xE1,
    0x00, 0x60, 0x50, 0xE2, 0x0B, 0x00, 0x00, 0x0A, 0x05, 0x00, 0x00, 0xAA, 0x08, 0x20, 0xA0, 0xE3,
    0x00, 0x10, 0xA0, 0xE3, 0x04, 0x00, 0xA0, 0xE1, 0x47, 0xF7, 0xFF, 0xEB, 0x01, 0x60, 0xA0, 0xE3,
    0x02, 0x00, 0x00, 0xEA, 0x88, 0x30, 0x9D, 0xE5, 0x25, 0x00, 0x53, 0xE3, 0x01, 0x00, 0x00, 0x0A,
    0x06, 0x50, 0x85, 0xE0, 0xE4, 0xFF, 0xFF, 0xEA, 0x0A, 0x40, 0x55, 0xE0, 0x17, 0x00, 0x00, 0x0A,
    0x18, 0x30, 0x9D, 0xE5, 0x00, 0xA0, 0x83, 0xE5, 0x04, 0x40, 0x83, 0xE5, 0xB8, 0x30, 0x9D, 0xE5,
    0x04, 0x30, 0x83, 0xE0, 0xB8, 0x30, 0x8D, 0xE5, 0xB4, 0x30, 0x9D, 0xE5, 0x01, 0x30, 0x83, 0xE2,
    0x07, 0x00, 0x53, 0xE3, 0xB4, 0x30, 0x8D, 0xE5, 0x18, 0x30, 0x9D, 0xD5, 0x08, 0x30, 0x83, 0xD2,
    0x06, 0x00, 0x00, 0xDA, 0x20, 0x10, 0x9D, 0xE5, 0x14, 0x00, 0x9D, 0xE5, 0xB0, 0x20, 0x8D, 0xE2,
    0x94, 0x0D, 0x00, 0xEB, 0x00, 0x00, 0x50, 0xE3, 0xA1, 0x0C, 0x00, 0x1A, 0xBC, 0x30, 0x8D, 0xE2,
    0x18, 0x30, 0x8D, 0xE5, 0x3C, 0x30, 0x9D, 0xE5, 0x04, 0x30, 0x83, 0xE0, 0x3C, 0x30, 0x8D, 0xE5,
    0x00, 0x00, 0x56, 0xE3, 0x86, 0x0C, 0x00, 0x0A, 0x00, 0x30, 0xA0, 0xE3, 0x00, 0x10, 0xE0, 0xE3,
    0x2C, 0xA0, 0x8D, 0xE5, 0x0B, 0x40, 0xA0, 0xE1, 0x03, 0x90, 0xA0, 0xE1, 0x03, 0x80, 0xA0, 0xE1,
    0x03, 0xA0, 0xA0, 0xE1, 0xA8, 0x72, 0x9F, 0xE5, 0x01, 0x20, 0x85, 0xE2, 0x77, 0x30, 0xCD, 0xE5,
    0x1C, 0x10, 0x8D, 0xE5, 0x34, 0x30, 0x8D, 0xE5, 0x01, 0x30, 0xD2, 0xE4, 0x20, 0x10, 0x43, 0xE2,
    0x5A, 0x00, 0x51, 0xE3, 0xAE, 0x08, 0x00, 0x8A, 0x01, 0x10, 0x81, 0xE0, 0xF1, 0x10, 0x97, 0xE1,
    0x01, 0xF1, 0x8F, 0xE0, 0x00, 0xF0, 0x20, 0xE3, 0x24, 0x30, 0x8D, 0xE5, 0x38, 0x20, 0x8D, 0xE5,
    0x70, 0x32, 0x9F, 0xE5, 0x34, 0xA0, 0x8D, 0xE5, 0x4E, 0x07, 0x00, 0xEA, 0x14, 0x00, 0x9D, 0xE5,
    0x24, 0x20, 0x8D, 0xE5, 0x87, 0x13, 0x00, 0xEB, 0x04, 0x30, 0x90, 0xE5, 0x03, 0x00, 0xA0, 0xE1,
    0x54, 0x30, 0x8D, 0xE5, 0xC4, 0xF5, 0xFF, 0xEB, 0x4C, 0x00, 0x8D, 0xE5, 0x14, 0x00, 0x9D, 0xE5,
    0x80, 0x13, 0x00, 0xEB, 0x08, 0x30, 0x90, 0xE5, 0x44, 0x30, 0x8D, 0xE5, 0x44, 0x20, 0x9D, 0xE5,
    0x4C, 0x30, 0x9D, 0xE5, 0x00, 0x00, 0x53, 0xE3, 0x00, 0x00, 0x52, 0x13, 0x24, 0x20, 0x9D, 0xE5,
    0xE0, 0xFF, 0xFF, 0x0A, 0x44, 0x30, 0x9D, 0xE5, 0x00, 0x30, 0xD3, 0xE5, 0x00, 0x00, 0x53, 0xE3,
    0x01, 0x8B, 0x88, 0x13, 0xDB, 0xFF, 0xFF, 0xEA, 0x77, 0x30, 0xDD, 0xE5, 0x00, 0x00, 0x53, 0xE3,
    0x20, 0x30, 0xA0, 0x03, 0x46, 0x00, 0x00, 0x0A, 0xD6, 0xFF, 0xFF, 0xEA, 0x01, 0x80, 0x88, 0xE3,
    0xD4, 0xFF, 0xFF, 0xEA, 0x00, 0x30, 0xD2, 0xE5, 0x30, 0x10, 0x43, 0xE2, 0x09, 0x00, 0x51, 0xE3,
    0x23, 0x00, 0x00, 0x8A, 0x00, 0x10, 0xA0, 0xE3, 0x0A, 0x00, 0xA0, 0xE3, 0x01, 0x60, 0x82, 0xE2,
    0x30, 0x30, 0x43, 0xE2, 0x90, 0x31, 0x21, 0xE0, 0x01, 0x30, 0xD6, 0xE4, 0x30, 0xC0, 0x43, 0xE2,
    0x09, 0x00, 0x5C, 0xE3, 0xF9, 0xFF, 0xFF, 0x9A, 0x24, 0x00, 0x53, 0xE3, 0x01, 0x00, 0x00, 0x0A,
    0x00, 0x90, 0xA0, 0xE3, 0xC3, 0xFF, 0xFF, 0xEA, 0x20, 0x00, 0x51, 0xE3, 0x50, 0x0C, 0x00, 0xCA,
    0x7C, 0x30, 0x9D, 0xE5, 0x01, 0x10, 0x41, 0xE2, 0x01, 0x00, 0x53, 0xE1, 0x2E, 0x3E, 0x8D, 0xC2,
    0x81, 0x11, 0x83, 0xC0, 0x00, 0xA1, 0x11, 0xC5, 0x15, 0x00, 0x00, 0xCA, 0x80, 0x30, 0x8D, 0xE2,
    0x0C, 0x30, 0x8D, 0xE5, 0x16, 0x3E, 0x8D, 0xE2, 0x08, 0x30, 0x8D, 0xE5, 0x1E, 0x3E, 0x8D, 0xE2,
    0x04, 0x30, 0x8D, 0xE5, 0x7C, 0x30, 0x8D, 0xE2, 0x00, 0x30, 0x8D, 0xE5, 0x05, 0x20, 0xA0, 0xE1,
    0x14, 0x00, 0x9D, 0xE5, 0x6C, 0x30, 0x8D, 0xE2, 0x86, 0xFD, 0xFF, 0xEB, 0x00, 0xA0, 0x90, 0xE5,
    0x07, 0x00, 0x00, 0xEA, 0x7C, 0x30, 0x9D, 0xE5, 0x01, 0x00, 0x8B, 0xE2, 0x0B, 0x00, 0x53, 0xE1,
    0x2E, 0x3E, 0x8D, 0xC2, 0x84, 0x31, 0x83, 0xC0, 0x00, 0xA1, 0x13, 0xC5, 0x0D, 0x00, 0x00, 0xCA,
    0x01, 0x00, 0x00, 0xEA, 0x06, 0x20, 0xA0, 0xE1, 0x0B, 0x00, 0x00, 0xEA, 0x6C, 0x10, 0x9D, 0xE5,
    0x1F, 0x00, 0x53, 0xE3, 0x04, 0xA0, 0x91, 0xE4, 0x6C, 0x10, 0x8D, 0xC5, 0x05, 0x00, 0x00, 0xCA,
    0x6C, 0x10, 0x8D, 0xE5, 0x2E, 0x1E, 0x8D, 0xE2, 0x01, 0xC0, 0x83, 0xE2, 0x83, 0x31, 0x81, 0xE0,
    0x7C, 0xC0, 0x8D, 0xE5, 0x00, 0xA1, 0x03, 0xE5, 0x00, 0xB0, 0xA0, 0xE1, 0x00, 0x00, 0x5A, 0xE3,
    0x94, 0xFF, 0xFF, 0xAA, 0x00, 0xA0, 0x6A, 0xE2, 0x04, 0x80, 0x88, 0xE3, 0x91, 0xFF, 0xFF, 0xEA,
    0x2B, 0x30, 0xA0, 0xE3, 0x77, 0x30, 0xCD, 0xE5, 0x8E, 0xFF, 0xFF, 0xEA, 0x02, 0x00, 0xA0, 0xE1,
    0x01, 0x30, 0xD0, 0xE4, 0x2A, 0x00, 0x53, 0xE3, 0x49, 0x00, 0x00, 0x1A, 0x01, 0x30, 0xD2, 0xE5,
    0x30, 0x10, 0x43, 0xE2, 0x09, 0x00, 0x51, 0xE3, 0x22, 0x00, 0x00, 0x8A, 0x02, 0x60, 0x82, 0xE2,
    0x00, 0x10, 0xA0, 0xE3, 0x0A, 0x20, 0xA0, 0xE3, 0x30, 0x30, 0x43, 0xE2, 0x92, 0x31, 0x21, 0xE0,
    0x01, 0x30, 0xD6, 0xE4, 0x30, 0xC0, 0x43, 0xE2, 0x09, 0x00, 0x5C, 0xE3, 0xF9, 0xFF, 0xFF, 0x9A,
    0x24, 0x00, 0x53, 0xE3, 0x00, 0x20, 0xA0, 0x11, 0xB4, 0xFF, 0xFF, 0x1A, 0x20, 0x00, 0x51, 0xE3,
    0x07, 0x0C, 0x00, 0xCA, 0x7C, 0x30, 0x9D, 0xE5, 0x01, 0x10, 0x41, 0xE2, 0x01, 0x00, 0x53, 0xE1,
    0x2E, 0x3E, 0x8D, 0xC2, 0x81, 0x11, 0x83, 0xC0, 0x00, 0x31, 0x11, 0xC5, 0x1A, 0x00, 0x00, 0xCA,
    0x80, 0x30, 0x8D, 0xE2, 0x0C, 0x30, 0x8D, 0xE5, 0x16, 0x3E, 0x8D, 0xE2, 0x08, 0x30, 0x8D, 0xE5,
    0x1E, 0x3E, 0x8D, 0xE2, 0x04, 0x30, 0x8D, 0xE5, 0x7C, 0x30, 0x8D, 0xE2, 0x00, 0x30, 0x8D, 0xE5,
    0x05, 0x20, 0xA0, 0xE1, 0x6C, 0x30, 0x8D, 0xE2, 0x14, 0x00, 0x9D, 0xE5, 0x3D, 0xFD, 0xFF, 0xEB,
    0x00, 0x30, 0x90, 0xE5, 0x0C, 0x00, 0x00, 0xEA, 0x7C, 0x20, 0x9D, 0xE5, 0x01, 0x10, 0x8B, 0xE2,
    0x0B, 0x00, 0x52, 0xE1, 0x2E, 0x3E, 0x8D, 0xC2, 0x84, 0x31, 0x83, 0xC0, 0x00, 0x31, 0x13, 0xC5,
    0x16, 0x00, 0x00, 0xCA, 0x07, 0x00, 0x00, 0xEA, 0x00, 0x00, 0x00, 0x00, 0x00, 0x00, 0x00, 0x00,
    0x84, 0xA6, 0x11, 0x00, 0x5E, 0x90, 0x11, 0x00, 0x32, 0x90, 0x11, 0x00, 0x06, 0x00, 0xA0, 0xE1,
    0x0B, 0x10, 0xA0, 0xE1, 0x0D, 0x00, 0x00, 0xEA, 0x6C, 0x30, 0x9D, 0xE5, 0x1F, 0x00, 0x52, 0xE3,
    0x04, 0x20, 0x83, 0xC2, 0x6C, 0x20, 0x8D, 0xC5, 0x00, 0x30, 0x93, 0xC5, 0x07, 0x00, 0x00, 0xCA,
    0x01, 0xC0, 0x82, 0xE2, 0x7C, 0xC0, 0x8D, 0xE5, 0x04, 0xC0, 0x83, 0xE2, 0x6C, 0xC0, 0x8D, 0xE5,
    0x00, 0x30, 0x93, 0xE5, 0x2E, 0xCE, 0x8D, 0xE2, 0x82, 0x21, 0x8C, 0xE0, 0x00, 0x31, 0x02, 0xE5,
    0xC3, 0x3F, 0x83, 0xE1, 0x01, 0xB0, 0xA0, 0xE1, 0x00, 0x20, 0xA0, 0xE1, 0x1C, 0x30, 0x8D, 0xE5,
    0x40, 0xFF, 0xFF, 0xEA, 0x00, 0x20, 0xA0, 0xE3, 0x0A, 0xC0, 0xA0, 0xE3, 0x30, 0x10, 0x43, 0xE2,
    0x09, 0x00, 0x51, 0xE3, 0x9C, 0x12, 0x22, 0x90, 0x01, 0x30, 0xD0, 0x94, 0xFA, 0xFF, 0xFF, 0x9A,
    0xC2, 0x2F, 0x82, 0xE1, 0x1C, 0x20, 0x8D, 0xE5, 0x0A, 0x10, 0xA0, 0xE1, 0x00, 0x20, 0xA0, 0xE1,
    0x01, 0xA0, 0xA0, 0xE1, 0x34, 0xFF, 0xFF, 0xEA, 0x80, 0x80, 0x88, 0xE3, 0x31, 0xFF, 0xFF, 0xEA,
    0x00, 0x10, 0xA0, 0xE3, 0x0A, 0x00, 0xA0, 0xE3, 0x30, 0x30, 0x43, 0xE2, 0x90, 0x31, 0x21, 0xE0,
    0x01, 0x30, 0xD2, 0xE4, 0x30, 0xC0, 0x43, 0xE2, 0x09, 0x00, 0x5C, 0xE3, 0xF9, 0xFF, 0xFF, 0x9A,
    0x24, 0x00, 0x53, 0xE3, 0xF1, 0xFF, 0xFF, 0x1A, 0x20, 0x00, 0x51, 0xE3, 0xB4, 0x0B, 0x00, 0xCA,
    0x01, 0x90, 0xA0, 0xE3, 0x01, 0x40, 0x41, 0xE2, 0x22, 0xFF, 0xFF, 0xEA, 0x08, 0x80, 0x88, 0xE3,
    0x20, 0xFF, 0xFF, 0xEA, 0x00, 0x30, 0xD2, 0xE5, 0x68, 0x00, 0x53, 0xE3, 0x01, 0x20, 0x82, 0x02,
    0x02, 0x8C, 0x88, 0x03, 0x40, 0x80, 0x88, 0x13, 0x1A, 0xFF, 0xFF, 0xEA, 0x00, 0x30, 0xD2, 0xE5,
    0x6C, 0x00, 0x53, 0xE3, 0x01, 0x20, 0x82, 0x02, 0x10, 0x80, 0x88, 0x13, 0x15, 0xFF, 0xFF, 0x1A,
    0x20, 0x80, 0x88, 0xE3, 0x13, 0xFF, 0xFF, 0xEA, 0x43, 0x00, 0x53, 0xE3, 0x7C, 0x60, 0x9D, 0xE5,
    0x38, 0x20, 0x8D, 0xE5, 0x24, 0x30, 0x8D, 0xE5, 0x34, 0xA0, 0x8D, 0xE5, 0x01, 0x00, 0x00, 0x0A,
    0x10, 0x00, 0x18, 0xE3, 0x33, 0x00, 0x00, 0x0A, 0x08, 0x20, 0xA0, 0xE3, 0x00, 0x10, 0xA0, 0xE3,
    0xA8, 0x00, 0x8D, 0xE2, 0x20, 0xF6, 0xFF, 0xEB, 0x00, 0x00, 0x59, 0xE3, 0x14, 0x00, 0x00, 0x0A,
    0x06, 0x00, 0x54, 0xE1, 0x2E, 0x3E, 0x8D, 0xB2, 0x84, 0x41, 0x83, 0xB0, 0x00, 0x21, 0x14, 0xB5,
    0x0D, 0x00, 0x00, 0xBA, 0x80, 0x30, 0x8D, 0xE2, 0x0C, 0x30, 0x8D, 0xE5, 0x16, 0x3E, 0x8D, 0xE2,
    0x08, 0x30, 0x8D, 0xE5, 0x1E, 0x3E, 0x8D, 0xE2, 0x04, 0x30, 0x8D, 0xE5, 0x7C, 0x30, 0x8D, 0xE2,
    0x05, 0x20, 0xA0, 0xE1, 0x00, 0x30, 0x8D, 0xE5, 0x04, 0x10, 0xA0, 0xE1, 0x14, 0x00, 0x9D, 0xE5,
    0x6C, 0x30, 0x8D, 0xE2, 0xCB, 0xFC, 0xFF, 0xEB, 0x00, 0x20, 0x90, 0xE5, 0x0B, 0x50, 0xA0, 0xE1,
    0x0F, 0x00, 0x00, 0xEA, 0x06, 0x00, 0x5B, 0xE1, 0x2E, 0x3E, 0x8D, 0xB2, 0x84, 0x41, 0x83, 0xB0,
    0x00, 0x21, 0x14, 0xB5, 0x01, 0x50, 0x8B, 0xE2, 0x09, 0x00, 0x00, 0xBA, 0x6C, 0x30, 0x9D, 0xE5,
    0x1F, 0x00, 0x56, 0xE3, 0x04, 0x20, 0x93, 0xE4, 0x01, 0x10, 0x86, 0xD2, 0x6C, 0x30, 0x8D, 0xD5,
    0x2E, 0x3E, 0x8D, 0xD2, 0x86, 0x61, 0x83, 0xD0, 0x7C, 0x10, 0x8D, 0xD5, 0x00, 0x21, 0x06, 0xD5,
    0x6C, 0x30, 0x8D, 0xC5, 0x14, 0x00, 0x9D, 0xE5, 0xA8, 0x30, 0x8D, 0xE2, 0xFC, 0x10, 0x8D, 0xE2,
    0xAE, 0x0B, 0x00, 0xEB, 0x01, 0x00, 0x70, 0xE3, 0x1C, 0x00, 0x8D, 0xE5, 0x86, 0x01, 0x00, 0x0A,
    0x05, 0xB0, 0xA0, 0xE1, 0x2B, 0x00, 0x00, 0xEA, 0x00, 0x00, 0x59, 0xE3, 0x14, 0x00, 0x00, 0x0A,
    0x06, 0x00, 0x54, 0xE1, 0x2E, 0x3E, 0x8D, 0xB2, 0x84, 0x41, 0x83, 0xB0, 0x00, 0x21, 0x54, 0xB5,
    0x0D, 0x00, 0x00, 0xBA, 0x80, 0x30, 0x8D, 0xE2, 0x0C, 0x30, 0x8D, 0xE5, 0x16, 0x3E, 0x8D, 0xE2,
    0x08, 0x30, 0x8D, 0xE5, 0x1E, 0x3E, 0x8D, 0xE2, 0x04, 0x30, 0x8D, 0xE5, 0x7C, 0x30, 0x8D, 0xE2,
    0x05, 0x20, 0xA0, 0xE1, 0x00, 0x30, 0x8D, 0xE5, 0x04, 0x10, 0xA0, 0xE1, 0x14, 0x00, 0x9D, 0xE5,
    0x6C, 0x30, 0x8D, 0xE2, 0x9B, 0xFC, 0xFF, 0xEB, 0x00, 0x20, 0xD0, 0xE5, 0x0B, 0x10, 0xA0, 0xE1,
    0x10, 0x00, 0x00, 0xEA, 0x06, 0x00, 0x5B, 0xE1, 0x2E, 0x3E, 0x8D, 0xB2, 0x84, 0x41, 0x83, 0xB0,
    0x00, 0x21, 0x54, 0xB5, 0x01, 0x10, 0x8B, 0xE2, 0x0A, 0x00, 0x00, 0xBA, 0x6C, 0x30, 0x9D, 0xE5,
    0x1F, 0x00, 0x56, 0xE3, 0x04, 0x00, 0x93, 0xE4, 0x01, 0xC0, 0x86, 0xD2, 0x6C, 0x30, 0x8D, 0xD5,
    0x2E, 0x3E, 0x8D, 0xD2, 0x86, 0x61, 0x83, 0xD0, 0x70, 0x20, 0xEF, 0xE6, 0x7C, 0xC0, 0x8D, 0xD5,
    0x00, 0x01, 0x06, 0xD5, 0x6C, 0x30, 0x8D, 0xC5, 0x01, 0x30, 0xA0, 0xE3, 0x01, 0xB0, 0xA0, 0xE1,
    0xFC, 0x20, 0xCD, 0xE5, 0x1C, 0x30, 0x8D, 0xE5, 0x00, 0x30, 0xA0, 0xE3, 0x03, 0x90, 0xA0, 0xE1,
    0x77, 0x30, 0xCD, 0xE5, 0x65, 0x07, 0x00, 0xEA, 0x38, 0x20, 0x8D, 0xE5, 0x24, 0x30, 0x8D, 0xE5,
    0x34, 0xA0, 0x8D, 0xE5, 0x10, 0x80, 0x88, 0xE3, 0x02, 0x00, 0x00, 0xEA, 0x38, 0x20, 0x8D, 0xE5,
    0x24, 0x30, 0x8D, 0xE5, 0x34, 0xA0, 0x8D, 0xE5, 0x20, 0x00, 0x18, 0xE3, 0x7C, 0x30, 0x9D, 0xE5,
    0x35, 0x00, 0x00, 0x0A, 0x00, 0x00, 0x59, 0xE3, 0x17, 0x00, 0x00, 0x0A, 0x03, 0x00, 0x54, 0xE1,
    0x04, 0x00, 0x00, 0xAA, 0x1E, 0x3E, 0x8D, 0xE2, 0x84, 0x91, 0x93, 0xE7, 0x84, 0x31, 0x83, 0xE0,
    0x04, 0x10, 0x93, 0xE5, 0x0E, 0x00, 0x00, 0xEA, 0x80, 0x30, 0x8D, 0xE2, 0x0C, 0x30, 0x8D, 0xE5,
    0x16, 0x3E, 0x8D, 0xE2, 0x08, 0x30, 0x8D, 0xE5, 0x1E, 0x3E, 0x8D, 0xE2, 0x04, 0x30, 0x8D, 0xE5,
    0x7C, 0x30, 0x8D, 0xE2, 0x04, 0x10, 0xA0, 0xE1, 0x00, 0x30, 0x8D, 0xE5, 0x05, 0x20, 0xA0, 0xE1,
    0x14, 0x00, 0x9D, 0xE5, 0x6C, 0x30, 0x8D, 0xE2, 0x5E, 0xFC, 0xFF, 0xEB, 0x00, 0x90, 0x90, 0xE5,
    0x04, 0x10, 0x90, 0xE5, 0x0B, 0x00, 0xA0, 0xE1, 0x19, 0x00, 0x00, 0xEA, 0x03, 0x00, 0x5B, 0xE1,
    0x01, 0x00, 0x8B, 0xE2, 0x04, 0x00, 0x00, 0xAA, 0x1E, 0x3E, 0x8D, 0xE2, 0x84, 0x91, 0x93, 0xE7,
    0x84, 0x31, 0x83, 0xE0, 0x04, 0x10, 0x93, 0xE5, 0x11, 0x00, 0x00, 0xEA, 0x6C, 0x20, 0x9D, 0xE5,
    0x1F, 0x00, 0x53, 0xE3, 0x07, 0x20, 0x82, 0xE2, 0x07, 0x20, 0xC2, 0xE3, 0xD8, 0x40, 0xC2, 0xE0,
    0x04, 0x90, 0xA0, 0xC1, 0x05, 0x10, 0xA0, 0xC1, 0x6C, 0x20, 0x8D, 0xC5, 0x08, 0x00, 0x00, 0xCA,
    0x01, 0x10, 0x83, 0xE2, 0x7C, 0x10, 0x8D, 0xE5, 0x04, 0x90, 0xA0, 0xE1, 0x05, 0x10, 0xA0, 0xE1,
    0x6C, 0x20, 0x8D, 0xE5, 0x1E, 0x2E, 0x8D, 0xE2, 0x83, 0x41, 0x82, 0xE7, 0x83, 0x21, 0x82, 0xE0,
    0x04, 0x50, 0x82, 0xE5, 0x01, 0x50, 0xA0, 0xE1, 0x2A, 0x00, 0x00, 0xEA, 0x10, 0x00, 0x18, 0xE3,
    0x2A, 0x00, 0x00, 0x0A, 0x00, 0x00, 0x59, 0xE3, 0x13, 0x00, 0x00, 0x0A, 0x03, 0x00, 0x54, 0xE1,
    0x2E, 0x3E, 0x8D, 0xB2, 0x84, 0x41, 0x83, 0xB0, 0x00, 0x91, 0x14, 0xB5, 0x62, 0x00, 0x00, 0xBA,
    0x80, 0x30, 0x8D, 0xE2, 0x0C, 0x30, 0x8D, 0xE5, 0x16, 0x3E, 0x8D, 0xE2, 0x08, 0x30, 0x8D, 0xE5,
    0x1E, 0x3E, 0x8D, 0xE2, 0x04, 0x30, 0x8D, 0xE5, 0x7C, 0x30, 0x8D, 0xE2, 0x00, 0x30, 0x8D, 0xE5,
    0x05, 0x20, 0xA0, 0xE1, 0x04, 0x10, 0xA0, 0xE1, 0x14, 0x00, 0x9D, 0xE5, 0x6C, 0x30, 0x8D, 0xE2,
    0x28, 0xFC, 0xFF, 0xEB, 0x00, 0x90, 0x90, 0xE5, 0x53, 0x00, 0x00, 0xEA, 0x03, 0x00, 0x5B, 0xE1,
    0x2E, 0x3E, 0x8D, 0xB2, 0x84, 0x41, 0x83, 0xB0, 0x00, 0x91, 0x14, 0xB5, 0x01, 0x00, 0x8B, 0xE2,
    0x0B, 0x00, 0x00, 0xBA, 0x6C, 0x20, 0x9D, 0xE5, 0x1F, 0x00, 0x53, 0xE3, 0x04, 0x90, 0x92, 0xE4,
    0x06, 0x00, 0x00, 0xCA, 0x6C, 0x20, 0x8D, 0xE5, 0x2E, 0x2E, 0x8D, 0xE2, 0x01, 0x10, 0x83, 0xE2,
    0x83, 0x31, 0x82, 0xE0, 0x7C, 0x10, 0x8D, 0xE5, 0x00, 0x91, 0x03, 0xE5, 0x00, 0x00, 0x00, 0xEA,
    0x6C, 0x20, 0x8D, 0xE5, 0xC9, 0x5F, 0xA0, 0xE1, 0x00, 0xB0, 0xA0, 0xE1, 0x7D, 0x00, 0x00, 0xEA,
    0x40, 0x00, 0x18, 0xE3, 0x23, 0x00, 0x00, 0x0A, 0x00, 0x00, 0x59, 0xE3, 0x15, 0x00, 0x00, 0x0A,
    0x03, 0x00, 0x54, 0xE1, 0x04, 0x00, 0x00, 0xAA, 0x2E, 0x3E, 0x8D, 0xE2, 0x84, 0x41, 0x83, 0xE0,
    0x00, 0x91, 0x14, 0xE5, 0x79, 0x90, 0xBF, 0xE6, 0x33, 0x00, 0x00, 0xEA, 0x80, 0x30, 0x8D, 0xE2,
    0x0C, 0x30, 0x8D, 0xE5, 0x16, 0x3E, 0x8D, 0xE2, 0x08, 0x30, 0x8D, 0xE5, 0x1E, 0x3E, 0x8D, 0xE2,
    0x04, 0x30, 0x8D, 0xE5, 0x7C, 0x30, 0x8D, 0xE2, 0x00, 0x30, 0x8D, 0xE5, 0x05, 0x20, 0xA0, 0xE1,
    0x04, 0x10, 0xA0, 0xE1, 0x14, 0x00, 0x9D, 0xE5, 0x6C, 0x30, 0x8D, 0xE2, 0xF9, 0xFB, 0xFF, 0xEB,
    0xF0, 0x90, 0xD0, 0xE1, 0x24, 0x00, 0x00, 0xEA, 0x03, 0x00, 0x5B, 0xE1, 0x01, 0x00, 0x8B, 0xE2,
    0x04, 0x00, 0x00, 0xAA, 0x2E, 0x3E, 0x8D, 0xE2, 0x84, 0x41, 0x83, 0xE0, 0x00, 0x91, 0x14, 0xE5,
    0x79, 0x90, 0xBF, 0xE6, 0xDA, 0xFF, 0xFF, 0xEA, 0x6C, 0x20, 0x9D, 0xE5, 0x04, 0x10, 0x92, 0xE4,
    0x71, 0x90, 0xBF, 0xE6, 0x25, 0x00, 0x00, 0xEA, 0x02, 0x0C, 0x18, 0xE3, 0x2C, 0x00, 0x00, 0x0A,
    0x00, 0x00, 0x59, 0xE3, 0x16, 0x00, 0x00, 0x0A, 0x03, 0x00, 0x54, 0xE1, 0x04, 0x00, 0x00, 0xAA,
    0x2E, 0x3E, 0x8D, 0xE2, 0x84, 0x41, 0x83, 0xE0, 0x00, 0x91, 0x14, 0xE5, 0x79, 0x90, 0xAF, 0xE6,
    0x0D, 0x00, 0x00, 0xEA, 0x80, 0x30, 0x8D, 0xE2, 0x0C, 0x30, 0x8D, 0xE5, 0x16, 0x3E, 0x8D, 0xE2,
    0x08, 0x30, 0x8D, 0xE5, 0x1E, 0x3E, 0x8D, 0xE2, 0x04, 0x30, 0x8D, 0xE5, 0x7C, 0x30, 0x8D, 0xE2,
    0x00, 0x30, 0x8D, 0xE5, 0x05, 0x20, 0xA0, 0xE1, 0x04, 0x10, 0xA0, 0xE1, 0x14, 0x00, 0x9D, 0xE5,
    0x6C, 0x30, 0x8D, 0xE2, 0xD3, 0xFB, 0xFF, 0xEB, 0xD0, 0x90, 0xD0, 0xE1, 0x0B, 0x00, 0xA0, 0xE1,
    0xBB, 0xFF, 0xFF, 0xEA, 0x03, 0x00, 0x5B, 0xE1, 0x01, 0x00, 0x8B, 0xE2, 0x04, 0x00, 0x00, 0xAA,
    0x2E, 0x3E, 0x8D, 0xE2, 0x84, 0x41, 0x83, 0xE0, 0x00, 0x91, 0x14, 0xE5, 0x79, 0x90, 0xAF, 0xE6,
    0xB3, 0xFF, 0xFF, 0xEA, 0x6C, 0x20, 0x9D, 0xE5, 0x04, 0x10, 0x92, 0xE4, 0x71, 0x90, 0xAF, 0xE6,
    0x1F, 0x00, 0x53, 0xE3, 0xAD, 0xFF, 0xFF, 0xCA, 0x6C, 0x20, 0x8D, 0xE5, 0x2E, 0x2E, 0x8D, 0xE2,
    0x01, 0xC0, 0x83, 0xE2, 0x83, 0x31, 0x82, 0xE0, 0x7C, 0xC0, 0x8D, 0xE5, 0x00, 0x11, 0x03, 0xE5,
    0xA7, 0xFF, 0xFF, 0xEA, 0x00, 0x00, 0x59, 0xE3, 0x14, 0x00, 0x00, 0x0A, 0x03, 0x00, 0x54, 0xE1,
    0x2E, 0x3E, 0x8D, 0xB2, 0x84, 0x41, 0x83, 0xB0, 0x00, 0x91, 0x14, 0xB5, 0x0D, 0x00, 0x00, 0xBA,
    0x80, 0x30, 0x8D, 0xE2, 0x0C, 0x30, 0x8D, 0xE5, 0x16, 0x3E, 0x8D, 0xE2, 0x08, 0x30, 0x8D, 0xE5,
    0x1E, 0x3E, 0x8D, 0xE2, 0x04, 0x30, 0x8D, 0xE5, 0x7C, 0x30, 0x8D, 0xE2, 0x00, 0x30, 0x8D, 0xE5,
    0x05, 0x20, 0xA0, 0xE1, 0x04, 0x10, 0xA0, 0xE1, 0x14, 0x00, 0x9D, 0xE5, 0x6C, 0x30, 0x8D, 0xE2,
    0xA8, 0xFB, 0xFF, 0xEB, 0x00, 0x90, 0x90, 0xE5, 0x0B, 0x20, 0xA0, 0xE1, 0x0F, 0x00, 0x00, 0xEA,
    0x03, 0x00, 0x5B, 0xE1, 0x2E, 0x3E, 0x8D, 0xB2, 0x84, 0x41, 0x83, 0xB0, 0x00, 0x91, 0x14, 0xB5,
    0x01, 0x20, 0x8B, 0xE2, 0x09, 0x00, 0x00, 0xBA, 0x6C, 0x10, 0x9D, 0xE5, 0x1F, 0x00, 0x53, 0xE3,
    0x04, 0x90, 0x91, 0xE4, 0x01, 0x00, 0x83, 0xD2, 0x6C, 0x10, 0x8D, 0xD5, 0x2E, 0x1E, 0x8D, 0xD2,
    0x83, 0x31, 0x81, 0xD0, 0x7C, 0x00, 0x8D, 0xD5, 0x00, 0x91, 0x03, 0xD5, 0x6C, 0x10, 0x8D, 0xC5,
    0x02, 0xB0, 0xA0, 0xE1, 0xC9, 0x5F, 0xA0, 0xE1, 0x00, 0x00, 0x55, 0xE3, 0xEB, 0x05, 0x00, 0xAA,
    0x00, 0x90, 0x79, 0xE2, 0x2D, 0x30, 0xA0, 0xE3, 0x01, 0x20, 0xA0, 0xE3, 0x00, 0x50, 0xE5, 0xE2,
    0xE0, 0x05, 0x00, 0xEA, 0x00, 0x00, 0x59, 0xE3, 0x24, 0x30, 0x8D, 0xE5, 0x34, 0xA0, 0x8D, 0xE5,
    0x7C, 0x30, 0x9D, 0xE5, 0x2C, 0xA0, 0x9D, 0xE5, 0x38, 0x20, 0x8D, 0xE5, 0x13, 0x00, 0x00, 0x0A,
    0x03, 0x00, 0x54, 0xE1, 0x2E, 0x3E, 0x8D, 0xB2, 0x84, 0x41, 0x83, 0xB0, 0x40, 0x8B, 0x14, 0xBD,
    0x21, 0x00, 0x00, 0xBA, 0x80, 0x30, 0x8D, 0xE2, 0x0C, 0x30, 0x8D, 0xE5, 0x16, 0x3E, 0x8D, 0xE2,
    0x08, 0x30, 0x8D, 0xE5, 0x1E, 0x3E, 0x8D, 0xE2, 0x04, 0x30, 0x8D, 0xE5, 0x7C, 0x30, 0x8D, 0xE2,
    0x00, 0x30, 0x8D, 0xE5, 0x05, 0x20, 0xA0, 0xE1, 0x04, 0x10, 0xA0, 0xE1, 0x14, 0x00, 0x9D, 0xE5,
    0x6C, 0x30, 0x8D, 0xE2, 0x73, 0xFB, 0xFF, 0xEB, 0x00, 0x8B, 0x90, 0xED, 0x12, 0x00, 0x00, 0xEA,
    0x03, 0x00, 0x5B, 0xE1, 0x2E, 0x3E, 0x8D, 0xB2, 0x84, 0x41, 0x83, 0xB0, 0x40, 0x8B, 0x14, 0xBD,
    0x01, 0x10, 0x8B, 0xE2, 0x0B, 0x00, 0x00, 0xBA, 0x6C, 0x20, 0x9D, 0xE5, 0x1F, 0x00, 0x53, 0xE3,
    0x07, 0x20, 0x82, 0xE2, 0x07, 0x20, 0xC2, 0xE3, 0x02, 0x8B, 0xB2, 0xEC, 0x6C, 0x20, 0x8D, 0xD5,
    0x2E, 0x2E, 0x8D, 0xD2, 0x01, 0x00, 0x83, 0xD2, 0x83, 0x31, 0x82, 0xD0, 0x7C, 0x00, 0x8D, 0xD5,
    0x40, 0x8B, 0x03, 0xDD, 0x6C, 0x20, 0x8D, 0xC5, 0x01, 0xB0, 0xA0, 0xE1, 0xC8, 0x7B, 0xB0, 0xEE,
    0xDE, 0x6B, 0x9F, 0xED, 0x46, 0x7B, 0xB4, 0xEE, 0x10, 0xFA, 0xF1, 0xEE, 0x09, 0x00, 0x00, 0xCA,
    0x48, 0x8B, 0xB4, 0xEE, 0x10, 0xFA, 0xF1, 0xEE, 0x15, 0x00, 0x00, 0x7A, 0x90, 0x3A, 0x18, 0xEE,
    0x00, 0x00, 0x53, 0xE3, 0x2D, 0x30, 0xA0, 0xB3, 0x70, 0xA3, 0x9F, 0xE5, 0x77, 0x30, 0xCD, 0xB5,
    0x6C, 0x33, 0x9F, 0xE5, 0x05, 0x00, 0x00, 0xEA, 0xC0, 0x8B, 0xB5, 0xEE, 0x10, 0xFA, 0xF1, 0xEE,
    0x2D, 0x30, 0xA0, 0x43, 0x5C, 0xA3, 0x9F, 0xE5, 0x77, 0x30, 0xCD, 0x45, 0x58, 0x33, 0x9F, 0xE5,
    0x24, 0x20, 0x9D, 0xE5, 0x00, 0x90, 0xA0, 0xE3, 0x47, 0x00, 0x52, 0xE3, 0x03, 0xA0, 0xA0, 0xD1,
    0x03, 0x30, 0xA0, 0xE3, 0x09, 0x50, 0xA0, 0xE1, 0x80, 0x80, 0xC8, 0xE3, 0x1C, 0x30, 0x8D, 0xE5,
    0x17, 0x06, 0x00, 0xEA, 0x24, 0x30, 0x9D, 0xE5, 0x20, 0x50, 0xC3, 0xE3, 0x41, 0x00, 0x55, 0xE3,
    0x17, 0x00, 0x00, 0x1A, 0x30, 0x30, 0xA0, 0xE3, 0x78, 0x30, 0xCD, 0xE5, 0x24, 0x30, 0x9D, 0xE5,
    0x02, 0x80, 0x88, 0xE3, 0x61, 0x00, 0x53, 0xE3, 0x58, 0x30, 0xA0, 0x13, 0x78, 0x30, 0xA0, 0x03,
    0x79, 0x30, 0xCD, 0xE5, 0x1C, 0x30, 0x9D, 0xE5, 0x63, 0x00, 0x53, 0xE3, 0x00, 0x90, 0xA0, 0xD3,
    0xFC, 0xA0, 0x8D, 0xD2, 0x1C, 0x00, 0x00, 0xDA, 0x14, 0x00, 0x9D, 0xE5, 0x01, 0x10, 0x83, 0xE2,
    0x62, 0xF5, 0xFF, 0xEB, 0x00, 0xA0, 0x50, 0xE2, 0x10, 0x00, 0x00, 0x1A, 0x20, 0x30, 0x9D, 0xE5,
    0x20, 0x20, 0x9D, 0xE5, 0xBC, 0x30, 0xD3, 0xE1, 0x40, 0x30, 0x83, 0xE3, 0xBC, 0x30, 0xC2, 0xE1,
    0xDB, 0x09, 0x00, 0xEA, 0x1C, 0x30, 0x9D, 0xE5, 0x01, 0x00, 0x73, 0xE3, 0x09, 0x00, 0x00, 0x0A,
    0x00, 0x00, 0x53, 0xE3, 0x47, 0x00, 0x55, 0x03, 0x01, 0x30, 0xA0, 0x03, 0x00, 0x30, 0xA0, 0x13,
    0x00, 0x90, 0xA0, 0x03, 0x01, 0x30, 0xA0, 0x03, 0x06, 0x00, 0x00, 0x1A, 0x03, 0x00, 0x00, 0xEA,
    0x0A, 0x90, 0xA0, 0xE1, 0x04, 0x00, 0x00, 0xEA, 0x00, 0x90, 0xA0, 0xE3, 0x06, 0x30, 0xA0, 0xE3,
    0x1C, 0x30, 0x8D, 0xE5, 0x00, 0x00, 0x00, 0xEA, 0x03, 0x90, 0xA0, 0xE1, 0x90, 0x3A, 0x18, 0xEE,
    0x00, 0x00, 0x53, 0xE3, 0x2D, 0x30, 0xA0, 0xB3, 0x00, 0x30, 0xA0, 0xA3, 0x48, 0x9B, 0xB1, 0xBE,
    0x48, 0x9B, 0xB0, 0xAE, 0x41, 0x00, 0x55, 0xE3, 0x01, 0x6C, 0x88, 0xE3, 0x48, 0x30, 0x8D, 0xE5,
    0x49, 0x00, 0x00, 0x1A, 0x49, 0x0B, 0xB0, 0xEE, 0x84, 0x00, 0x8D, 0xE2, 0x7D, 0x11, 0x00, 0xEB,
    0x88, 0x7B, 0x9F, 0xED, 0x07, 0x0B, 0x20, 0xEE, 0x40, 0x0B, 0xB5, 0xEE, 0x10, 0xFA, 0xF1, 0xEE,
    0x01, 0x30, 0xA0, 0x03, 0x24, 0x10, 0x9D, 0xE5, 0x40, 0x22, 0x9F, 0xE5, 0x84, 0x30, 0x8D, 0x05,
    0x61, 0x00, 0x51, 0xE3, 0x02, 0x10, 0xA0, 0x11, 0x80, 0x6B, 0x9F, 0xED, 0x0A, 0x20, 0xA0, 0xE1,
    0x20, 0x32, 0x9F, 0xE5, 0x03, 0x10, 0xA0, 0x01, 0x1C, 0x30, 0x9D, 0xE5, 0x06, 0x0B, 0x20, 0xEE,
    0xC0, 0x7B, 0xFD, 0xEE, 0x90, 0x0A, 0x17, 0xEE, 0xE7, 0x5B, 0xB8, 0xEE, 0x00, 0x00, 0xD1, 0xE7,
    0x00, 0x00, 0x53, 0xE3, 0x45, 0x0B, 0x30, 0xEE, 0x01, 0x00, 0xC2, 0xE4, 0x04, 0x00, 0x00, 0x0A,
    0x40, 0x0B, 0xB5, 0xEE, 0x10, 0xFA, 0xF1, 0xEE, 0x01, 0x30, 0x43, 0xE2, 0xF2, 0xFF, 0xFF, 0x1A,
    0x1A, 0x00, 0x00, 0xEA, 0x6F, 0x6B, 0x9F, 0xED, 0xC6, 0x0B, 0xB4, 0xEE, 0x10, 0xFA, 0xF1, 0xEE,
    0x05, 0x00, 0x00, 0xCA, 0x46, 0x0B, 0xB4, 0xEE, 0x10, 0xFA, 0xF1, 0xEE, 0x12, 0x00, 0x00, 0x1A,
    0x90, 0x3A, 0x17, 0xEE, 0x01, 0x00, 0x13, 0xE3, 0x0F, 0x00, 0x00, 0x0A, 0x30, 0xC0, 0xA0, 0xE3,
    0x0F, 0xE0, 0xD1, 0xE5, 0xA8, 0x20, 0x8D, 0xE5, 0xA8, 0x00, 0x9D, 0xE5, 0x01, 0x30, 0x40, 0xE2,
    0xA8, 0x30, 0x8D, 0xE5, 0x01, 0x30, 0x50, 0xE5, 0x0E, 0x00, 0x53, 0xE1, 0x01, 0xC0, 0x40, 0x05,
    0xF8, 0xFF, 0xFF, 0x0A, 0x39, 0x00, 0x53, 0xE3, 0x01, 0x30, 0x83, 0x12, 0x0A, 0x30, 0xD1, 0x05,
    0x73, 0x30, 0xEF, 0x16, 0x01, 0x30, 0x40, 0xE5, 0x0B, 0x00, 0x00, 0xEA, 0x00, 0x30, 0xE0, 0xE3,
    0x02, 0x10, 0xA0, 0xE1, 0x30, 0x00, 0xA0, 0xE3, 0x03, 0xC0, 0x82, 0xE0, 0x01, 0xE0, 0x4C, 0xE0,
    0x00, 0x00, 0x5E, 0xE3, 0x01, 0x00, 0xC1, 0xA4, 0xFB, 0xFF, 0xFF, 0xAA, 0x01, 0x00, 0x73, 0xE3,
    0x01, 0x30, 0x83, 0xA2, 0x00, 0x30, 0xA0, 0xB3, 0x02, 0x20, 0x83, 0xE0, 0x0A, 0x30, 0x42, 0xE0,
    0x84, 0x40, 0x9D, 0xE5, 0x28, 0x30, 0x8D, 0xE5, 0x53, 0x00, 0x00, 0xEA, 0x46, 0x00, 0x55, 0xE3,
    0x03, 0x10, 0xA0, 0x03, 0x1C, 0x40, 0x9D, 0xE5, 0x02, 0x00, 0x00, 0x0A, 0x45, 0x00, 0x55, 0xE3,
    0x01, 0x40, 0x84, 0x02, 0x02, 0x10, 0xA0, 0xE3, 0xA8, 0x30, 0x8D, 0xE2, 0x04, 0x30, 0x8D, 0xE5,
    0x8C, 0x30, 0x8D, 0xE2, 0x00, 0x30, 0x8D, 0xE5, 0x04, 0x20, 0xA0, 0xE1, 0x49, 0x0B, 0xB0, 0xEE,
    0x14, 0x00, 0x9D, 0xE5, 0x84, 0x30, 0x8D, 0xE2, 0xD2, 0x0A, 0x00, 0xEB, 0x47, 0x00, 0x55, 0xE3,
    0x00, 0xA0, 0xA0, 0xE1, 0x0A, 0x00, 0x00, 0x1A, 0x01, 0x00, 0x18, 0xE3, 0x06, 0x00, 0x00, 0x1A,
    0xA8, 0x30, 0x9D, 0xE5, 0x47, 0x00, 0x55, 0xE3, 0x0A, 0x30, 0x43, 0xE0, 0x84, 0x40, 0x9D, 0xE5,
    0x28, 0x30, 0x8D, 0xE5, 0x1D, 0x00, 0x00, 0x0A, 0x35, 0x00, 0x00, 0xEA, 0x04, 0x30, 0x80, 0xE0,
    0x0F, 0x00, 0x00, 0xEA, 0x46, 0x00, 0x55, 0xE3, 0x04, 0x30, 0x80, 0xE0, 0x0C, 0x00, 0x00, 0x1A,
    0x40, 0x9B, 0xB5, 0xEE, 0x10, 0xFA, 0xF1, 0xEE, 0x01, 0x20, 0xA0, 0x13, 0x00, 0x20, 0xA0, 0x03,
    0x00, 0x10, 0xD0, 0xE5, 0x30, 0x00, 0x51, 0xE3, 0x00, 0x20, 0xA0, 0x13, 0x01, 0x20, 0x02, 0x02,
    0x00, 0x00, 0x52, 0xE3, 0x01, 0x20, 0x64, 0x12, 0x84, 0x20, 0x8D, 0x15, 0x84, 0x20, 0x9D, 0xE5,
    0x02, 0x30, 0x83, 0xE0, 0x40, 0x9B, 0xB5, 0xEE, 0x10, 0xFA, 0xF1, 0xEE, 0x30, 0x10, 0xA0, 0xE3,
    0xA8, 0x30, 0x8D, 0x05, 0xA8, 0x20, 0x9D, 0xE5, 0x02, 0x00, 0x53, 0xE1, 0xDF, 0xFF, 0xFF, 0x9A,
    0x01, 0x00, 0x82, 0xE2, 0xA8, 0x00, 0x8D, 0xE5, 0x00, 0x10, 0xC2, 0xE5, 0xF8, 0xFF, 0xFF, 0xEA,
    0x1C, 0x30, 0x9D, 0xE5, 0x03, 0x00, 0x74, 0xE3, 0x04, 0x00, 0x53, 0xA1, 0x24, 0x30, 0x9D, 0xB5,
    0x02, 0x30, 0x43, 0xB2, 0x24, 0x30, 0x8D, 0xB5, 0x13, 0x00, 0x00, 0xBA, 0x5D, 0x00, 0x00, 0xEA,
    0xFF, 0xFF, 0xFF, 0xFF, 0xFF, 0xFF, 0xEF, 0x7F, 0x00, 0x00, 0x00, 0x00, 0x00, 0x00, 0xC0, 0x3F,
    0x00, 0x00, 0x00, 0x00, 0x00, 0x00, 0x30, 0x40, 0x00, 0x00, 0x00, 0x00, 0x00, 0x00, 0xE0, 0x3F,
    0x2E, 0x90, 0x11, 0x00, 0x2A, 0x90, 0x11, 0x00, 0x26, 0x90, 0x11, 0x00, 0x22, 0x90, 0x11, 0x00,
    0xCD, 0xCC, 0xCC, 0xCC, 0x30, 0x78, 0x00, 0x00, 0x32, 0x90, 0x11, 0x00, 0x54, 0x90, 0x11, 0x00,
    0x43, 0x90, 0x11, 0x00, 0x46, 0x00, 0x55, 0xE3, 0x4E, 0x00, 0x00, 0x0A, 0x24, 0x30, 0x9D, 0xE5,
    0x01, 0x60, 0x44, 0xE2, 0x20, 0x20, 0xC3, 0xE3, 0x24, 0x30, 0xDD, 0xE5, 0x41, 0x00, 0x52, 0xE3,
    0x0F, 0x10, 0x83, 0xE2, 0xFF, 0x30, 0x01, 0x02, 0x00, 0x00, 0x56, 0xE3, 0x90, 0x30, 0xCD, 0xE5,
    0x2D, 0x30, 0xA0, 0xB3, 0x2B, 0x30, 0xA0, 0xA3, 0x84, 0x60, 0x8D, 0xE5, 0x01, 0x60, 0x64, 0xB2,
    0x09, 0x00, 0x56, 0xE3, 0x91, 0x30, 0xCD, 0xE5, 0x1E, 0x00, 0x00, 0xDA, 0x64, 0x70, 0x1F, 0xE5,
    0x9F, 0x50, 0x8D, 0xE2, 0x06, 0x00, 0xA0, 0xE1, 0x0A, 0x10, 0xA0, 0xE3, 0x2E, 0xC8, 0xFF, 0xEB,
    0x06, 0x30, 0xA0, 0xE1, 0x05, 0x40, 0xA0, 0xE1, 0x96, 0x27, 0x86, 0xE0, 0x30, 0x10, 0x81, 0xE2,
    0x63, 0x00, 0x53, 0xE3, 0x01, 0x50, 0x45, 0xE2, 0x01, 0x10, 0x44, 0xE5, 0xA6, 0x61, 0xA0, 0xE1,
    0xF3, 0xFF, 0xFF, 0xCA, 0x30, 0x00, 0x86, 0xE2, 0x02, 0x20, 0x44, 0xE2, 0x01, 0x00, 0x45, 0xE5,
    0x91, 0x10, 0x8D, 0xE2, 0x9F, 0x30, 0x8D, 0xE2, 0x03, 0x00, 0x52, 0xE1, 0x01, 0x00, 0xD2, 0x34,
    0x01, 0x00, 0xE1, 0x35, 0xFB, 0xFF, 0xFF, 0x3A, 0x02, 0x10, 0x44, 0xE2, 0x01, 0x00, 0x53, 0xE1,
    0x00, 0x30, 0xA0, 0x33, 0xA1, 0x20, 0x8D, 0xE2, 0x04, 0x30, 0x42, 0x20, 0x92, 0x20, 0x8D, 0xE2,
    0x02, 0x30, 0x83, 0xE0, 0x06, 0x00, 0x00, 0xEA, 0x41, 0x00, 0x52, 0xE3, 0x30, 0x30, 0xA0, 0x13,
    0x92, 0x30, 0x8D, 0x02, 0x92, 0x30, 0xCD, 0x15, 0x30, 0x00, 0x86, 0xE2, 0x93, 0x30, 0x8D, 0x12,
    0x01, 0x00, 0xC3, 0xE4, 0x90, 0x20, 0x8D, 0xE2, 0x02, 0x30, 0x43, 0xE0, 0x28, 0x20, 0x9D, 0xE5,
    0x5C, 0x30, 0x8D, 0xE5, 0x01, 0x00, 0x52, 0xE3, 0x02, 0x30, 0x83, 0xE0, 0x1C, 0x30, 0x8D, 0xE5,
    0x01, 0x00, 0x00, 0xCA, 0x01, 0x00, 0x18, 0xE3, 0x03, 0x00, 0x00, 0x0A, 0x1C, 0x30, 0x9D, 0xE5,
    0x40, 0x20, 0x9D, 0xE5, 0x02, 0x30, 0x83, 0xE0, 0x1C, 0x30, 0x8D, 0xE5, 0x01, 0x3B, 0xC8, 0xE3,
    0x01, 0x6C, 0x83, 0xE3, 0x00, 0x30, 0xA0, 0xE3, 0x03, 0x40, 0xA0, 0xE1, 0x2C, 0x30, 0x8D, 0xE5,
    0x30, 0x30, 0x8D, 0xE5, 0x4F, 0x00, 0x00, 0xEA, 0x28, 0x30, 0x9D, 0xE5, 0x04, 0x00, 0x53, 0xE1,
    0x13, 0x00, 0x00, 0xDA, 0x17, 0x00, 0x00, 0xEA, 0x1C, 0x20, 0x9D, 0xE5, 0x01, 0x30, 0x08, 0xE2,
    0x00, 0x00, 0x54, 0xE3, 0x02, 0x30, 0x83, 0xE1, 0x04, 0x00, 0x00, 0xDA, 0x00, 0x00, 0x53, 0xE3,
    0x40, 0x30, 0x9D, 0x15, 0x03, 0x30, 0x84, 0x10, 0x05, 0x00, 0x00, 0x1A, 0x18, 0x00, 0x00, 0xEA,
    0x00, 0x00, 0x53, 0xE3, 0x18, 0x00, 0x00, 0x0A, 0x40, 0x30, 0x9D, 0xE5, 0x1C, 0x20, 0x9D, 0xE5,
    0x01, 0x30, 0x83, 0xE2, 0x03, 0x30, 0x82, 0xE0, 0x1C, 0x30, 0x8D, 0xE5, 0x66, 0x30, 0xA0, 0xE3,
    0x18, 0x00, 0x00, 0xEA, 0x01, 0x00, 0x18, 0xE3, 0x40, 0x30, 0x9D, 0x15, 0x03, 0x30, 0x84, 0x10,
    0x09, 0x00, 0x00, 0x1A, 0x11, 0x00, 0x00, 0xEA, 0x28, 0x30, 0x9D, 0xE5, 0x40, 0x20, 0x9D, 0xE5,
    0x00, 0x00, 0x54, 0xE3, 0x02, 0x30, 0x83, 0xE0, 0x1C, 0x30, 0x8D, 0xE5, 0x0C, 0x00, 0x00, 0xCA,
    0x1C, 0x20, 0x9D, 0xE5, 0x01, 0x30, 0x64, 0xE2, 0x03, 0x30, 0x82, 0xE0, 0x1C, 0x30, 0x8D, 0xE5,
    0x07, 0x00, 0x00, 0xEA, 0x1C, 0x40, 0x8D, 0xE5, 0xEB, 0xFF, 0xFF, 0xEA, 0x66, 0x30, 0xA0, 0xE3,
    0x24, 0x30, 0x8D, 0xE5, 0x01, 0x30, 0xA0, 0xE3, 0x1C, 0x30, 0x8D, 0xE5, 0x02, 0x00, 0x00, 0xEA,
    0x1C, 0x40, 0x8D, 0xE5, 0x67, 0x30, 0xA0, 0xE3, 0x24, 0x30, 0x8D, 0xE5, 0x01, 0x3B, 0x18, 0xE2,
    0x30, 0x30, 0x8D, 0xE5, 0x30, 0x30, 0x9D, 0x05, 0x2C, 0x30, 0x8D, 0x05, 0x19, 0x00, 0x00, 0x0A,
    0x00, 0x30, 0xA0, 0xE3, 0x00, 0x00, 0x54, 0xE3, 0x2C, 0x30, 0x8D, 0xE5, 0x30, 0x30, 0x8D, 0xE5,
    0x14, 0x00, 0x00, 0xDA, 0x00, 0x10, 0xA0, 0xE3, 0x01, 0x00, 0xA0, 0xE1, 0x44, 0x30, 0x9D, 0xE5,
    0x00, 0x20, 0xD3, 0xE5, 0xFF, 0x00, 0x52, 0xE3, 0x04, 0x00, 0x52, 0x11, 0x06, 0x00, 0x00, 0xAA,
    0x02, 0x40, 0x44, 0xE0, 0x01, 0x20, 0xD3, 0xE5, 0x00, 0x00, 0x52, 0xE3, 0x01, 0x10, 0x81, 0x12,
    0x01, 0x30, 0x83, 0x12, 0x01, 0x00, 0x80, 0x02, 0xF4, 0xFF, 0xFF, 0xEA, 0x1C, 0x20, 0x9D, 0xE5,
    0xFC, 0x02, 0xCD, 0xE1, 0x44, 0x30, 0x8D, 0xE5, 0x00, 0x30, 0x81, 0xE0, 0x4C, 0x10, 0x9D, 0xE5,
    0x91, 0x23, 0x23, 0xE0, 0x1C, 0x30, 0x8D, 0xE5, 0x48, 0x30, 0x9D, 0xE5, 0x06, 0x80, 0xA0, 0xE1,
    0x00, 0x00, 0x53, 0xE3, 0x2D, 0x30, 0xA0, 0x13, 0x00, 0x50, 0xA0, 0xE3, 0x77, 0x30, 0xCD, 0x15,
    0xB9, 0x04, 0x00, 0xEA, 0x20, 0x00, 0x18, 0xE3, 0x7C, 0x30, 0x9D, 0xE5, 0x38, 0x20, 0x8D, 0xE5,
    0x2D, 0x00, 0x00, 0x0A, 0x00, 0x00, 0x59, 0xE3, 0x14, 0x00, 0x00, 0x0A, 0x03, 0x00, 0x54, 0xE1,
    0x2E, 0x3E, 0x8D, 0xB2, 0x84, 0x41, 0x83, 0xB0, 0x00, 0x21, 0x14, 0xB5, 0x0D, 0x00, 0x00, 0xBA,
    0x80, 0x30, 0x8D, 0xE2, 0x0C, 0x30, 0x8D, 0xE5, 0x16, 0x3E, 0x8D, 0xE2, 0x08, 0x30, 0x8D, 0xE5,
    0x1E, 0x3E, 0x8D, 0xE2, 0x04, 0x30, 0x8D, 0xE5, 0x7C, 0x30, 0x8D, 0xE2, 0x05, 0x20, 0xA0, 0xE1,
    0x00, 0x30, 0x8D, 0xE5, 0x04, 0x10, 0xA0, 0xE1, 0x14, 0x00, 0x9D, 0xE5, 0x6C, 0x30, 0x8D, 0xE2,
    0xB0, 0xF9, 0xFF, 0xEB, 0x00, 0x20, 0x90, 0xE5, 0x0B, 0x10, 0xA0, 0xE1, 0x11, 0x00, 0x00, 0xEA,
    0x03, 0x00, 0x5B, 0xE1, 0x2E, 0x3E, 0x8D, 0xB2, 0x84, 0x41, 0x83, 0xB0, 0x00, 0x21, 0x14, 0xB5,
    0x01, 0x10, 0x8B, 0xE2, 0x0B, 0x00, 0x00, 0xBA, 0x6C, 0x20, 0x9D, 0xE5, 0x1F, 0x00, 0x53, 0xE3,
    0x04, 0x00, 0x82, 0xE2, 0x6C, 0x00, 0x8D, 0xD5, 0x00, 0x20, 0x92, 0xD5, 0x2E, 0x0E, 0x8D, 0xD2,
    0x6C, 0x00, 0x8D, 0xC5, 0x01, 0xC0, 0x83, 0xD2, 0x00, 0x20, 0x92, 0xC5, 0x83, 0x31, 0x80, 0xD0,
    0x7C, 0xC0, 0x8D, 0xD5, 0x00, 0x21, 0x03, 0xD5, 0x3C, 0x30, 0x9D, 0xE5, 0x3C, 0x00, 0x9D, 0xE5,
    0xC3, 0x3F, 0xA0, 0xE1, 0x09, 0x00, 0x82, 0xE8, 0x2E, 0x00, 0x00, 0xEA, 0x10, 0x00, 0x18, 0xE3,
    0x5D, 0x00, 0x00, 0x1A, 0x40, 0x00, 0x18, 0xE3, 0x2D, 0x00, 0x00, 0x0A, 0x00, 0x00, 0x59, 0xE3,
    0x14, 0x00, 0x00, 0x0A, 0x03, 0x00, 0x54, 0xE1, 0x2E, 0x3E, 0x8D, 0xB2, 0x84, 0x41, 0x83, 0xB0,
    0x00, 0x21, 0x14, 0xB5, 0x0D, 0x00, 0x00, 0xBA, 0x80, 0x30, 0x8D, 0xE2, 0x0C, 0x30, 0x8D, 0xE5,
    0x16, 0x3E, 0x8D, 0xE2, 0x08, 0x30, 0x8D, 0xE5, 0x1E, 0x3E, 0x8D, 0xE2, 0x04, 0x30, 0x8D, 0xE5,
    0x7C, 0x30, 0x8D, 0xE2, 0x05, 0x20, 0xA0, 0xE1, 0x00, 0x30, 0x8D, 0xE5, 0x04, 0x10, 0xA0, 0xE1,
    0x14, 0x00, 0x9D, 0xE5, 0x6C, 0x30, 0x8D, 0xE2, 0x7E, 0xF9, 0xFF, 0xEB, 0x00, 0x20, 0x90, 0xE5,
    0x0B, 0x10, 0xA0, 0xE1, 0x11, 0x00, 0x00, 0xEA, 0x03, 0x00, 0x5B, 0xE1, 0x2E, 0x3E, 0x8D, 0xB2,
    0x84, 0x41, 0x83, 0xB0, 0x00, 0x21, 0x14, 0xB5, 0x01, 0x10, 0x8B, 0xE2, 0x0B, 0x00, 0x00, 0xBA,
    0x6C, 0x20, 0x9D, 0xE5, 0x1F, 0x00, 0x53, 0xE3, 0x04, 0x00, 0x82, 0xE2, 0x6C, 0x00, 0x8D, 0xD5,
    0x00, 0x20, 0x92, 0xD5, 0x2E, 0x0E, 0x8D, 0xD2, 0x6C, 0x00, 0x8D, 0xC5, 0x01, 0xC0, 0x83, 0xD2,
    0x00, 0x20, 0x92, 0xC5, 0x83, 0x31, 0x80, 0xD0, 0x7C, 0xC0, 0x8D, 0xD5, 0x00, 0x21, 0x03, 0xD5,
    0x3C, 0x30, 0x9D, 0xE5, 0xB0, 0x30, 0xC2, 0xE1, 0x01, 0xB0, 0xA0, 0xE1, 0x38, 0xA0, 0x9D, 0xE5,
    0x47, 0xFB, 0xFF, 0xEA, 0x02, 0x0C, 0x18, 0xE3, 0x2B, 0x00, 0x00, 0x0A, 0x00, 0x00, 0x59, 0xE3,
    0x14, 0x00, 0x00, 0x0A, 0x03, 0x00, 0x54, 0xE1, 0x2E, 0x3E, 0x8D, 0xB2, 0x84, 0x41, 0x83, 0xB0,
    0x00, 0x21, 0x14, 0xB5, 0x0D, 0x00, 0x00, 0xBA, 0x80, 0x30, 0x8D, 0xE2, 0x0C, 0x30, 0x8D, 0xE5,
    0x16, 0x3E, 0x8D, 0xE2, 0x08, 0x30, 0x8D, 0xE5, 0x1E, 0x3E, 0x8D, 0xE2, 0x04, 0x30, 0x8D, 0xE5,
    0x7C, 0x30, 0x8D, 0xE2, 0x05, 0x20, 0xA0, 0xE1, 0x00, 0x30, 0x8D, 0xE5, 0x04, 0x10, 0xA0, 0xE1,
    0x14, 0x00, 0x9D, 0xE5, 0x6C, 0x30, 0x8D, 0xE2, 0x4E, 0xF9, 0xFF, 0xEB, 0x00, 0x20, 0x90, 0xE5,
    0x0B, 0x10, 0xA0, 0xE1, 0x11, 0x00, 0x00, 0xEA, 0x03, 0x00, 0x5B, 0xE1, 0x2E, 0x3E, 0x8D, 0xB2,
    0x84, 0x41, 0x83, 0xB0, 0x00, 0x21, 0x14, 0xB5, 0x01, 0x10, 0x8B, 0xE2, 0x0B, 0x00, 0x00, 0xBA,
    0x6C, 0x20, 0x9D, 0xE5, 0x1F, 0x00, 0x53, 0xE3, 0x04, 0x00, 0x82, 0xE2, 0x6C, 0x00, 0x8D, 0xD5,
    0x00, 0x20, 0x92, 0xD5, 0x2E, 0x0E, 0x8D, 0xD2, 0x6C, 0x00, 0x8D, 0xC5, 0x01, 0xC0, 0x83, 0xD2,
    0x00, 0x20, 0x92, 0xC5, 0x83, 0x31, 0x80, 0xD0, 0x7C, 0xC0, 0x8D, 0xD5, 0x00, 0x21, 0x03, 0xD5,
    0x3C, 0x30, 0x9D, 0xE5, 0x00, 0x30, 0xC2, 0xE5, 0xCE, 0xFF, 0xFF, 0xEA, 0x00, 0x00, 0x59, 0xE3,
    0x14, 0x00, 0x00, 0x0A, 0x03, 0x00, 0x54, 0xE1, 0x2E, 0x3E, 0x8D, 0xB2, 0x84, 0x41, 0x83, 0xB0,
    0x00, 0x21, 0x14, 0xB5, 0x0D, 0x00, 0x00, 0xBA, 0x80, 0x30, 0x8D, 0xE2, 0x0C, 0x30, 0x8D, 0xE5,
    0x16, 0x3E, 0x8D, 0xE2, 0x08, 0x30, 0x8D, 0xE5, 0x1E, 0x3E, 0x8D, 0xE2, 0x04, 0x30, 0x8D, 0xE5,
    0x7C, 0x30, 0x8D, 0xE2, 0x05, 0x20, 0xA0, 0xE1, 0x00, 0x30, 0x8D, 0xE5, 0x04, 0x10, 0xA0, 0xE1,
    0x14, 0x00, 0x9D, 0xE5, 0x6C, 0x30, 0x8D, 0xE2, 0x22, 0xF9, 0xFF, 0xEB, 0x00, 0x20, 0x90, 0xE5,
    0x0B, 0x10, 0xA0, 0xE1, 0x11, 0x00, 0x00, 0xEA, 0x03, 0x00, 0x5B, 0xE1, 0x2E, 0x3E, 0x8D, 0xB2,
    0x84, 0x41, 0x83, 0xB0, 0x00, 0x21, 0x14, 0xB5, 0x01, 0x10, 0x8B, 0xE2, 0x0B, 0x00, 0x00, 0xBA,
    0x6C, 0x20, 0x9D, 0xE5, 0x1F, 0x00, 0x53, 0xE3, 0x04, 0x00, 0x82, 0xE2, 0x01, 0xC0, 0x83, 0xD2,
    0x6C, 0x00, 0x8D, 0xD5, 0x7C, 0xC0, 0x8D, 0xD5, 0x00, 0x20, 0x92, 0xD5, 0x2E, 0x0E, 0x8D, 0xD2,
    0x6C, 0x00, 0x8D, 0xC5, 0x83, 0x31, 0x80, 0xD0, 0x00, 0x20, 0x92, 0xC5, 0x00, 0x21, 0x03, 0xD5,
    0x3C, 0x30, 0x9D, 0xE5, 0x00, 0x30, 0x82, 0xE5, 0xA2, 0xFF, 0xFF, 0xEA, 0x38, 0x20, 0x8D, 0xE5,
    0x24, 0x30, 0x8D, 0xE5, 0x34, 0xA0, 0x8D, 0xE5, 0x10, 0x80, 0x88, 0xE3, 0x02, 0x00, 0x00, 0xEA,
    0x38, 0x20, 0x8D, 0xE5, 0x24, 0x30, 0x8D, 0xE5, 0x34, 0xA0, 0x8D, 0xE5, 0x20, 0x00, 0x18, 0xE3,
    0x7C, 0x20, 0x9D, 0xE5, 0x31, 0x00, 0x00, 0x0A, 0x00, 0x00, 0x59, 0xE3, 0x17, 0x00, 0x00, 0x0A,
    0x02, 0x00, 0x54, 0xE1, 0x04, 0x00, 0x00, 0xAA, 0x1E, 0x3E, 0x8D, 0xE2, 0x84, 0x21, 0x83, 0xE0,
    0x84, 0x91, 0x93, 0xE7, 0x04, 0x50, 0x92, 0xE5, 0x0E, 0x00, 0x00, 0xEA, 0x80, 0x30, 0x8D, 0xE2,
    0x0C, 0x30, 0x8D, 0xE5, 0x16, 0x3E, 0x8D, 0xE2, 0x08, 0x30, 0x8D, 0xE5, 0x1E, 0x3E, 0x8D, 0xE2,
    0x04, 0x30, 0x8D, 0xE5, 0x7C, 0x30, 0x8D, 0xE2, 0x05, 0x20, 0xA0, 0xE1, 0x00, 0x30, 0x8D, 0xE5,
    0x04, 0x10, 0xA0, 0xE1, 0x14, 0x00, 0x9D, 0xE5, 0x6C, 0x30, 0x8D, 0xE2, 0xE9, 0xF8, 0xFF, 0xEB,
    0x00, 0x90, 0x90, 0xE5, 0x04, 0x50, 0x90, 0xE5, 0x0B, 0x30, 0xA0, 0xE1, 0xA4, 0x00, 0x00, 0xEA,
    0x02, 0x00, 0x5B, 0xE1, 0x01, 0x30, 0x8B, 0xE2, 0x04, 0x00, 0x00, 0xAA, 0x1E, 0x2E, 0x8D, 0xE2,
    0x84, 0x11, 0x82, 0xE0, 0x84, 0x91, 0x92, 0xE7, 0x04, 0x50, 0x91, 0xE5, 0x9C, 0x00, 0x00, 0xEA,
    0x6C, 0x00, 0x9D, 0xE5, 0x1F, 0x00, 0x52, 0xE3, 0x07, 0x00, 0x80, 0xE2, 0x07, 0x00, 0xC0, 0xE3,
    0x00, 0x90, 0x90, 0xE5, 0x04, 0x50, 0x90, 0xE5, 0x08, 0x00, 0x80, 0xE2, 0x01, 0xC0, 0x82, 0xD2,
    0x6C, 0x00, 0x8D, 0xD5, 0x1E, 0x0E, 0x8D, 0xD2, 0x7C, 0xC0, 0x8D, 0xD5, 0x82, 0xC1, 0x80, 0xD0,
    0x82, 0x91, 0x80, 0xD7, 0x6C, 0x00, 0x8D, 0xC5, 0x04, 0x50, 0x8C, 0xD5, 0x8C, 0x00, 0x00, 0xEA,
    0x10, 0x00, 0x18, 0xE3, 0x0C, 0x00, 0x00, 0x0A, 0x00, 0x00, 0x59, 0xE3, 0x5E, 0x00, 0x00, 0x1A,
    0x02, 0x00, 0x5B, 0xE1, 0x01, 0x30, 0x8B, 0xE2, 0x73, 0x00, 0x00, 0xBA, 0x6C, 0x10, 0x9D, 0xE5,
    0x1F, 0x00, 0x52, 0xE3, 0x04, 0x90, 0x91, 0xE4, 0x01, 0x00, 0x82, 0xD2, 0x7C, 0x00, 0x8D, 0xD5,
    0x6C, 0x10, 0x8D, 0xD5, 0x7A, 0x00, 0x00, 0xDA, 0x4F, 0x00, 0x00, 0xEA, 0x40, 0x00, 0x18, 0xE3,
    0x23, 0x00, 0x00, 0x0A, 0x00, 0x00, 0x59, 0xE3, 0x15, 0x00, 0x00, 0x0A, 0x02, 0x00, 0x54, 0xE1,
    0x04, 0x00, 0x00, 0xAA, 0x2E, 0x3E, 0x8D, 0xE2, 0x84, 0x41, 0x83, 0xE0, 0x00, 0x91, 0x14, 0xE5,
    0x79, 0x90, 0xFF, 0xE6, 0x5B, 0x00, 0x00, 0xEA, 0x80, 0x30, 0x8D, 0xE2, 0x0C, 0x30, 0x8D, 0xE5,
    0x16, 0x3E, 0x8D, 0xE2, 0x08, 0x30, 0x8D, 0xE5, 0x1E, 0x3E, 0x8D, 0xE2, 0x04, 0x30, 0x8D, 0xE5,
    0x7C, 0x30, 0x8D, 0xE2, 0x00, 0x30, 0x8D, 0xE5, 0x05, 0x20, 0xA0, 0xE1, 0x04, 0x10, 0xA0, 0xE1,
    0x14, 0x00, 0x9D, 0xE5, 0x6C, 0x30, 0x8D, 0xE2, 0xA6, 0xF8, 0xFF, 0xEB, 0xB0, 0x90, 0xD0, 0xE1,
    0x4C, 0x00, 0x00, 0xEA, 0x02, 0x00, 0x5B, 0xE1, 0x01, 0x30, 0x8B, 0xE2, 0x04, 0x00, 0x00, 0xAA,
    0x2E, 0x2E, 0x8D, 0xE2, 0x84, 0x41, 0x82, 0xE0, 0x00, 0x91, 0x14, 0xE5, 0x79, 0x90, 0xFF, 0xE6,
    0x5A, 0x00, 0x00, 0xEA, 0x6C, 0x10, 0x9D, 0xE5, 0x04, 0x00, 0x91, 0xE4, 0x70, 0x90, 0xFF, 0xE6,
    0x20, 0x00, 0x00, 0xEA, 0x02, 0x0C, 0x18, 0xE3, 0x29, 0x00, 0x00, 0x0A, 0x00, 0x00, 0x59, 0xE3,
    0x13, 0x00, 0x00, 0x0A, 0x02, 0x00, 0x54, 0xE1, 0x2E, 0x3E, 0x8D, 0xB2, 0x84, 0x41, 0x83, 0xB0,
    0x00, 0x91, 0x54, 0xB5, 0x37, 0x00, 0x00, 0xBA, 0x80, 0x30, 0x8D, 0xE2, 0x0C, 0x30, 0x8D, 0xE5,
    0x16, 0x3E, 0x8D, 0xE2, 0x08, 0x30, 0x8D, 0xE5, 0x1E, 0x3E, 0x8D, 0xE2, 0x04, 0x30, 0x8D, 0xE5,
    0x7C, 0x30, 0x8D, 0xE2, 0x00, 0x30, 0x8D, 0xE5, 0x05, 0x20, 0xA0, 0xE1, 0x04, 0x10, 0xA0, 0xE1,
    0x14, 0x00, 0x9D, 0xE5, 0x6C, 0x30, 0x8D, 0xE2, 0x82, 0xF8, 0xFF, 0xEB, 0x00, 0x90, 0xD0, 0xE5,
    0x28, 0x00, 0x00, 0xEA, 0x02, 0x00, 0x5B, 0xE1, 0x2E, 0x2E, 0x8D, 0xB2, 0x84, 0x41, 0x82, 0xB0,
    0x00, 0x91, 0x54, 0xB5, 0x01, 0x30, 0x8B, 0xE2, 0x38, 0x00, 0x00, 0xBA, 0x6C, 0x10, 0x9D, 0xE5,
    0x04, 0x00, 0x91, 0xE4, 0x70, 0x90, 0xEF, 0xE6, 0x1F, 0x00, 0x52, 0xE3, 0x06, 0x00, 0x00, 0xCA,
    0x6C, 0x10, 0x8D, 0xE5, 0x2E, 0x1E, 0x8D, 0xE2, 0x01, 0xC0, 0x82, 0xE2, 0x82, 0x21, 0x81, 0xE0,
    0x7C, 0xC0, 0x8D, 0xE5, 0x00, 0x01, 0x02, 0xE5, 0x2C, 0x00, 0x00, 0xEA, 0x6C, 0x10, 0x8D, 0xE5,
    0x2A, 0x00, 0x00, 0xEA, 0x00, 0x00, 0x59, 0xE3, 0x14, 0x00, 0x00, 0x0A, 0x02, 0x00, 0x54, 0xE1,
    0x2E, 0x3E, 0x8D, 0xB2, 0x84, 0x41, 0x83, 0xB0, 0x00, 0x91, 0x14, 0xB5, 0x0D, 0x00, 0x00, 0xBA,
    0x80, 0x30, 0x8D, 0xE2, 0x0C, 0x30, 0x8D, 0xE5, 0x16, 0x3E, 0x8D, 0xE2, 0x08, 0x30, 0x8D, 0xE5,
    0x1E, 0x3E, 0x8D, 0xE2, 0x04, 0x30, 0x8D, 0xE5, 0x7C, 0x30, 0x8D, 0xE2, 0x00, 0x30, 0x8D, 0xE5,
    0x05, 0x20, 0xA0, 0xE1, 0x04, 0x10, 0xA0, 0xE1, 0x14, 0x00, 0x9D, 0xE5, 0x6C, 0x30, 0x8D, 0xE2,
    0x58, 0xF8, 0xFF, 0xEB, 0x00, 0x90, 0x90, 0xE5, 0x0B, 0x30, 0xA0, 0xE1, 0x13, 0x00, 0x00, 0xEA,
    0x02, 0x00, 0x5B, 0xE1, 0x01, 0x30, 0x8B, 0xE2, 0x03, 0x00, 0x00, 0xAA, 0x2E, 0x2E, 0x8D, 0xE2,
    0x84, 0x41, 0x82, 0xE0, 0x00, 0x91, 0x14, 0xE5, 0x0C, 0x00, 0x00, 0xEA, 0x6C, 0x10, 0x9D, 0xE5,
    0x1F, 0x00, 0x52, 0xE3, 0x04, 0x00, 0x81, 0xE2, 0x00, 0x90, 0x91, 0xC5, 0x6C, 0x00, 0x8D, 0xC5,
    0x06, 0x00, 0x00, 0xCA, 0x01, 0xC0, 0x82, 0xE2, 0x7C, 0xC0, 0x8D, 0xE5, 0x00, 0x90, 0x91, 0xE5,
    0x6C, 0x00, 0x8D, 0xE5, 0x2E, 0x1E, 0x8D, 0xE2, 0x82, 0x21, 0x81, 0xE0, 0x00, 0x91, 0x02, 0xE5,
    0x00, 0x50, 0xA0, 0xE3, 0x00, 0x20, 0xA0, 0xE3, 0x01, 0x8B, 0xC8, 0xE3, 0x8F, 0x02, 0x00, 0xEA,
    0x00, 0x00, 0x59, 0xE3, 0x38, 0x20, 0x8D, 0xE5, 0x34, 0xA0, 0x8D, 0xE5, 0x7C, 0x20, 0x9D, 0xE5,
    0x14, 0x00, 0x00, 0x0A, 0x02, 0x00, 0x54, 0xE1, 0x2E, 0x3E, 0x8D, 0xB2, 0x84, 0x41, 0x83, 0xB0,
    0x00, 0x91, 0x14, 0xB5, 0x0D, 0x00, 0x00, 0xBA, 0x80, 0x30, 0x8D, 0xE2, 0x0C, 0x30, 0x8D, 0xE5,
    0x16, 0x3E, 0x8D, 0xE2, 0x08, 0x30, 0x8D, 0xE5, 0x1E, 0x3E, 0x8D, 0xE2, 0x04, 0x30, 0x8D, 0xE5,
    0x7C, 0x30, 0x8D, 0xE2, 0x00, 0x30, 0x8D, 0xE5, 0x05, 0x20, 0xA0, 0xE1, 0x04, 0x10, 0xA0, 0xE1,
    0x14, 0x00, 0x9D, 0xE5, 0x6C, 0x30, 0x8D, 0xE2, 0x26, 0xF8, 0xFF, 0xEB, 0x00, 0x90, 0x90, 0xE5,
    0x0B, 0x30, 0xA0, 0xE1, 0x11, 0x00, 0x00, 0xEA, 0x02, 0x00, 0x5B, 0xE1, 0x2E, 0x2E, 0x8D, 0xB2,
    0x84, 0x41, 0x82, 0xB0, 0x00, 0x91, 0x14, 0xB5, 0x01, 0x30, 0x8B, 0xE2, 0x0B, 0x00, 0x00, 0xBA,
    0x6C, 0x10, 0x9D, 0xE5, 0x1F, 0x00, 0x52, 0xE3, 0x04, 0x00, 0x81, 0xE2, 0x6C, 0x00, 0x8D, 0xD5,
    0x00, 0x90, 0x91, 0xD5, 0x6C, 0x00, 0x8D, 0xC5, 0x2E, 0x1E, 0x8D, 0xD2, 0x01, 0xC0, 0x82, 0xD2,
    0x00, 0x90, 0x91, 0xC5, 0x82, 0x21, 0x81, 0xD0, 0x7C, 0xC0, 0x8D, 0xD5, 0x00, 0x91, 0x02, 0xD5,
    0x78, 0x10, 0xA0, 0xE3, 0x88, 0x29, 0x1F, 0xE5, 0x00, 0x50, 0xA0, 0xE3, 0xB8, 0x27, 0xCD, 0xE1,
    0x90, 0x29, 0x1F, 0xE5, 0x02, 0x80, 0x88, 0xE3, 0x58, 0x20, 0x8D, 0xE5, 0x24, 0x10, 0x8D, 0xE5,
    0x02, 0x20, 0xA0, 0xE3, 0x59, 0x02, 0x00, 0xEA, 0x00, 0x00, 0x59, 0xE3, 0x24, 0x30, 0x8D, 0xE5,
    0x38, 0x20, 0x8D, 0xE5, 0x7C, 0x30, 0x9D, 0xE5, 0x34, 0xA0, 0x8D, 0xE5, 0x13, 0x00, 0x00, 0x0A,
    0x03, 0x00, 0x54, 0xE1, 0x2E, 0x3E, 0x8D, 0xB2, 0x84, 0x41, 0x83, 0xB0, 0x00, 0xA1, 0x14, 0xB5,
    0x21, 0x00, 0x00, 0xBA, 0x80, 0x30, 0x8D, 0xE2, 0x0C, 0x30, 0x8D, 0xE5, 0x16, 0x3E, 0x8D, 0xE2,
    0x08, 0x30, 0x8D, 0xE5, 0x1E, 0x3E, 0x8D, 0xE2, 0x04, 0x30, 0x8D, 0xE5, 0x7C, 0x30, 0x8D, 0xE2,
    0x00, 0x30, 0x8D, 0xE5, 0x05, 0x20, 0xA0, 0xE1, 0x04, 0x10, 0xA0, 0xE1, 0x14, 0x00, 0x9D, 0xE5,
    0x6C, 0x30, 0x8D, 0xE2, 0xEF, 0xF7, 0xFF, 0xEB, 0x00, 0xA0, 0x90, 0xE5, 0x12, 0x00, 0x00, 0xEA,
    0x03, 0x00, 0x5B, 0xE1, 0x2E, 0x3E, 0x8D, 0xB2, 0x84, 0x41, 0x83, 0xB0, 0x00, 0xA1, 0x14, 0xB5,
    0x01, 0x20, 0x8B, 0xE2, 0x0B, 0x00, 0x00, 0xBA, 0x6C, 0x10, 0x9D, 0xE5, 0x1F, 0x00, 0x53, 0xE3,
    0x04, 0x00, 0x81, 0xE2, 0x6C, 0x00, 0x8D, 0xD5, 0x00, 0xA0, 0x91, 0xD5, 0x6C, 0x00, 0x8D, 0xC5,
    0x2E, 0x1E, 0x8D, 0xD2, 0x01, 0xC0, 0x83, 0xD2, 0x00, 0xA0, 0x91, 0xC5, 0x83, 0x31, 0x81, 0xD0,
    0x7C, 0xC0, 0x8D, 0xD5, 0x00, 0xA1, 0x03, 0xD5, 0x02, 0xB0, 0xA0, 0xE1, 0x00, 0x30, 0xA0, 0xE3,
    0x03, 0x00, 0x5A, 0xE1, 0x77, 0x30, 0xCD, 0xE5, 0x0A, 0x00, 0x00, 0x1A, 0x1C, 0x30, 0x9D, 0xE5,
    0x0A, 0x90, 0xA0, 0xE1, 0x06, 0x00, 0x53, 0xE3, 0x06, 0x30, 0xA0, 0x23, 0x0A, 0x50, 0xA0, 0xE1,
    0x0A, 0x40, 0xA0, 0xE1, 0x2C, 0xA0, 0x8D, 0xE5, 0x30, 0xA0, 0x8D, 0xE5, 0x1C, 0x30, 0x8D, 0xE5,
    0x8C, 0xAA, 0x1F, 0xE5, 0xBC, 0x02, 0x00, 0xEA, 0x24, 0x30, 0x9D, 0xE5, 0x53, 0x00, 0x53, 0xE3,
    0x01, 0x00, 0x00, 0x0A, 0x10, 0x40, 0x18, 0xE2, 0x66, 0x00, 0x00, 0x0A, 0xA8, 0x50, 0x8D, 0xE2,
    0x08, 0x20, 0xA0, 0xE3, 0x00, 0x10, 0xA0, 0xE3, 0x05, 0x00, 0xA0, 0xE1, 0x8C, 0xA0, 0x8D, 0xE5,
    0x01, 0xF1, 0xFF, 0xEB, 0x1C, 0x30, 0x9D, 0xE5, 0x00, 0x00, 0x53, 0xE3, 0x15, 0x00, 0x00, 0xBA,
    0x00, 0x40, 0xA0, 0xE3, 0x04, 0x60, 0xA0, 0xE1, 0x8C, 0x30, 0x9D, 0xE5, 0x04, 0x20, 0x93, 0xE7,
    0x00, 0x00, 0x52, 0xE3, 0x09, 0x00, 0x00, 0x0A, 0x05, 0x30, 0xA0, 0xE1, 0x14, 0x00, 0x9D, 0xE5,
    0xFC, 0x10, 0x8D, 0xE2, 0xAD, 0x06, 0x00, 0xEB, 0x01, 0x00, 0x70, 0xE3, 0x12, 0x00, 0x00, 0x0A,
    0x1C, 0x30, 0x9D, 0xE5, 0x00, 0x00, 0x86, 0xE0, 0x03, 0x00, 0x50, 0xE1, 0x01, 0x00, 0x00, 0xDA,
    0x1C, 0x60, 0x8D, 0xE5, 0x13, 0x00, 0x00, 0xEA, 0x04, 0x40, 0x84, 0xE2, 0x11, 0x00, 0x00, 0x0A,
    0x00, 0x60, 0xA0, 0xE1, 0xEB, 0xFF, 0xFF, 0xEA, 0x00, 0x30, 0xA0, 0xE3, 0x14, 0x00, 0x9D, 0xE5,
    0x03, 0x10, 0xA0, 0xE1, 0x00, 0x50, 0x8D, 0xE5, 0x8C, 0x20, 0x8D, 0xE2, 0x07, 0x0D, 0x00, 0xEB,
    0x01, 0x00, 0x70, 0xE3, 0x1C, 0x00, 0x8D, 0xE5, 0x05, 0x00, 0x00, 0x1A, 0x20, 0x30, 0x9D, 0xE5,
    0x00, 0xA0, 0xA0, 0xE3, 0xBC, 0x30, 0xD3, 0xE1, 0x14, 0x80, 0x9D, 0xE5, 0x40, 0x30, 0x83, 0xE3,
    0x2E, 0x00, 0x00, 0xEA, 0x8C, 0xA0, 0x8D, 0xE5, 0x1C, 0x30, 0x9D, 0xE5, 0x00, 0x00, 0x53, 0xE3,
    0x2E, 0x00, 0x00, 0x0A, 0x63, 0x00, 0x53, 0xE3, 0x09, 0x00, 0x00, 0xDA, 0x14, 0x00, 0x9D, 0xE5,
    0x01, 0x10, 0x83, 0xE2, 0xC5, 0xF1, 0xFF, 0xEB, 0x00, 0xA0, 0x50, 0xE2, 0x07, 0x00, 0x00, 0x1A,
    0x20, 0x30, 0x9D, 0xE5, 0x14, 0x80, 0x9D, 0xE5, 0xBC, 0x30, 0xD3, 0xE1, 0x40, 0x30, 0x83, 0xE3,
    0x1E, 0x00, 0x00, 0xEA, 0x00, 0x90, 0xA0, 0xE3, 0xFC, 0xA0, 0x8D, 0xE2, 0x00, 0x00, 0x00, 0xEA,
    0x0A, 0x90, 0xA0, 0xE1, 0xA8, 0x40, 0x8D, 0xE2, 0x08, 0x20, 0xA0, 0xE3, 0x00, 0x10, 0xA0, 0xE3,
    0x04, 0x00, 0xA0, 0xE1, 0xC0, 0xF0, 0xFF, 0xEB, 0x1C, 0x30, 0x9D, 0xE5, 0x0A, 0x10, 0xA0, 0xE1,
    0x14, 0x00, 0x9D, 0xE5, 0x00, 0x40, 0x8D, 0xE5, 0x8C, 0x20, 0x8D, 0xE2, 0xDF, 0x0C, 0x00, 0xEB,
    0x1C, 0x30, 0x9D, 0xE5, 0x00, 0x00, 0x53, 0xE1, 0x05, 0x00, 0x00, 0x0A, 0x20, 0x30, 0x9D, 0xE5,
    0x09, 0xA0, 0xA0, 0xE1, 0xBC, 0x30, 0xD3, 0xE1, 0x14, 0x80, 0x9D, 0xE5, 0x40, 0x30, 0x83, 0xE3,
    0x06, 0x00, 0x00, 0xEA, 0x00, 0x50, 0xA0, 0xE3, 0x1C, 0x30, 0x9D, 0xE5, 0x05, 0x40, 0xA0, 0xE1,
    0x03, 0x50, 0xCA, 0xE7, 0x2C, 0x50, 0x8D, 0xE5, 0x30, 0x50, 0x8D, 0xE5, 0x5A, 0x02, 0x00, 0xEA,
    0x20, 0x20, 0x9D, 0xE5, 0xBC, 0x30, 0xC2, 0xE1, 0x0A, 0x20, 0xA0, 0xE1, 0x17, 0x06, 0x00, 0xEA,
    0x1C, 0x50, 0x9D, 0xE5, 0x05, 0x40, 0xA0, 0xE1, 0x05, 0x90, 0xA0, 0xE1, 0x2C, 0x50, 0x8D, 0xE5,
    0x30, 0x50, 0x8D, 0xE5, 0x50, 0x02, 0x00, 0xEA, 0x1C, 0x30, 0x9D, 0xE5, 0x00, 0x00, 0x53, 0xE3,
    0x08, 0x00, 0x00, 0xBA, 0x03, 0x20, 0xA0, 0xE1, 0x04, 0x10, 0xA0, 0xE1, 0x0A, 0x00, 0xA0, 0xE1,
    0x84, 0x0C, 0x00, 0xEB, 0x00, 0x90, 0x50, 0xE2, 0x0A, 0x30, 0x49, 0x10, 0x1C, 0x30, 0x8D, 0x15,
    0x03, 0x00, 0x00, 0x1A, 0x3F, 0x02, 0x00, 0xEA, 0x0A, 0x00, 0xA0, 0xE1, 0x52, 0xEF, 0xFF, 0xEB,
    0x1C, 0x00, 0x8D, 0xE5, 0x04, 0x50, 0xA0, 0xE1, 0x04, 0x90, 0xA0, 0xE1, 0x2C, 0x40, 0x8D, 0xE5,
    0x30, 0x40, 0x8D, 0xE5, 0x3A, 0x02, 0x00, 0xEA, 0x38, 0x20, 0x8D, 0xE5, 0x24, 0x30, 0x8D, 0xE5,
    0x34, 0xA0, 0x8D, 0xE5, 0x10, 0x80, 0x88, 0xE3, 0x02, 0x00, 0x00, 0xEA, 0x38, 0x20, 0x8D, 0xE5,
    0x24, 0x30, 0x8D, 0xE5, 0x34, 0xA0, 0x8D, 0xE5, 0x20, 0x00, 0x18, 0xE3, 0x7C, 0x20, 0x9D, 0xE5,
    0x31, 0x00, 0x00, 0x0A, 0x00, 0x00, 0x59, 0xE3, 0x17, 0x00, 0x00, 0x0A, 0x02, 0x00, 0x54, 0xE1,
    0x04, 0x00, 0x00, 0xAA, 0x1E, 0x3E, 0x8D, 0xE2, 0x84, 0x21, 0x83, 0xE0, 0x84, 0x91, 0x93, 0xE7,
    0x04, 0x50, 0x92, 0xE5, 0x0E, 0x00, 0x00, 0xEA, 0x80, 0x30, 0x8D, 0xE2, 0x0C, 0x30, 0x8D, 0xE5,
    0x16, 0x3E, 0x8D, 0xE2, 0x08, 0x30, 0x8D, 0xE5, 0x1E, 0x3E, 0x8D, 0xE2, 0x04, 0x30, 0x8D, 0xE5,
    0x7C, 0x30, 0x8D, 0xE2, 0x05, 0x20, 0xA0, 0xE1, 0x00, 0x30, 0x8D, 0xE5, 0x04, 0x10, 0xA0, 0xE1,
    0x14, 0x00, 0x9D, 0xE5, 0x6C, 0x30, 0x8D, 0xE2, 0x2A, 0xF7, 0xFF, 0xEB, 0x00, 0x90, 0x90, 0xE5,
    0x04, 0x50, 0x90, 0xE5, 0x0B, 0x30, 0xA0, 0xE1, 0xA4, 0x00, 0x00, 0xEA, 0x02, 0x00, 0x5B, 0xE1,
    0x01, 0x30, 0x8B, 0xE2, 0x04, 0x00, 0x00, 0xAA, 0x1E, 0x2E, 0x8D, 0xE2, 0x84, 0x11, 0x82, 0xE0,
    0x84, 0x91, 0x92, 0xE7, 0x04, 0x50, 0x91, 0xE5, 0x9C, 0x00, 0x00, 0xEA, 0x6C, 0x00, 0x9D, 0xE5,
    0x1F, 0x00, 0x52, 0xE3, 0x07, 0x00, 0x80, 0xE2, 0x07, 0x00, 0xC0, 0xE3, 0x00, 0x90, 0x90, 0xE5,
    0x04, 0x50, 0x90, 0xE5, 0x08, 0x00, 0x80, 0xE2, 0x01, 0xC0, 0x82, 0xD2, 0x6C, 0x00, 0x8D, 0xD5,
    0x1E, 0x0E, 0x8D, 0xD2, 0x7C, 0xC0, 0x8D, 0xD5, 0x82, 0xC1, 0x80, 0xD0, 0x82, 0x91, 0x80, 0xD7,
    0x6C, 0x00, 0x8D, 0xC5, 0x04, 0x50, 0x8C, 0xD5, 0x8C, 0x00, 0x00, 0xEA, 0x10, 0x00, 0x18, 0xE3,
    0x0C, 0x00, 0x00, 0x0A, 0x00, 0x00, 0x59, 0xE3, 0x5E, 0x00, 0x00, 0x1A, 0x02, 0x00, 0x5B, 0xE1,
    0x01, 0x30, 0x8B, 0xE2, 0x73, 0x00, 0x00, 0xBA, 0x6C, 0x10, 0x9D, 0xE5, 0x1F, 0x00, 0x52, 0xE3,
    0x04, 0x90, 0x91, 0xE4, 0x01, 0x00, 0x82, 0xD2, 0x7C, 0x00, 0x8D, 0xD5, 0x6C, 0x10, 0x8D, 0xD5,
    0x7A, 0x00, 0x00, 0xDA, 0x4F, 0x00, 0x00, 0xEA, 0x40, 0x00, 0x18, 0xE3, 0x23, 0x00, 0x00, 0x0A,
    0x00, 0x00, 0x59, 0xE3, 0x15, 0x00, 0x00, 0x0A, 0x02, 0x00, 0x54, 0xE1, 0x04, 0x00, 0x00, 0xAA,
    0x2E, 0x3E, 0x8D, 0xE2, 0x84, 0x41, 0x83, 0xE0, 0x00, 0x91, 0x14, 0xE5, 0x79, 0x90, 0xFF, 0xE6,
    0x5B, 0x00, 0x00, 0xEA, 0x80, 0x30, 0x8D, 0xE2, 0x0C, 0x30, 0x8D, 0xE5, 0x16, 0x3E, 0x8D, 0xE2,
    0x08, 0x30, 0x8D, 0xE5, 0x1E, 0x3E, 0x8D, 0xE2, 0x04, 0x30, 0x8D, 0xE5, 0x7C, 0x30, 0x8D, 0xE2,
    0x00, 0x30, 0x8D, 0xE5, 0x05, 0x20, 0xA0, 0xE1, 0x04, 0x10, 0xA0, 0xE1, 0x14, 0x00, 0x9D, 0xE5,
    0x6C, 0x30, 0x8D, 0xE2, 0xE7, 0xF6, 0xFF, 0xEB, 0xB0, 0x90, 0xD0, 0xE1, 0x4C, 0x00, 0x00, 0xEA,
    0x02, 0x00, 0x5B, 0xE1, 0x01, 0x30, 0x8B, 0xE2, 0x04, 0x00, 0x00, 0xAA, 0x2E, 0x2E, 0x8D, 0xE2,
    0x84, 0x41, 0x82, 0xE0, 0x00, 0x91, 0x14, 0xE5, 0x79, 0x90, 0xFF, 0xE6, 0x5A, 0x00, 0x00, 0xEA,
    0x6C, 0x10, 0x9D, 0xE5, 0x04, 0x00, 0x91, 0xE4, 0x70, 0x90, 0xFF, 0xE6, 0x20, 0x00, 0x00, 0xEA,
    0x02, 0x0C, 0x18, 0xE3, 0x29, 0x00, 0x00, 0x0A, 0x00, 0x00, 0x59, 0xE3, 0x13, 0x00, 0x00, 0x0A,
    0x02, 0x00, 0x54, 0xE1, 0x2E, 0x3E, 0x8D, 0xB2, 0x84, 0x41, 0x83, 0xB0, 0x00, 0x91, 0x54, 0xB5,
    0x37, 0x00, 0x00, 0xBA, 0x80, 0x30, 0x8D, 0xE2, 0x0C, 0x30, 0x8D, 0xE5, 0x16, 0x3E, 0x8D, 0xE2,
    0x08, 0x30, 0x8D, 0xE5, 0x1E, 0x3E, 0x8D, 0xE2, 0x04, 0x30, 0x8D, 0xE5, 0x7C, 0x30, 0x8D, 0xE2,
    0x00, 0x30, 0x8D, 0xE5, 0x05, 0x20, 0xA0, 0xE1, 0x04, 0x10, 0xA0, 0xE1, 0x14, 0x00, 0x9D, 0xE5,
    0x6C, 0x30, 0x8D, 0xE2, 0xC3, 0xF6, 0xFF, 0xEB, 0x00, 0x90, 0xD0, 0xE5, 0x28, 0x00, 0x00, 0xEA,
    0x02, 0x00, 0x5B, 0xE1, 0x2E, 0x2E, 0x8D, 0xB2, 0x84, 0x41, 0x82, 0xB0, 0x00, 0x91, 0x54, 0xB5,
    0x01, 0x30, 0x8B, 0xE2, 0x38, 0x00, 0x00, 0xBA, 0x6C, 0x10, 0x9D, 0xE5, 0x04, 0x00, 0x91, 0xE4,
    0x70, 0x90, 0xEF, 0xE6, 0x1F, 0x00, 0x52, 0xE3, 0x06, 0x00, 0x00, 0xCA, 0x6C, 0x10, 0x8D, 0xE5,
    0x2E, 0x1E, 0x8D, 0xE2, 0x01, 0xC0, 0x82, 0xE2, 0x82, 0x21, 0x81, 0xE0, 0x7C, 0xC0, 0x8D, 0xE5,
    0x00, 0x01, 0x02, 0xE5, 0x2C, 0x00, 0x00, 0xEA, 0x6C, 0x10, 0x8D, 0xE5, 0x2A, 0x00, 0x00, 0xEA,
    0x00, 0x00, 0x59, 0xE3, 0x14, 0x00, 0x00, 0x0A, 0x02, 0x00, 0x54, 0xE1, 0x2E, 0x3E, 0x8D, 0xB2,
    0x84, 0x41, 0x83, 0xB0, 0x00, 0x91, 0x14, 0xB5, 0x0D, 0x00, 0x00, 0xBA, 0x80, 0x30, 0x8D, 0xE2,
    0x0C, 0x30, 0x8D, 0xE5, 0x16, 0x3E, 0x8D, 0xE2, 0x08, 0x30, 0x8D, 0xE5, 0x1E, 0x3E, 0x8D, 0xE2,
    0x04, 0x30, 0x8D, 0xE5, 0x7C, 0x30, 0x8D, 0xE2, 0x00, 0x30, 0x8D, 0xE5, 0x05, 0x20, 0xA0, 0xE1,
    0x04, 0x10, 0xA0, 0xE1, 0x14, 0x00, 0x9D, 0xE5, 0x6C, 0x30, 0x8D, 0xE2, 0x99, 0xF6, 0xFF, 0xEB,
    0x00, 0x90, 0x90, 0xE5, 0x0B, 0x30, 0xA0, 0xE1, 0x13, 0x00, 0x00, 0xEA, 0x02, 0x00, 0x5B, 0xE1,
    0x01, 0x30, 0x8B, 0xE2, 0x03, 0x00, 0x00, 0xAA, 0x2E, 0x2E, 0x8D, 0xE2, 0x84, 0x41, 0x82, 0xE0,
    0x00, 0x91, 0x14, 0xE5, 0x0C, 0x00, 0x00, 0xEA, 0x6C, 0x10, 0x9D, 0xE5, 0x1F, 0x00, 0x52, 0xE3,
    0x04, 0x00, 0x81, 0xE2, 0x00, 0x90, 0x91, 0xC5, 0x6C, 0x00, 0x8D, 0xC5, 0x06, 0x00, 0x00, 0xCA,
    0x01, 0xC0, 0x82, 0xE2, 0x7C, 0xC0, 0x8D, 0xE5, 0x00, 0x90, 0x91, 0xE5, 0x6C, 0x00, 0x8D, 0xE5,
    0x2E, 0x1E, 0x8D, 0xE2, 0x82, 0x21, 0x81, 0xE0, 0x00, 0x91, 0x02, 0xE5, 0x00, 0x50, 0xA0, 0xE3,
    0x01, 0x20, 0xA0, 0xE3, 0xD1, 0x00, 0x00, 0xEA, 0x24, 0x30, 0x8D, 0xE5, 0xC4, 0x3F, 0x1F, 0xE5,
    0x38, 0x20, 0x8D, 0xE5, 0x34, 0xA0, 0x8D, 0xE5, 0x20, 0x00, 0x18, 0xE3, 0x7C, 0x20, 0x9D, 0xE5,
    0x58, 0x30, 0x8D, 0xE5, 0x31, 0x00, 0x00, 0x0A, 0x00, 0x00, 0x59, 0xE3, 0x17, 0x00, 0x00, 0x0A,
    0x02, 0x00, 0x54, 0xE1, 0x04, 0x00, 0x00, 0xAA, 0x1E, 0x3E, 0x8D, 0xE2, 0x84, 0x21, 0x83, 0xE0,
    0x84, 0x91, 0x93, 0xE7, 0x04, 0x50, 0x92, 0xE5, 0x0E, 0x00, 0x00, 0xEA, 0x80, 0x30, 0x8D, 0xE2,
    0x0C, 0x30, 0x8D, 0xE5, 0x16, 0x3E, 0x8D, 0xE2, 0x08, 0x30, 0x8D, 0xE5, 0x1E, 0x3E, 0x8D, 0xE2,
    0x04, 0x30, 0x8D, 0xE5, 0x7C, 0x30, 0x8D, 0xE2, 0x05, 0x20, 0xA0, 0xE1, 0x00, 0x30, 0x8D, 0xE5,
    0x04, 0x10, 0xA0, 0xE1, 0x14, 0x00, 0x9D, 0xE5, 0x6C, 0x30, 0x8D, 0xE2, 0x61, 0xF6, 0xFF, 0xEB,
    0x00, 0x90, 0x90, 0xE5, 0x04, 0x50, 0x90, 0xE5, 0x0B, 0x30, 0xA0, 0xE1, 0xA4, 0x00, 0x00, 0xEA,
    0x02, 0x00, 0x5B, 0xE1, 0x01, 0x30, 0x8B, 0xE2, 0x04, 0x00, 0x00, 0xAA, 0x1E, 0x2E, 0x8D, 0xE2,
    0x84, 0x11, 0x82, 0xE0, 0x84, 0x91, 0x92, 0xE7, 0x04, 0x50, 0x91, 0xE5, 0x9C, 0x00, 0x00, 0xEA,
    0x6C, 0x00, 0x9D, 0xE5, 0x1F, 0x00, 0x52, 0xE3, 0x07, 0x00, 0x80, 0xE2, 0x07, 0x00, 0xC0, 0xE3,
    0x00, 0x90, 0x90, 0xE5, 0x04, 0x50, 0x90, 0xE5, 0x08, 0x00, 0x80, 0xE2, 0x01, 0xC0, 0x82, 0xD2,
    0x6C, 0x00, 0x8D, 0xD5, 0x1E, 0x0E, 0x8D, 0xD2, 0x7C, 0xC0, 0x8D, 0xD5, 0x82, 0xC1, 0x80, 0xD0,
    0x82, 0x91, 0x80, 0xD7, 0x6C, 0x00, 0x8D, 0xC5, 0x04, 0x50, 0x8C, 0xD5, 0x8C, 0x00, 0x00, 0xEA,
    0x10, 0x00, 0x18, 0xE3, 0x0C, 0x00, 0x00, 0x0A, 0x00, 0x00, 0x59, 0xE3, 0x5E, 0x00, 0x00, 0x1A,
    0x02, 0x00, 0x5B, 0xE1, 0x01, 0x30, 0x8B, 0xE2, 0x73, 0x00, 0x00, 0xBA, 0x6C, 0x10, 0x9D, 0xE5,
    0x1F, 0x00, 0x52, 0xE3, 0x04, 0x90, 0x91, 0xE4, 0x01, 0x00, 0x82, 0xD2, 0x7C, 0x00, 0x8D, 0xD5,
    0x6C, 0x10, 0x8D, 0xD5, 0x7A, 0x00, 0x00, 0xDA, 0x4F, 0x00, 0x00, 0xEA, 0x40, 0x00, 0x18, 0xE3,
    0x23, 0x00, 0x00, 0x0A, 0x00, 0x00, 0x59, 0xE3, 0x15, 0x00, 0x00, 0x0A, 0x02, 0x00, 0x54, 0xE1,
    0x04, 0x00, 0x00, 0xAA, 0x2E, 0x3E, 0x8D, 0xE2, 0x84, 0x41, 0x83, 0xE0, 0x00, 0x91, 0x14, 0xE5,
    0x79, 0x90, 0xFF, 0xE6, 0x5B, 0x00, 0x00, 0xEA, 0x80, 0x30, 0x8D, 0xE2, 0x0C, 0x30, 0x8D, 0xE5,
    0x16, 0x3E, 0x8D, 0xE2, 0x08, 0x30, 0x8D, 0xE5, 0x1E, 0x3E, 0x8D, 0xE2, 0x04, 0x30, 0x8D, 0xE5,
    0x7C, 0x30, 0x8D, 0xE2, 0x00, 0x30, 0x8D, 0xE5, 0x05, 0x20, 0xA0, 0xE1, 0x04, 0x10, 0xA0, 0xE1,
    0x14, 0x00, 0x9D, 0xE5, 0x6C, 0x30, 0x8D, 0xE2, 0x1E, 0xF6, 0xFF, 0xEB, 0xB0, 0x90, 0xD0, 0xE1,
    0x4C, 0x00, 0x00, 0xEA, 0x02, 0x00, 0x5B, 0xE1, 0x01, 0x30, 0x8B, 0xE2, 0x04, 0x00, 0x00, 0xAA,
    0x2E, 0x2E, 0x8D, 0xE2, 0x84, 0x41, 0x82, 0xE0, 0x00, 0x91, 0x14, 0xE5, 0x79, 0x90, 0xFF, 0xE6,
    0x5A, 0x00, 0x00, 0xEA, 0x6C, 0x10, 0x9D, 0xE5, 0x04, 0x00, 0x91, 0xE4, 0x70, 0x90, 0xFF, 0xE6,
    0x20, 0x00, 0x00, 0xEA, 0x02, 0x0C, 0x18, 0xE3, 0x29, 0x00, 0x00, 0x0A, 0x00, 0x00, 0x59, 0xE3,
    0x13, 0x00, 0x00, 0x0A, 0x02, 0x00, 0x54, 0xE1, 0x2E, 0x3E, 0x8D, 0xB2, 0x84, 0x41, 0x83, 0xB0,
    0x00, 0x91, 0x54, 0xB5, 0x37, 0x00, 0x00, 0xBA, 0x80, 0x30, 0x8D, 0xE2, 0x0C, 0x30, 0x8D, 0xE5,
    0x16, 0x3E, 0x8D, 0xE2, 0x08, 0x30, 0x8D, 0xE5, 0x1E, 0x3E, 0x8D, 0xE2, 0x04, 0x30, 0x8D, 0xE5,
    0x7C, 0x30, 0x8D, 0xE2, 0x00, 0x30, 0x8D, 0xE5, 0x05, 0x20, 0xA0, 0xE1, 0x04, 0x10, 0xA0, 0xE1,
    0x14, 0x00, 0x9D, 0xE5, 0x6C, 0x30, 0x8D, 0xE2, 0xFA, 0xF5, 0xFF, 0xEB, 0x00, 0x90, 0xD0, 0xE5,
    0x28, 0x00, 0x00, 0xEA, 0x02, 0x00, 0x5B, 0xE1, 0x2E, 0x2E, 0x8D, 0xB2, 0x84, 0x41, 0x82, 0xB0,
    0x00, 0x91, 0x54, 0xB5, 0x01, 0x30, 0x8B, 0xE2, 0x38, 0x00, 0x00, 0xBA, 0x6C, 0x10, 0x9D, 0xE5,
    0x04, 0x00, 0x91, 0xE4, 0x70, 0x90, 0xEF, 0xE6, 0x1F, 0x00, 0x52, 0xE3, 0x06, 0x00, 0x00, 0xCA,
    0x6C, 0x10, 0x8D, 0xE5, 0x2E, 0x1E, 0x8D, 0xE2, 0x01, 0xC0, 0x82, 0xE2, 0x82, 0x21, 0x81, 0xE0,
    0x7C, 0xC0, 0x8D, 0xE5, 0x00, 0x01, 0x02, 0xE5, 0x2C, 0x00, 0x00, 0xEA, 0x6C, 0x10, 0x8D, 0xE5,
    0x2A, 0x00, 0x00, 0xEA, 0x00, 0x00, 0x59, 0xE3, 0x14, 0x00, 0x00, 0x0A, 0x02, 0x00, 0x54, 0xE1,
    0x2E, 0x3E, 0x8D, 0xB2, 0x84, 0x41, 0x83, 0xB0, 0x00, 0x91, 0x14, 0xB5, 0x0D, 0x00, 0x00, 0xBA,
    0x80, 0x30, 0x8D, 0xE2, 0x0C, 0x30, 0x8D, 0xE5, 0x16, 0x3E, 0x8D, 0xE2, 0x08, 0x30, 0x8D, 0xE5,
    0x1E, 0x3E, 0x8D, 0xE2, 0x04, 0x30, 0x8D, 0xE5, 0x7C, 0x30, 0x8D, 0xE2, 0x00, 0x30, 0x8D, 0xE5,
    0x05, 0x20, 0xA0, 0xE1, 0x04, 0x10, 0xA0, 0xE1, 0x14, 0x00, 0x9D, 0xE5, 0x6C, 0x30, 0x8D, 0xE2,
    0xD0, 0xF5, 0xFF, 0xEB, 0x00, 0x90, 0x90, 0xE5, 0x0B, 0x30, 0xA0, 0xE1, 0x13, 0x00, 0x00, 0xEA,
    0x02, 0x00, 0x5B, 0xE1, 0x01, 0x30, 0x8B, 0xE2, 0x03, 0x00, 0x00, 0xAA, 0x2E, 0x2E, 0x8D, 0xE2,
    0x84, 0x41, 0x82, 0xE0, 0x00, 0x91, 0x14, 0xE5, 0x0C, 0x00, 0x00, 0xEA, 0x6C, 0x10, 0x9D, 0xE5,
    0x1F, 0x00, 0x52, 0xE3, 0x04, 0x00, 0x81, 0xE2, 0x00, 0x90, 0x91, 0xC5, 0x6C, 0x00, 0x8D, 0xC5,
    0x06, 0x00, 0x00, 0xCA, 0x01, 0xC0, 0x82, 0xE2, 0x7C, 0xC0, 0x8D, 0xE5, 0x00, 0x90, 0x91, 0xE5,
    0x6C, 0x00, 0x8D, 0xE5, 0x2E, 0x1E, 0x8D, 0xE2, 0x82, 0x21, 0x81, 0xE0, 0x00, 0x91, 0x02, 0xE5,
    0x00, 0x50, 0xA0, 0xE3, 0x05, 0x20, 0x99, 0xE1, 0x00, 0x20, 0xA0, 0x03, 0x01, 0x20, 0x08, 0x12,
    0x00, 0x00, 0x52, 0xE3, 0x30, 0x20, 0xA0, 0x13, 0x78, 0x20, 0xCD, 0x15, 0x24, 0x20, 0x9D, 0x15,
    0x02, 0x80, 0x88, 0x13, 0x79, 0x20, 0xCD, 0x15, 0x02, 0x20, 0xA0, 0xE3, 0x01, 0x8B, 0xC8, 0xE3,
    0x03, 0xB0, 0xA0, 0xE1, 0x00, 0x30, 0xA0, 0xE3, 0x77, 0x30, 0xCD, 0xE5, 0x1C, 0x30, 0x9D, 0xE5,
    0x00, 0x00, 0x53, 0xE3, 0x08, 0x00, 0xA0, 0xA1, 0x05, 0x00, 0x00, 0xAA, 0x0C, 0x00, 0x00, 0xEA,
    0x1C, 0x30, 0x9D, 0xE5, 0x00, 0x00, 0x53, 0xE3, 0x08, 0x00, 0xA0, 0xA1, 0x01, 0x20, 0xA0, 0xA3,
    0x1D, 0x00, 0x00, 0xBA, 0x1C, 0x10, 0x9D, 0xE5, 0x05, 0x30, 0x89, 0xE1, 0x00, 0x00, 0x53, 0xE3,
    0x00, 0x00, 0x51, 0x03, 0x80, 0x80, 0xC8, 0xE3, 0x01, 0x30, 0xA0, 0x13, 0x00, 0x30, 0xA0, 0x03,
    0x5B, 0x00, 0x00, 0x0A, 0x01, 0x00, 0x52, 0xE3, 0x13, 0x00, 0x00, 0x0A, 0x02, 0x00, 0x52, 0xE3,
    0x16, 0xAE, 0x8D, 0xE2, 0x4C, 0x00, 0x00, 0x0A, 0x07, 0x30, 0x09, 0xE2, 0xA9, 0x91, 0xA0, 0xE1,
    0x85, 0x9E, 0x89, 0xE1, 0xA5, 0x51, 0xA0, 0xE1, 0x30, 0x30, 0x83, 0xE2, 0x05, 0x20, 0x99, 0xE1,
    0x0A, 0x00, 0xA0, 0xE1, 0x01, 0x30, 0x6A, 0xE5, 0xF6, 0xFF, 0xFF, 0x1A, 0x30, 0x00, 0x53, 0xE3,
    0x00, 0x20, 0xA0, 0x03, 0x01, 0x20, 0x08, 0x12, 0x00, 0x00, 0x52, 0xE3, 0x30, 0x30, 0xA0, 0x13,
    0x01, 0x30, 0x4A, 0x15, 0x02, 0xA0, 0x40, 0x12, 0x54, 0x00, 0x00, 0xEA, 0x0A, 0x00, 0x59, 0xE3,
    0x00, 0x30, 0xD5, 0xE2, 0x30, 0x90, 0x89, 0x32, 0x5F, 0x91, 0xCD, 0x35, 0x48, 0x00, 0x00, 0x3A,
    0x00, 0x60, 0xA0, 0xE3, 0x01, 0x3B, 0x08, 0xE2, 0x16, 0x4E, 0x8D, 0xE2, 0x28, 0x30, 0x8D, 0xE5,
    0x0A, 0x20, 0xA0, 0xE3, 0x00, 0x30, 0xA0, 0xE3, 0x09, 0x00, 0xA0, 0xE1, 0x05, 0x10, 0xA0, 0xE1,
    0x56, 0xC3, 0xFF, 0xEB, 0x30, 0x20, 0x82, 0xE2, 0x01, 0x20, 0x44, 0xE5, 0x28, 0x20, 0x9D, 0xE5,
    0x00, 0x30, 0xA0, 0xE1, 0x00, 0x00, 0x52, 0xE3, 0x01, 0x70, 0xA0, 0xE1, 0x01, 0xA0, 0x44, 0xE2,
    0x01, 0x60, 0x86, 0xE2, 0x1D, 0x00, 0x00, 0x0A, 0x44, 0x20, 0x9D, 0xE5, 0x00, 0x20, 0xD2, 0xE5,
    0xFF, 0x10, 0x52, 0xE2, 0x01, 0x10, 0xA0, 0x13, 0x06, 0x00, 0x52, 0xE1, 0x00, 0x10, 0xA0, 0x13,
    0x00, 0x00, 0x51, 0xE3, 0x15, 0x00, 0x00, 0x0A, 0x0A, 0x00, 0x59, 0xE3, 0x00, 0x50, 0xD5, 0xE2,
    0x31, 0x00, 0x00, 0x3A, 0x4C, 0x30, 0x9D, 0xE5, 0x2C, 0x00, 0x8D, 0xE5, 0x03, 0xA0, 0x4A, 0xE0,
    0x03, 0x20, 0xA0, 0xE1, 0x0A, 0x00, 0xA0, 0xE1, 0x54, 0x10, 0x9D, 0xE5, 0xFA, 0xF3, 0xFF, 0xEB,
    0x44, 0x30, 0x9D, 0xE5, 0x01, 0x60, 0xD3, 0xE5, 0x00, 0x00, 0x56, 0xE3, 0x2C, 0x90, 0x9D, 0x05,
    0x0A, 0x00, 0x00, 0x0A, 0x44, 0x20, 0x9D, 0xE5, 0x07, 0x50, 0xA0, 0xE1, 0x01, 0x20, 0x82, 0xE2,
    0x00, 0x60, 0xA0, 0xE3, 0x2C, 0x90, 0x9D, 0xE5, 0x44, 0x20, 0x8D, 0xE5, 0x04, 0x00, 0x00, 0xEA,
    0x0A, 0x00, 0x59, 0xE3, 0x00, 0x50, 0xD5, 0xE2, 0x1B, 0x00, 0x00, 0x3A, 0x03, 0x90, 0xA0, 0xE1,
    0x07, 0x50, 0xA0, 0xE1, 0x0A, 0x40, 0xA0, 0xE1, 0xCC, 0xFF, 0xFF, 0xEA, 0x58, 0x20, 0x9D, 0xE5,
    0x0F, 0x30, 0x09, 0xE2, 0x03, 0x30, 0xD2, 0xE7, 0x29, 0x92, 0xA0, 0xE1, 0x05, 0x9E, 0x89, 0xE1,
    0x25, 0x52, 0xA0, 0xE1, 0x01, 0x30, 0x6A, 0xE5, 0x05, 0x30, 0x99, 0xE1, 0xF6, 0xFF, 0xFF, 0x1A,
    0x0E, 0x00, 0x00, 0xEA, 0x00, 0x00, 0x52, 0xE3, 0x08, 0x00, 0x00, 0x1A, 0x01, 0x30, 0x10, 0xE2,
    0x1C, 0x30, 0x8D, 0xE5, 0x06, 0x00, 0x00, 0x0A, 0x30, 0x30, 0xA0, 0xE3, 0x1C, 0x20, 0x8D, 0xE5,
    0x5F, 0x31, 0xCD, 0xE5, 0x57, 0xAF, 0x8D, 0xE2, 0x03, 0xA0, 0x8A, 0xE2, 0x03, 0x00, 0x00, 0xEA,
    0x1C, 0x30, 0x8D, 0xE5, 0x16, 0xAE, 0x8D, 0xE2, 0x00, 0x00, 0x00, 0xEA, 0x28, 0x60, 0x8D, 0xE5,
    0x00, 0x90, 0xA0, 0xE3, 0x16, 0x3E, 0x8D, 0xE2, 0x0A, 0x30, 0x43, 0xE0, 0x1C, 0x50, 0x9D, 0xE5,
    0x1C, 0x30, 0x8D, 0xE5, 0x09, 0x40, 0xA0, 0xE1, 0x2C, 0x90, 0x8D, 0xE5, 0x30, 0x90, 0x8D, 0xE5,
    0x15, 0x00, 0x00, 0xEA, 0x00, 0x00, 0x53, 0xE3, 0x38, 0x20, 0x8D, 0xE5, 0x24, 0x30, 0x8D, 0xE5,
    0x34, 0xA0, 0x8D, 0xE5, 0xC2, 0x03, 0x00, 0x0A, 0xFC, 0x30, 0xCD, 0xE5, 0x00, 0x30, 0xA0, 0xE3,
    0x03, 0x90, 0xA0, 0xE1, 0x77, 0x30, 0xCD, 0xE5, 0x01, 0x30, 0xA0, 0xE3, 0x1C, 0x30, 0x8D, 0xE5,
    0x09, 0x50, 0xA0, 0xE1, 0x09, 0x40, 0xA0, 0xE1, 0x2C, 0x90, 0x8D, 0xE5, 0x30, 0x90, 0x8D, 0xE5,
    0xFC, 0xA0, 0x8D, 0xE2, 0x04, 0x00, 0x00, 0xEA, 0x09, 0x50, 0xA0, 0xE1, 0x2C, 0x90, 0x8D, 0xE5,
    0x30, 0x90, 0x8D, 0xE5, 0x73, 0x30, 0xA0, 0xE3, 0x24, 0x30, 0x8D, 0xE5, 0x1C, 0x30, 0x9D, 0xE5,
    0x03, 0x00, 0x55, 0xE1, 0x05, 0x30, 0xA0, 0xA1, 0x48, 0x30, 0x8D, 0xE5, 0x77, 0x30, 0xDD, 0xE5,
    0x00, 0x00, 0x53, 0xE3, 0x48, 0x30, 0x9D, 0x15, 0x01, 0x30, 0x83, 0x12, 0x48, 0x30, 0x8D, 0x15,
    0x02, 0x30, 0x18, 0xE2, 0x60, 0x30, 0x8D, 0xE5, 0x48, 0x30, 0x9D, 0x15, 0x02, 0x30, 0x83, 0x12,
    0x48, 0x30, 0x8D, 0x15, 0x84, 0x30, 0x18, 0xE2, 0x64, 0x30, 0x8D, 0xE5, 0x35, 0x00, 0x00, 0x1A,
    0x34, 0x30, 0x9D, 0xE5, 0x48, 0x20, 0x9D, 0xE5, 0x02, 0x30, 0x43, 0xE0, 0x00, 0x00, 0x53, 0xE3,
    0x30, 0x00, 0x00, 0xDA, 0x68, 0xA0, 0x8D, 0xE5, 0x10, 0x60, 0xA0, 0xE3, 0x04, 0xA0, 0xA0, 0xE1,
    0x03, 0x40, 0xA0, 0xE1, 0xF4, 0x7E, 0x9F, 0xE5, 0x18, 0xC0, 0x9D, 0xE5, 0xB4, 0x10, 0x9D, 0xE5,
    0x10, 0x00, 0x54, 0xE3, 0xB8, 0x20, 0x9D, 0xE5, 0x01, 0x10, 0x81, 0xE2, 0x08, 0x00, 0x8C, 0xE2,
    0x10, 0x00, 0x00, 0xDA, 0x10, 0x20, 0x82, 0xE2, 0x07, 0x00, 0x51, 0xE3, 0x00, 0x70, 0x8C, 0xE5,
    0x04, 0x60, 0x8C, 0xE5, 0xB8, 0x20, 0x8D, 0xE5, 0xB4, 0x10, 0x8D, 0xE5, 0x06, 0x00, 0x00, 0xDA,
    0x20, 0x10, 0x9D, 0xE5, 0x14, 0x00, 0x9D, 0xE5, 0xB0, 0x20, 0x8D, 0xE2, 0x89, 0x04, 0x00, 0xEB,
    0x00, 0x00, 0x50, 0xE3, 0x8F, 0x03, 0x00, 0x1A, 0xBC, 0x00, 0x8D, 0xE2, 0x00, 0xC0, 0xA0, 0xE1,
    0x10, 0x40, 0x44, 0xE2, 0xE8, 0xFF, 0xFF, 0xEA, 0x04, 0x30, 0xA0, 0xE1, 0x07, 0x00, 0x51, 0xE3,
    0x04, 0x30, 0x8C, 0xE5, 0x02, 0x30, 0x83, 0xE0, 0x0A, 0x40, 0xA0, 0xE1, 0x18, 0xC0, 0x8D, 0xE5,
    0x68, 0xA0, 0x9D, 0xE5, 0x00, 0x70, 0x8C, 0xE5, 0xB8, 0x30, 0x8D, 0xE5, 0xB4, 0x10, 0x8D, 0xE5,
    0x18, 0x00, 0x8D, 0xD5, 0x07, 0x00, 0x00, 0xDA, 0x20, 0x10, 0x9D, 0xE5, 0x14, 0x00, 0x9D, 0xE5,
    0xB0, 0x20, 0x8D, 0xE2, 0x73, 0x04, 0x00, 0xEB, 0x00, 0x00, 0x50, 0xE3, 0x79, 0x03, 0x00, 0x1A,
    0xBC, 0x30, 0x8D, 0xE2, 0x18, 0x30, 0x8D, 0xE5, 0x77, 0x30, 0xDD, 0xE5, 0x00, 0x00, 0x53, 0xE3,
    0x15, 0x00, 0x00, 0x0A, 0x18, 0x20, 0x9D, 0xE5, 0x77, 0x30, 0x8D, 0xE2, 0x00, 0x30, 0x82, 0xE5,
    0x01, 0x30, 0xA0, 0xE3, 0x04, 0x30, 0x82, 0xE5, 0xB8, 0x30, 0x9D, 0xE5, 0x01, 0x30, 0x83, 0xE2,
    0xB8, 0x30, 0x8D, 0xE5, 0xB4, 0x30, 0x9D, 0xE5, 0x01, 0x30, 0x83, 0xE2, 0x07, 0x00, 0x53, 0xE3,
    0xB4, 0x30, 0x8D, 0xE5, 0x08, 0x30, 0x82, 0xD2, 0x06, 0x00, 0x00, 0xDA, 0x20, 0x10, 0x9D, 0xE5,
    0x14, 0x00, 0x9D, 0xE5, 0xB0, 0x20, 0x8D, 0xE2, 0x5A, 0x04, 0x00, 0xEB, 0x00, 0x00, 0x50, 0xE3,
    0x60, 0x03, 0x00, 0x1A, 0xBC, 0x30, 0x8D, 0xE2, 0x18, 0x30, 0x8D, 0xE5, 0x60, 0x30, 0x9D, 0xE5,
    0x00, 0x00, 0x53, 0xE3, 0x15, 0x00, 0x00, 0x0A, 0x18, 0x20, 0x9D, 0xE5, 0x78, 0x30, 0x8D, 0xE2,
    0x00, 0x30, 0x82, 0xE5, 0x02, 0x30, 0xA0, 0xE3, 0x04, 0x30, 0x82, 0xE5, 0xB8, 0x30, 0x9D, 0xE5,
    0x02, 0x30, 0x83, 0xE2, 0xB8, 0x30, 0x8D, 0xE5, 0xB4, 0x30, 0x9D, 0xE5, 0x01, 0x30, 0x83, 0xE2,
    0x07, 0x00, 0x53, 0xE3, 0xB4, 0x30, 0x8D, 0xE5, 0x08, 0x30, 0x82, 0xD2, 0x06, 0x00, 0x00, 0xDA,
    0x20, 0x10, 0x9D, 0xE5, 0x14, 0x00, 0x9D, 0xE5, 0xB0, 0x20, 0x8D, 0xE2, 0x41, 0x04, 0x00, 0xEB,
    0x00, 0x00, 0x50, 0xE3, 0x47, 0x03, 0x00, 0x1A, 0xBC, 0x30, 0x8D, 0xE2, 0x18, 0x30, 0x8D, 0xE5,
    0x64, 0x30, 0x9D, 0xE5, 0x80, 0x00, 0x53, 0xE3, 0x35, 0x00, 0x00, 0x1A, 0x34, 0x30, 0x9D, 0xE5,
    0x48, 0x20, 0x9D, 0xE5, 0x02, 0x30, 0x43, 0xE0, 0x00, 0x00, 0x53, 0xE3, 0x30, 0x00, 0x00, 0xDA,
    0x60, 0xA0, 0x8D, 0xE5, 0x10, 0x60, 0xA0, 0xE3, 0x04, 0xA0, 0xA0, 0xE1, 0x03, 0x40, 0xA0, 0xE1,
    0x4C, 0x7D, 0x9F, 0xE5, 0x18, 0xC0, 0x9D, 0xE5, 0xB4, 0x10, 0x9D, 0xE5, 0x10, 0x00, 0x54, 0xE3,
    0xB8, 0x20, 0x9D, 0xE5, 0x01, 0x10, 0x81, 0xE2, 0x08, 0x00, 0x8C, 0xE2, 0x10, 0x00, 0x00, 0xDA,
    0x10, 0x20, 0x82, 0xE2, 0x07, 0x00, 0x51, 0xE3, 0x00, 0x70, 0x8C, 0xE5, 0x04, 0x60, 0x8C, 0xE5,
    0xB8, 0x20, 0x8D, 0xE5, 0xB4, 0x10, 0x8D, 0xE5, 0x06, 0x00, 0x00, 0xDA, 0x20, 0x10, 0x9D, 0xE5,
    0x14, 0x00, 0x9D, 0xE5, 0xB0, 0x20, 0x8D, 0xE2, 0x1E, 0x04, 0x00, 0xEB, 0x00, 0x00, 0x50, 0xE3,
    0x24, 0x03, 0x00, 0x1A, 0xBC, 0x00, 0x8D, 0xE2, 0x00, 0xC0, 0xA0, 0xE1, 0x10, 0x40, 0x44, 0xE2,
    0xE8, 0xFF, 0xFF, 0xEA, 0x04, 0x30, 0xA0, 0xE1, 0x07, 0x00, 0x51, 0xE3, 0x04, 0x30, 0x8C, 0xE5,
    0x02, 0x30, 0x83, 0xE0, 0x0A, 0x40, 0xA0, 0xE1, 0x18, 0xC0, 0x8D, 0xE5, 0x60, 0xA0, 0x9D, 0xE5,
    0x00, 0x70, 0x8C, 0xE5, 0xB8, 0x30, 0x8D, 0xE5, 0xB4, 0x10, 0x8D, 0xE5, 0x18, 0x00, 0x8D, 0xD5,
    0x07, 0x00, 0x00, 0xDA, 0x20, 0x10, 0x9D, 0xE5, 0x14, 0x00, 0x9D, 0xE5, 0xB0, 0x20, 0x8D, 0xE2,
    0x08, 0x04, 0x00, 0xEB, 0x00, 0x00, 0x50, 0xE3, 0x0E, 0x03, 0x00, 0x1A, 0xBC, 0x30, 0x8D, 0xE2,
    0x18, 0x30, 0x8D, 0xE5, 0x1C, 0x30, 0x9D, 0xE5, 0x03, 0x50, 0x45, 0xE0, 0x00, 0x00, 0x55, 0xE3,
    0x10, 0x60, 0xA0, 0xC3, 0x18, 0x00, 0x9D, 0xC5, 0x27, 0x00, 0x00, 0xDA, 0xD4, 0x2B, 0xCD, 0xE1,
    0x10, 0x00, 0x55, 0xE3, 0x01, 0x20, 0x82, 0xE2, 0x08, 0x10, 0x80, 0xE2, 0x10, 0x00, 0x00, 0xDA,
    0x6C, 0xCC, 0x9F, 0xE5, 0x10, 0x30, 0x83, 0xE2, 0x07, 0x00, 0x52, 0xE3, 0xF4, 0x2B, 0xCD, 0xE1,
    0x00, 0xC0, 0x80, 0xE5, 0x04, 0x60, 0x80, 0xE5, 0x06, 0x00, 0x00, 0xDA, 0x20, 0x10, 0x9D, 0xE5,
    0x14, 0x00, 0x9D, 0xE5, 0xB0, 0x20, 0x8D, 0xE2, 0xEE, 0x03, 0x00, 0xEB, 0x00, 0x00, 0x50, 0xE3,
    0xF4, 0x02, 0x00, 0x1A, 0xBC, 0x10, 0x8D, 0xE2, 0x01, 0x00, 0xA0, 0xE1, 0x10, 0x50, 0x45, 0xE2,
    0xE9, 0xFF, 0xFF, 0xEA, 0x28, 0xCC, 0x9F, 0xE5, 0x04, 0x50, 0x80, 0xE5, 0x07, 0x00, 0x52, 0xE3,
    0x03, 0x50, 0x85, 0xE0, 0x18, 0x00, 0x8D, 0xE5, 0x00, 0xC0, 0x80, 0xE5, 0xB8, 0x50, 0x8D, 0xE5,
    0xB4, 0x20, 0x8D, 0xE5, 0x18, 0x10, 0x8D, 0xD5, 0x07, 0x00, 0x00, 0xDA, 0x20, 0x10, 0x9D, 0xE5,
    0x14, 0x00, 0x9D, 0xE5, 0xB0, 0x20, 0x8D, 0xE2, 0xDA, 0x03, 0x00, 0xEB, 0x00, 0x00, 0x50, 0xE3,
    0xE0, 0x02, 0x00, 0x1A, 0xBC, 0x30, 0x8D, 0xE2, 0x18, 0x30, 0x8D, 0xE5, 0x01, 0x0C, 0x18, 0xE3,
    0xB8, 0x30, 0x9D, 0xE5, 0x0C, 0x00, 0x00, 0x1A, 0x1C, 0x10, 0x9D, 0xE5, 0x18, 0x20, 0x9D, 0xE5,
    0x03, 0x30, 0x81, 0xE0, 0xB8, 0x30, 0x8D, 0xE5, 0xB4, 0x30, 0x9D, 0xE5, 0x00, 0xA0, 0x82, 0xE5,
    0x01, 0x30, 0x83, 0xE2, 0x07, 0x00, 0x53, 0xE3, 0xB4, 0x30, 0x8D, 0xE5, 0x04, 0x10, 0x82, 0xE5,
    0x18, 0x30, 0x9D, 0xD5, 0x78, 0x02, 0x00, 0xDA, 0x2E, 0x02, 0x00, 0xEA, 0x24, 0x20, 0x9D, 0xE5,
    0x65, 0x00, 0x52, 0xE3, 0xEC, 0x01, 0x00, 0xDA, 0x40, 0x8B, 0xB5, 0xEE, 0x10, 0xFA, 0xF1, 0xEE,
    0x57, 0x00, 0x00, 0x1A, 0x18, 0x10, 0x9D, 0xE5, 0x88, 0x2B, 0x9F, 0xE5, 0x00, 0x20, 0x81, 0xE5,
    0x01, 0x20, 0xA0, 0xE3, 0x02, 0x30, 0x83, 0xE0, 0xB8, 0x30, 0x8D, 0xE5, 0xB4, 0x30, 0x9D, 0xE5,
    0x04, 0x20, 0x81, 0xE5, 0x02, 0x30, 0x83, 0xE0, 0x07, 0x00, 0x53, 0xE3, 0xB4, 0x30, 0x8D, 0xE5,
    0x08, 0x30, 0x81, 0xD2, 0x06, 0x00, 0x00, 0xDA, 0x20, 0x10, 0x9D, 0xE5, 0x14, 0x00, 0x9D, 0xE5,
    0xB0, 0x20, 0x8D, 0xE2, 0xAF, 0x03, 0x00, 0xEB, 0x00, 0x00, 0x50, 0xE3, 0xB5, 0x02, 0x00, 0x1A,
    0xBC, 0x30, 0x8D, 0xE2, 0x28, 0x20, 0x9D, 0xE5, 0x18, 0x30, 0x8D, 0xE5, 0x84, 0x30, 0x9D, 0xE5,
    0x02, 0x00, 0x53, 0xE1, 0x01, 0x00, 0x00, 0xBA, 0x01, 0x00, 0x18, 0xE3, 0x58, 0x02, 0x00, 0x0A,
    0x18, 0x30, 0x9D, 0xE5, 0x50, 0x20, 0x9D, 0xE5, 0x00, 0x20, 0x83, 0xE5, 0x40, 0x20, 0x9D, 0xE5,
    0x04, 0x20, 0x83, 0xE5, 0xB8, 0x30, 0x9D, 0xE5, 0x02, 0x30, 0x83, 0xE0, 0xB8, 0x30, 0x8D, 0xE5,
    0xB4, 0x30, 0x9D, 0xE5, 0x01, 0x30, 0x83, 0xE2, 0x07, 0x00, 0x53, 0xE3, 0xB4, 0x30, 0x8D, 0xE5,
    0x18, 0x30, 0x9D, 0xD5, 0x08, 0x30, 0x83, 0xD2, 0x06, 0x00, 0x00, 0xDA, 0x20, 0x10, 0x9D, 0xE5,
    0x14, 0x00, 0x9D, 0xE5, 0xB0, 0x20, 0x8D, 0xE2, 0x92, 0x03, 0x00, 0xEB, 0x00, 0x00, 0x50, 0xE3,
    0x98, 0x02, 0x00, 0x1A, 0xBC, 0x30, 0x8D, 0xE2, 0x18, 0x30, 0x8D, 0xE5, 0x28, 0x30, 0x9D, 0xE5,
    0x01, 0x60, 0x43, 0xE2, 0x00, 0x00, 0x56, 0xE3, 0x3D, 0x02, 0x00, 0xDA, 0x10, 0x50, 0xA0, 0xE3,
    0xAC, 0x4A, 0x9F, 0xE5, 0x18, 0x30, 0x9D, 0xE5, 0xB4, 0x10, 0x9D, 0xE5, 0x10, 0x00, 0x56, 0xE3,
    0xB8, 0x20, 0x9D, 0xE5, 0x01, 0x10, 0x81, 0xE2, 0x08, 0x00, 0x83, 0xE2, 0x0F, 0x00, 0x00, 0xDA,
    0x10, 0x20, 0x82, 0xE2, 0x07, 0x00, 0x51, 0xE3, 0xF0, 0x40, 0xC3, 0xE1, 0xB8, 0x20, 0x8D, 0xE5,
    0xB4, 0x10, 0x8D, 0xE5, 0x06, 0x00, 0x00, 0xDA, 0x20, 0x10, 0x9D, 0xE5, 0x14, 0x00, 0x9D, 0xE5,
    0xB0, 0x20, 0x8D, 0xE2, 0x77, 0x03, 0x00, 0xEB, 0x00, 0x00, 0x50, 0xE3, 0x7D, 0x02, 0x00, 0x1A,
    0xBC, 0x00, 0x8D, 0xE2, 0x00, 0x30, 0xA0, 0xE1, 0x10, 0x60, 0x46, 0xE2, 0xE9, 0xFF, 0xFF, 0xEA,
    0x18, 0x30, 0x8D, 0xE5, 0x50, 0x00, 0x83, 0xE8, 0x07, 0x00, 0x51, 0xE3, 0x02, 0x30, 0x86, 0xE0,
    0xB8, 0x30, 0x8D, 0xE5, 0xB4, 0x10, 0x8D, 0xE5, 0x18, 0x00, 0x8D, 0xD5, 0x1C, 0x02, 0x00, 0xDA,
    0xD0, 0x01, 0x00, 0xEA, 0x84, 0x20, 0x9D, 0xE5, 0x00, 0x00, 0x52, 0xE3, 0x69, 0x00, 0x00, 0xCA,
    0x18, 0x10, 0x9D, 0xE5, 0x1C, 0x2A, 0x9F, 0xE5, 0x00, 0x20, 0x81, 0xE5, 0x01, 0x20, 0xA0, 0xE3,
    0x02, 0x30, 0x83, 0xE0, 0xB8, 0x30, 0x8D, 0xE5, 0xB4, 0x30, 0x9D, 0xE5, 0x04, 0x20, 0x81, 0xE5,
    0x02, 0x30, 0x83, 0xE0, 0x07, 0x00, 0x53, 0xE3, 0xB4, 0x30, 0x8D, 0xE5, 0x08, 0x30, 0x81, 0xD2,
    0x06, 0x00, 0x00, 0xDA, 0x20, 0x10, 0x9D, 0xE5, 0x14, 0x00, 0x9D, 0xE5, 0xB0, 0x20, 0x8D, 0xE2,
    0x54, 0x03, 0x00, 0xEB, 0x00, 0x00, 0x50, 0xE3, 0x5A, 0x02, 0x00, 0x1A, 0xBC, 0x30, 0x8D, 0xE2,
    0x28, 0x20, 0x9D, 0xE5, 0x18, 0x30, 0x8D, 0xE5, 0x84, 0x30, 0x9D, 0xE5, 0x03, 0x30, 0x82, 0xE1,
    0x01, 0x20, 0x08, 0xE2, 0x02, 0x30, 0x93, 0xE1, 0xFD, 0x01, 0x00, 0x0A, 0x18, 0x30, 0x9D, 0xE5,
    0x50, 0x20, 0x9D, 0xE5, 0x00, 0x20, 0x83, 0xE5, 0x40, 0x20, 0x9D, 0xE5, 0x04, 0x20, 0x83, 0xE5,
    0xB8, 0x30, 0x9D, 0xE5, 0x03, 0x30, 0x82, 0xE0, 0xB8, 0x30, 0x8D, 0xE5, 0xB4, 0x30, 0x9D, 0xE5,
    0x01, 0x30, 0x83, 0xE2, 0x07, 0x00, 0x53, 0xE3, 0xB4, 0x30, 0x8D, 0xE5, 0x18, 0x30, 0x9D, 0xD5,
    0x08, 0x70, 0x83, 0xD2, 0x06, 0x00, 0x00, 0xDA, 0x20, 0x10, 0x9D, 0xE5, 0x14, 0x00, 0x9D, 0xE5,
    0xB0, 0x20, 0x8D, 0xE2, 0x37, 0x03, 0x00, 0xEB, 0x00, 0x00, 0x50, 0xE3, 0x3D, 0x02, 0x00, 0x1A,
    0xBC, 0x70, 0x8D, 0xE2, 0x84, 0x40, 0x9D, 0xE5, 0x00, 0x00, 0x54, 0xE3, 0x27, 0x00, 0x00, 0xAA,
    0x07, 0x20, 0xA0, 0xE1, 0x10, 0x60, 0xA0, 0xE3, 0x44, 0x59, 0x9F, 0xE5, 0x00, 0x40, 0x64, 0xE2,
    0xB4, 0x30, 0x9D, 0xE5, 0x10, 0x00, 0x54, 0xE3, 0xB8, 0x10, 0x9D, 0xE5, 0x01, 0x30, 0x83, 0xE2,
    0x08, 0x70, 0x87, 0xE2, 0x00, 0x50, 0x82, 0xE5, 0x0F, 0x00, 0x00, 0xDA, 0x10, 0x10, 0x81, 0xE2,
    0x07, 0x00, 0x53, 0xE3, 0x04, 0x60, 0x82, 0xE5, 0xB8, 0x10, 0x8D, 0xE5, 0xB4, 0x30, 0x8D, 0xE5,
    0x06, 0x00, 0x00, 0xDA, 0x20, 0x10, 0x9D, 0xE5, 0x14, 0x00, 0x9D, 0xE5, 0xB0, 0x20, 0x8D, 0xE2,
    0x1C, 0x03, 0x00, 0xEB, 0x00, 0x00, 0x50, 0xE3, 0x22, 0x02, 0x00, 0x1A, 0xBC, 0x70, 0x8D, 0xE2,
    0x07, 0x20, 0xA0, 0xE1, 0x10, 0x40, 0x44, 0xE2, 0xE8, 0xFF, 0xFF, 0xEA, 0x04, 0x40, 0x82, 0xE5,
    0x07, 0x00, 0x53, 0xE3, 0x01, 0x40, 0x84, 0xE0, 0xB8, 0x40, 0x8D, 0xE5, 0xB4, 0x30, 0x8D, 0xE5,
    0x06, 0x00, 0x00, 0xDA, 0x20, 0x10, 0x9D, 0xE5, 0x14, 0x00, 0x9D, 0xE5, 0xB0, 0x20, 0x8D, 0xE2,
    0x0C, 0x03, 0x00, 0xEB, 0x00, 0x00, 0x50, 0xE3, 0x12, 0x02, 0x00, 0x1A, 0xBC, 0x70, 0x8D, 0xE2,
    0x28, 0x30, 0x9D, 0xE5, 0x28, 0x20, 0x9D, 0xE5, 0x04, 0x30, 0x87, 0xE5, 0xB8, 0x30, 0x9D, 0xE5,
    0x00, 0xA0, 0x87, 0xE5, 0x02, 0x30, 0x83, 0xE0, 0xB8, 0x30, 0x8D, 0xE5, 0xB4, 0x30, 0x9D, 0xE5,
    0x01, 0x30, 0x83, 0xE2, 0x07, 0x00, 0x53, 0xE3, 0xB4, 0x30, 0x8D, 0xE5, 0x08, 0x30, 0x87, 0xD2,
    0x6B, 0x01, 0x00, 0xDA, 0x63, 0x01, 0x00, 0xEA, 0x28, 0x20, 0x9D, 0xE5, 0x02, 0x00, 0x54, 0xE1,
    0x04, 0x50, 0xA0, 0xB1, 0x02, 0x50, 0xA0, 0xA1, 0x00, 0x00, 0x55, 0xE3, 0x12, 0x00, 0x00, 0xDA,
    0x03, 0x30, 0x85, 0xE0, 0xB8, 0x30, 0x8D, 0xE5, 0xB4, 0x30, 0x9D, 0xE5, 0x18, 0x20, 0x9D, 0xE5,
    0x01, 0x30, 0x83, 0xE2, 0x07, 0x00, 0x53, 0xE3, 0xB4, 0x30, 0x8D, 0xE5, 0x00, 0xA0, 0x82, 0xE5,
    0x04, 0x50, 0x82, 0xE5, 0x08, 0x30, 0x82, 0xD2, 0x06, 0x00, 0x00, 0xDA, 0x20, 0x10, 0x9D, 0xE5,
    0x14, 0x00, 0x9D, 0xE5, 0xB0, 0x20, 0x8D, 0xE2, 0xE6, 0x02, 0x00, 0xEB, 0x00, 0x00, 0x50, 0xE3,
    0xEC, 0x01, 0x00, 0x1A, 0xBC, 0x30, 0x8D, 0xE2, 0x18, 0x30, 0x8D, 0xE5, 0x00, 0x00, 0x55, 0xE3,
    0x04, 0x60, 0xA0, 0xB1, 0x05, 0x60, 0x44, 0xA0, 0x00, 0x00, 0x56, 0xE3, 0x28, 0x00, 0x00, 0xDA,
    0x10, 0x70, 0xA0, 0xE3, 0xF8, 0x57, 0x9F, 0xE5, 0x18, 0x30, 0x9D, 0xE5, 0xB4, 0x10, 0x9D, 0xE5,
    0x10, 0x00, 0x56, 0xE3, 0xB8, 0x20, 0x9D, 0xE5, 0x01, 0x10, 0x81, 0xE2, 0x08, 0x00, 0x83, 0xE2,
    0x0F, 0x00, 0x00, 0xDA, 0x10, 0x20, 0x82, 0xE2, 0x07, 0x00, 0x51, 0xE3, 0xA0, 0x00, 0x83, 0xE8,
    0xB8, 0x20, 0x8D, 0xE5, 0xB4, 0x10, 0x8D, 0xE5, 0x06, 0x00, 0x00, 0xDA, 0x20, 0x10, 0x9D, 0xE5,
    0x14, 0x00, 0x9D, 0xE5, 0xB0, 0x20, 0x8D, 0xE2, 0xCA, 0x02, 0x00, 0xEB, 0x00, 0x00, 0x50, 0xE3,
    0xD0, 0x01, 0x00, 0x1A, 0xBC, 0x00, 0x8D, 0xE2, 0x00, 0x30, 0xA0, 0xE1, 0x10, 0x60, 0x46, 0xE2,
    0xE9, 0xFF, 0xFF, 0xEA, 0x18, 0x30, 0x8D, 0xE5, 0x60, 0x00, 0x83, 0xE8, 0x07, 0x00, 0x51, 0xE3,
    0x02, 0x30, 0x86, 0xE0, 0xB8, 0x30, 0x8D, 0xE5, 0xB4, 0x10, 0x8D, 0xE5, 0x18, 0x00, 0x8D, 0xD5,
    0x07, 0x00, 0x00, 0xDA, 0x20, 0x10, 0x9D, 0xE5, 0x14, 0x00, 0x9D, 0xE5, 0xB0, 0x20, 0x8D, 0xE2,
    0xB8, 0x02, 0x00, 0xEB, 0x00, 0x00, 0x50, 0xE3, 0xBE, 0x01, 0x00, 0x1A, 0xBC, 0x30, 0x8D, 0xE2,
    0x18, 0x30, 0x8D, 0xE5, 0x01, 0x0B, 0x18, 0xE3, 0x04, 0x40, 0x8A, 0xE0, 0x77, 0x00, 0x00, 0x0A,
    0x10, 0x70, 0xA0, 0xE3, 0x48, 0x57, 0x9F, 0xE5, 0x44, 0x60, 0x9D, 0xE5, 0x18, 0x20, 0x9D, 0xE5,
    0x1C, 0x80, 0x8D, 0xE5, 0x30, 0x30, 0x9D, 0xE5, 0x2C, 0x10, 0x9D, 0xE5, 0x00, 0x00, 0x51, 0xE3,
    0x00, 0x00, 0x53, 0xD3, 0x66, 0x00, 0x00, 0xDA, 0x2C, 0x30, 0x9D, 0xE5, 0x4C, 0x10, 0x9D, 0xE5,
    0x00, 0x00, 0x53, 0xE3, 0x30, 0x30, 0x9D, 0xD5, 0x01, 0x30, 0x43, 0xC2, 0x01, 0x30, 0x43, 0xD2,
    0x2C, 0x30, 0x8D, 0xC5, 0x30, 0x30, 0x8D, 0xD5, 0x54, 0x30, 0x9D, 0xE5, 0x01, 0x60, 0x46, 0xD2,
    0x00, 0x30, 0x82, 0xE5, 0x4C, 0x30, 0x9D, 0xE5, 0x04, 0x30, 0x82, 0xE5, 0xB8, 0x30, 0x9D, 0xE5,
    0x01, 0x30, 0x83, 0xE0, 0xB8, 0x30, 0x8D, 0xE5, 0xB4, 0x30, 0x9D, 0xE5, 0x01, 0x30, 0x83, 0xE2,
    0x07, 0x00, 0x53, 0xE3, 0xB4, 0x30, 0x8D, 0xE5, 0x08, 0x20, 0x82, 0xD2, 0x06, 0x00, 0x00, 0xDA,
    0x20, 0x10, 0x9D, 0xE5, 0x14, 0x00, 0x9D, 0xE5, 0xB0, 0x20, 0x8D, 0xE2, 0x8D, 0x02, 0x00, 0xEB,
    0x00, 0x00, 0x50, 0xE3, 0x93, 0x01, 0x00, 0x1A, 0xBC, 0x20, 0x8D, 0xE2, 0x28, 0x30, 0x9D, 0xE5,
    0x00, 0x10, 0xD6, 0xE5, 0x03, 0x30, 0x8A, 0xE0, 0x04, 0x30, 0x43, 0xE0, 0x01, 0x00, 0x53, 0xE1,
    0x01, 0x30, 0xA0, 0xA1, 0x00, 0x00, 0x53, 0xE3, 0x13, 0x00, 0x00, 0xDA, 0xB8, 0x10, 0x9D, 0xE5,
    0x00, 0x40, 0x82, 0xE5, 0x01, 0x10, 0x83, 0xE0, 0xB8, 0x10, 0x8D, 0xE5, 0xB4, 0x10, 0x9D, 0xE5,
    0x04, 0x30, 0x82, 0xE5, 0x01, 0x10, 0x81, 0xE2, 0x07, 0x00, 0x51, 0xE3, 0xB4, 0x10, 0x8D, 0xE5,
    0x08, 0x20, 0x82, 0xD2, 0x08, 0x00, 0x00, 0xDA, 0x20, 0x10, 0x9D, 0xE5, 0x14, 0x00, 0x9D, 0xE5,
    0xB0, 0x20, 0x8D, 0xE2, 0x18, 0x30, 0x8D, 0xE5, 0x72, 0x02, 0x00, 0xEB, 0x00, 0x00, 0x50, 0xE3,
    0x78, 0x01, 0x00, 0x1A, 0x18, 0x30, 0x9D, 0xE5, 0xBC, 0x20, 0x8D, 0xE2, 0x00, 0x10, 0xD6, 0xE5,
    0x00, 0x00, 0x53, 0xE3, 0x01, 0x80, 0xA0, 0xB1, 0x03, 0x80, 0x41, 0xA0, 0x00, 0x00, 0x58, 0xE3,
    0x24, 0x00, 0x00, 0xDA, 0xB4, 0x30, 0x9D, 0xE5, 0x10, 0x00, 0x58, 0xE3, 0xB8, 0x00, 0x9D, 0xE5,
    0x01, 0x30, 0x83, 0xE2, 0x08, 0xC0, 0x82, 0xE2, 0x00, 0x50, 0x82, 0xE5, 0x0F, 0x00, 0x00, 0xDA,
    0x10, 0x00, 0x80, 0xE2, 0x07, 0x00, 0x53, 0xE3, 0x04, 0x70, 0x82, 0xE5, 0xB8, 0x00, 0x8D, 0xE5,
    0xB4, 0x30, 0x8D, 0xE5, 0x06, 0x00, 0x00, 0xDA, 0x20, 0x10, 0x9D, 0xE5, 0x14, 0x00, 0x9D, 0xE5,
    0xB0, 0x20, 0x8D, 0xE2, 0x57, 0x02, 0x00, 0xEB, 0x00, 0x00, 0x50, 0xE3, 0x5D, 0x01, 0x00, 0x1A,
    0xBC, 0xC0, 0x8D, 0xE2, 0x0C, 0x20, 0xA0, 0xE1, 0x10, 0x80, 0x48, 0xE2, 0xE8, 0xFF, 0xFF, 0xEA,
    0x00, 0x10, 0x88, 0xE0, 0x07, 0x00, 0x53, 0xE3, 0x04, 0x80, 0x82, 0xE5, 0xB8, 0x10, 0x8D, 0xE5,
    0x0C, 0x20, 0xA0, 0xD1, 0xB4, 0x30, 0x8D, 0xE5, 0x06, 0x00, 0x00, 0xDA, 0x20, 0x10, 0x9D, 0xE5,
    0x14, 0x00, 0x9D, 0xE5, 0xB0, 0x20, 0x8D, 0xE2, 0x46, 0x02, 0x00, 0xEB, 0x00, 0x00, 0x50, 0xE3,
    0x4C, 0x01, 0x00, 0x1A, 0xBC, 0x20, 0x8D, 0xE2, 0x00, 0x30, 0xD6, 0xE5, 0x03, 0x40, 0x84, 0xE0,
    0x93, 0xFF, 0xFF, 0xEA, 0x28, 0x30, 0x9D, 0xE5, 0x1C, 0x80, 0x9D, 0xE5, 0x03, 0x30, 0x8A, 0xE0,
    0x03, 0x00, 0x54, 0xE1, 0x03, 0x40, 0xA0, 0x21, 0x44, 0x60, 0x8D, 0xE5, 0x18, 0x20, 0x8D, 0xE5,
    0x84, 0x30, 0x9D, 0xE5, 0x28, 0x20, 0x9D, 0xE5, 0x02, 0x00, 0x53, 0xE1, 0x01, 0x00, 0x00, 0xBA,
    0x01, 0x00, 0x18, 0xE3, 0x16, 0x00, 0x00, 0x0A, 0x18, 0x30, 0x9D, 0xE5, 0x50, 0x20, 0x9D, 0xE5,
    0x00, 0x20, 0x83, 0xE5, 0x40, 0x20, 0x9D, 0xE5, 0x04, 0x20, 0x83, 0xE5, 0xB8, 0x30, 0x9D, 0xE5,
    0x02, 0x30, 0x83, 0xE0, 0xB8, 0x30, 0x8D, 0xE5, 0xB4, 0x30, 0x9D, 0xE5, 0x01, 0x30, 0x83, 0xE2,
    0x07, 0x00, 0x53, 0xE3, 0xB4, 0x30, 0x8D, 0xE5, 0x18, 0x30, 0x9D, 0xD5, 0x08, 0x30, 0x83, 0xD2,
    0x06, 0x00, 0x00, 0xDA, 0x20, 0x10, 0x9D, 0xE5, 0x14, 0x00, 0x9D, 0xE5, 0xB0, 0x20, 0x8D, 0xE2,
    0x20, 0x02, 0x00, 0xEB, 0x00, 0x00, 0x50, 0xE3, 0x26, 0x01, 0x00, 0x1A, 0xBC, 0x30, 0x8D, 0xE2,
    0x18, 0x30, 0x8D, 0xE5, 0x28, 0x30, 0x9D, 0xE5, 0x84, 0x50, 0x9D, 0xE5, 0x03, 0xA0, 0x8A, 0xE0,
    0x05, 0x50, 0x43, 0xE0, 0x04, 0xA0, 0x4A, 0xE0, 0x0A, 0x00, 0x55, 0xE1, 0x0A, 0x50, 0xA0, 0xA1,
    0x00, 0x00, 0x55, 0xE3, 0x13, 0x00, 0x00, 0xDA, 0x18, 0x30, 0x9D, 0xE5, 0xF0, 0x40, 0xC3, 0xE1,
    0xB8, 0x30, 0x9D, 0xE5, 0x03, 0x30, 0x85, 0xE0, 0xB8, 0x30, 0x8D, 0xE5, 0xB4, 0x30, 0x9D, 0xE5,
    0x01, 0x30, 0x83, 0xE2, 0x07, 0x00, 0x53, 0xE3, 0xB4, 0x30, 0x8D, 0xE5, 0x18, 0x30, 0x9D, 0xD5,
    0x08, 0x30, 0x83, 0xD2, 0x06, 0x00, 0x00, 0xDA, 0x20, 0x10, 0x9D, 0xE5, 0x14, 0x00, 0x9D, 0xE5,
    0xB0, 0x20, 0x8D, 0xE2, 0x03, 0x02, 0x00, 0xEB, 0x00, 0x00, 0x50, 0xE3, 0x09, 0x01, 0x00, 0x1A,
    0xBC, 0x30, 0x8D, 0xE2, 0x18, 0x30, 0x8D, 0xE5, 0x84, 0x60, 0x9D, 0xE5, 0x28, 0x30, 0x9D, 0xE5,
    0x00, 0x00, 0x55, 0xE3, 0x06, 0x60, 0x43, 0xE0, 0x05, 0x60, 0x46, 0xA0, 0x00, 0x00, 0x56, 0xE3,
    0xAB, 0x00, 0x00, 0xDA, 0x10, 0x50, 0xA0, 0xE3, 0x64, 0x44, 0x9F, 0xE5, 0x18, 0x00, 0x9D, 0xE5,
    0xB4, 0x30, 0x9D, 0xE5, 0x10, 0x00, 0x56, 0xE3, 0xB8, 0x20, 0x9D, 0xE5, 0x01, 0x30, 0x83, 0xE2,
    0x08, 0x10, 0x80, 0xE2, 0x0F, 0x00, 0x00, 0xDA, 0x10, 0x20, 0x82, 0xE2, 0x07, 0x00, 0x53, 0xE3,
    0xF0, 0x40, 0xC0, 0xE1, 0xB8, 0x20, 0x8D, 0xE5, 0xB4, 0x30, 0x8D, 0xE5, 0x06, 0x00, 0x00, 0xDA,
    0x20, 0x10, 0x9D, 0xE5, 0x14, 0x00, 0x9D, 0xE5, 0xB0, 0x20, 0x8D, 0xE2, 0xE5, 0x01, 0x00, 0xEB,
    0x00, 0x00, 0x50, 0xE3, 0xEB, 0x00, 0x00, 0x1A, 0xBC, 0x10, 0x8D, 0xE2, 0x01, 0x00, 0xA0, 0xE1,
    0x10, 0x60, 0x46, 0xE2, 0xE9, 0xFF, 0xFF, 0xEA, 0x50, 0x00, 0x80, 0xE8, 0x07, 0x00, 0x53, 0xE3,
    0x02, 0x60, 0x86, 0xE0, 0x18, 0x00, 0x8D, 0xE5, 0xB8, 0x60, 0x8D, 0xE5, 0xB4, 0x30, 0x8D, 0xE5,
    0x18, 0x10, 0x8D, 0xD5, 0x8A, 0x00, 0x00, 0xDA, 0x3E, 0x00, 0x00, 0xEA, 0x28, 0x00, 0x9D, 0xE5,
    0xB4, 0x10, 0x9D, 0xE5, 0x01, 0x00, 0x50, 0xE3, 0x18, 0x00, 0x9D, 0xE5, 0x01, 0x20, 0x83, 0xE2,
    0x00, 0xA0, 0x80, 0xE5, 0x01, 0x00, 0xA0, 0xE3, 0x18, 0x30, 0x9D, 0xE5, 0x18, 0xC0, 0x9D, 0xE5,
    0x01, 0x10, 0x81, 0xE2, 0x08, 0x30, 0x83, 0xE2, 0x04, 0x00, 0x8C, 0xE5, 0xB8, 0x20, 0x8D, 0xE5,
    0xB4, 0x10, 0x8D, 0xE5, 0x38, 0x00, 0x00, 0xDA, 0x07, 0x00, 0x51, 0xE3, 0x39, 0x00, 0x00, 0xCA,
    0x50, 0x20, 0x9D, 0xE5, 0x40, 0x10, 0x9D, 0xE5, 0x00, 0x20, 0x83, 0xE5, 0x40, 0x20, 0x9D, 0xE5,
    0x04, 0x20, 0x83, 0xE5, 0xB8, 0x20, 0x9D, 0xE5, 0x01, 0x20, 0x82, 0xE0, 0xB8, 0x20, 0x8D, 0xE5,
    0xB4, 0x20, 0x9D, 0xE5, 0x01, 0x20, 0x82, 0xE2, 0x07, 0x00, 0x52, 0xE3, 0xB4, 0x20, 0x8D, 0xE5,
    0x08, 0x30, 0x83, 0xD2, 0x33, 0x00, 0x00, 0xCA, 0x40, 0x8B, 0xB5, 0xEE, 0x10, 0xFA, 0xF1, 0xEE,
    0x28, 0x20, 0x9D, 0xE5, 0x01, 0x60, 0x42, 0xE2, 0x36, 0x00, 0x00, 0x0A, 0xB4, 0x10, 0x9D, 0xE5,
    0xB8, 0x20, 0x9D, 0xE5, 0x28, 0x00, 0x9D, 0xE5, 0x01, 0x10, 0x81, 0xE2, 0x01, 0x20, 0x42, 0xE2,
    0x01, 0xA0, 0x8A, 0xE2, 0x00, 0x20, 0x82, 0xE0, 0x07, 0x00, 0x51, 0xE3, 0x00, 0xA0, 0x83, 0xE5,
    0x04, 0x60, 0x83, 0xE5, 0xB8, 0x20, 0x8D, 0xE5, 0xB4, 0x10, 0x8D, 0xE5, 0x08, 0x30, 0x83, 0xD2,
    0x3A, 0x00, 0x00, 0xCA, 0x90, 0x20, 0x8D, 0xE2, 0x00, 0x20, 0x83, 0xE5, 0x5C, 0x20, 0x9D, 0xE5,
    0x5C, 0x10, 0x9D, 0xE5, 0x04, 0x20, 0x83, 0xE5, 0xB8, 0x20, 0x9D, 0xE5, 0x01, 0x20, 0x82, 0xE0,
    0xB8, 0x20, 0x8D, 0xE5, 0xB4, 0x20, 0x9D, 0xE5, 0x01, 0x20, 0x82, 0xE2, 0x07, 0x00, 0x52, 0xE3,
    0xB4, 0x20, 0x8D, 0xE5, 0x48, 0x00, 0x00, 0xDA, 0x20, 0x10, 0x9D, 0xE5, 0x14, 0x00, 0x9D, 0xE5,
    0xB0, 0x20, 0x8D, 0xE2, 0x93, 0x01, 0x00, 0xEB, 0x00, 0x00, 0x50, 0xE3, 0x99, 0x00, 0x00, 0x1A,
    0xBC, 0x30, 0x8D, 0xE2, 0x18, 0x30, 0x8D, 0xE5, 0x41, 0x00, 0x00, 0xEA, 0x01, 0x00, 0x18, 0xE3,
    0x3A, 0x00, 0x00, 0x0A, 0xC3, 0xFF, 0xFF, 0xEA, 0x20, 0x10, 0x9D, 0xE5, 0x14, 0x00, 0x9D, 0xE5,
    0xB0, 0x20, 0x8D, 0xE2, 0x87, 0x01, 0x00, 0xEB, 0x00, 0x00, 0x50, 0xE3, 0x8D, 0x00, 0x00, 0x1A,
    0xBC, 0x30, 0x8D, 0xE2, 0xBD, 0xFF, 0xFF, 0xEA, 0x20, 0x10, 0x9D, 0xE5, 0x14, 0x00, 0x9D, 0xE5,
    0xB0, 0x20, 0x8D, 0xE2, 0x7F, 0x01, 0x00, 0xEB, 0x00, 0x00, 0x50, 0xE3, 0x85, 0x00, 0x00, 0x1A,
    0xBC, 0x30, 0x8D, 0xE2, 0xC3, 0xFF, 0xFF, 0xEA, 0x28, 0x20, 0x9D, 0xE5, 0x01, 0x00, 0x52, 0xE3,
    0x10, 0x50, 0xA0, 0xC3, 0x68, 0x42, 0x9F, 0xC5, 0xD1, 0xFF, 0xFF, 0xDA, 0xB4, 0x20, 0x9D, 0xE5,
    0x10, 0x00, 0x56, 0xE3, 0xB8, 0x00, 0x9D, 0xE5, 0x01, 0x20, 0x82, 0xE2, 0x08, 0x10, 0x83, 0xE2,
    0x00, 0x40, 0x83, 0xE5, 0x0D, 0x00, 0x00, 0xCA, 0x04, 0x60, 0x83, 0xE5, 0x07, 0x00, 0x52, 0xE3,
    0x00, 0x30, 0x86, 0xE0, 0xF4, 0x2B, 0xCD, 0xE1, 0x01, 0x30, 0xA0, 0xD1, 0xC4, 0xFF, 0xFF, 0xDA,
    0x20, 0x10, 0x9D, 0xE5, 0x14, 0x00, 0x9D, 0xE5, 0xB0, 0x20, 0x8D, 0xE2, 0x65, 0x01, 0x00, 0xEB,
    0x00, 0x00, 0x50, 0xE3, 0x6B, 0x00, 0x00, 0x1A, 0xBC, 0x30, 0x8D, 0xE2, 0xBC, 0xFF, 0xFF, 0xEA,
    0x10, 0x00, 0x80, 0xE2, 0x07, 0x00, 0x52, 0xE3, 0x04, 0x50, 0x83, 0xE5, 0xB8, 0x00, 0x8D, 0xE5,
    0xB4, 0x20, 0x8D, 0xE5, 0x06, 0x00, 0x00, 0xDA, 0x20, 0x10, 0x9D, 0xE5, 0x14, 0x00, 0x9D, 0xE5,
    0xB0, 0x20, 0x8D, 0xE2, 0x57, 0x01, 0x00, 0xEB, 0x00, 0x00, 0x50, 0xE3, 0x5D, 0x00, 0x00, 0x1A,
    0xBC, 0x10, 0x8D, 0xE2, 0x01, 0x30, 0xA0, 0xE1, 0x10, 0x60, 0x46, 0xE2, 0xDA, 0xFF, 0xFF, 0xEA,
    0x07, 0x00, 0x51, 0xE3, 0xAA, 0xFF, 0xFF, 0xDA, 0xE4, 0xFF, 0xFF, 0xEA, 0x08, 0x30, 0x83, 0xE2,
    0xBB, 0xFF, 0xFF, 0xEA, 0x04, 0x00, 0x18, 0xE3, 0x0A, 0x00, 0x00, 0x1A, 0x3C, 0x30, 0x9D, 0xE5,
    0x34, 0x20, 0x9D, 0xE5, 0x48, 0x10, 0x9D, 0xE5, 0x01, 0x00, 0x52, 0xE1, 0x02, 0x30, 0x83, 0xA0,
    0x01, 0x30, 0x83, 0xB0, 0x3C, 0x30, 0x8D, 0xE5, 0xB8, 0x30, 0x9D, 0xE5, 0x00, 0x00, 0x53, 0xE3,
    0x30, 0x00, 0x00, 0x0A, 0x29, 0x00, 0x00, 0xEA, 0x34, 0x30, 0x9D, 0xE5, 0x48, 0x20, 0x9D, 0xE5,
    0x02, 0x60, 0x43, 0xE0, 0x00, 0x00, 0x56, 0xE3, 0xEF, 0xFF, 0xFF, 0xDA, 0x10, 0x50, 0xA0, 0xE3,
    0x68, 0x41, 0x9F, 0xE5, 0x18, 0x30, 0x9D, 0xE5, 0xB4, 0x20, 0x9D, 0xE5, 0x10, 0x00, 0x56, 0xE3,
    0xB8, 0x10, 0x9D, 0xE5, 0x01, 0x20, 0x82, 0xE2, 0x0F, 0x00, 0x00, 0xDA, 0x10, 0x10, 0x81, 0xE2,
    0x07, 0x00, 0x52, 0xE3, 0xF0, 0x40, 0xC3, 0xE1, 0xB8, 0x10, 0x8D, 0xE5, 0xB4, 0x20, 0x8D, 0xE5,
    0x08, 0x30, 0x83, 0xD2, 0x06, 0x00, 0x00, 0xDA, 0x20, 0x10, 0x9D, 0xE5, 0x14, 0x00, 0x9D, 0xE5,
    0xB0, 0x20, 0x8D, 0xE2, 0x27, 0x01, 0x00, 0xEB, 0x00, 0x00, 0x50, 0xE3, 0x2D, 0x00, 0x00, 0x1A,
    0xBC, 0x30, 0x8D, 0xE2, 0x10, 0x60, 0x46, 0xE2, 0xEA, 0xFF, 0xFF, 0xEA, 0x50, 0x00, 0x83, 0xE8,
    0x18, 0x30, 0x8D, 0xE5, 0x07, 0x00, 0x52, 0xE3, 0x01, 0x30, 0x86, 0xE0, 0xF4, 0x2B, 0xCD, 0xE1,
    0xD1, 0xFF, 0xFF, 0xDA, 0x20, 0x10, 0x9D, 0xE5, 0x14, 0x00, 0x9D, 0xE5, 0xB0, 0x20, 0x8D, 0xE2,
    0x18, 0x01, 0x00, 0xEB, 0x00, 0x00, 0x50, 0xE3, 0xCB, 0xFF, 0xFF, 0x0A, 0x1D, 0x00, 0x00, 0xEA,
    0x20, 0x10, 0x9D, 0xE5, 0x14, 0x00, 0x9D, 0xE5, 0xB0, 0x20, 0x8D, 0xE2, 0x11, 0x01, 0x00, 0xEB,
    0x00, 0x00, 0x50, 0xE3, 0x17, 0x00, 0x00, 0x1A, 0x00, 0x30, 0xA0, 0xE3, 0x03, 0x00, 0x59, 0xE1,
    0xB4, 0x30, 0x8D, 0xE5, 0x02, 0x00, 0x00, 0x1A, 0xBC, 0x30, 0x8D, 0xE2, 0x18, 0x30, 0x8D, 0xE5,
    0xF9, 0xF7, 0xFF, 0xEA, 0x09, 0x10, 0xA0, 0xE1, 0x14, 0x00, 0x9D, 0xE5, 0xE3, 0xED, 0xFF, 0xEB,
    0xF8, 0xFF, 0xFF, 0xEA, 0xB8, 0x30, 0x9D, 0xE5, 0x00, 0x00, 0x53, 0xE3, 0x02, 0x00, 0x00, 0x1A,
    0x00, 0x30, 0xA0, 0xE3, 0xB4, 0x30, 0x8D, 0xE5, 0x0D, 0x00, 0x00, 0xEA, 0x20, 0x10, 0x9D, 0xE5,
    0x14, 0x00, 0x9D, 0xE5, 0xB0, 0x20, 0x8D, 0xE2, 0xFA, 0x00, 0x00, 0xEB, 0x00, 0x00, 0x50, 0xE3,
    0xF6, 0xFF, 0xFF, 0x0A, 0x06, 0x00, 0x00, 0xEA, 0x09, 0x20, 0xA0, 0xE1, 0x14, 0x80, 0x9D, 0xE5,
    0x00, 0x00, 0x52, 0xE3, 0x02, 0x00, 0x00, 0x0A, 0x02, 0x10, 0xA0, 0xE1, 0x08, 0x00, 0xA0, 0xE1,
    0xCE, 0xED, 0xFF, 0xEB, 0x20, 0x30, 0x9D, 0xE5, 0x70, 0x30, 0x93, 0xE5, 0x01, 0x00, 0x13, 0xE3,
    0x06, 0x00, 0x00, 0x1A, 0x20, 0x30, 0x9D, 0xE5, 0xBC, 0x30, 0xD3, 0xE1, 0x02, 0x0C, 0x13, 0xE3,
    0x02, 0x00, 0x00, 0x1A, 0x20, 0x30, 0x9D, 0xE5, 0x5C, 0x00, 0x83, 0xE2, 0xEE, 0x1B, 0x00, 0xEB,
    0x20, 0x30, 0x9D, 0xE5, 0xBC, 0x30, 0xD3, 0xE1, 0x40, 0x00, 0x13, 0xE3, 0xEC, 0xF2, 0xFF, 0x1A,
    0x3C, 0x00, 0x9D, 0xE5, 0xB9, 0xDF, 0x8D, 0xE2, 0x04, 0x8B, 0xBD, 0xEC, 0xF0, 0x8F, 0xBD, 0xE8,
    0x24, 0x91, 0x11, 0x00, 0x14, 0x91, 0x11, 0x00, 0x5B, 0x90, 0x11, 0x00, 0xF0, 0x41, 0x2D, 0xE9,
    0x01, 0x40, 0xA0, 0xE1, 0xBC, 0x10, 0xD1, 0xE1, 0x47, 0xDE, 0x4D, 0xE2, 0x08, 0xD0, 0x4D, 0xE2,
    0x02, 0x10, 0xC1, 0xE3, 0xBC, 0x10, 0xCD, 0xE1, 0x70, 0x10, 0x94, 0xE5, 0x00, 0x80, 0xA0, 0xE1,
    0x70, 0x10, 0x8D, 0xE5, 0xBE, 0x10, 0xD4, 0xE1, 0xBE, 0x10, 0xCD, 0xE1, 0x1C, 0x10, 0x94, 0xE5,
    0x1C, 0x10, 0x8D, 0xE5, 0x24, 0x10, 0x94, 0xE5, 0x24, 0x10, 0x8D, 0xE5, 0x78, 0x10, 0x8D, 0xE2,
    0x00, 0x10, 0x8D, 0xE5, 0x10, 0x10, 0x8D, 0xE5, 0x01, 0x1B, 0xA0, 0xE3, 0x08, 0x10, 0x8D, 0xE5,
    0x14, 0x10, 0x8D, 0xE5, 0x00, 0x10, 0xA0, 0xE3, 0x18, 0x10, 0x8D, 0xE5, 0x5C, 0x10, 0x8D, 0xE5,
    0x60, 0x10, 0x8D, 0xE5, 0x64, 0x10, 0x8D, 0xE5, 0x0D, 0x10, 0xA0, 0xE1, 0x8D, 0xF2, 0xFF, 0xEB,
    0x00, 0x50, 0x50, 0xE2, 0x04, 0x00, 0x00, 0xBA, 0x0D, 0x10, 0xA0, 0xE1, 0x08, 0x00, 0xA0, 0xE1,
    0x15, 0xEB, 0xFF, 0xEB, 0x00, 0x00, 0x50, 0xE3, 0x00, 0x50, 0xE0, 0x13, 0x05, 0x00, 0xA0, 0xE1,
    0xBC, 0x30, 0xDD, 0xE1, 0x40, 0x00, 0x13, 0xE3, 0xBC, 0x30, 0xD4, 0x11, 0x40, 0x30, 0x83, 0x13,
    0xBC, 0x30, 0xC4, 0x11, 0x47, 0xDE, 0x8D, 0xE2, 0x08, 0xD0, 0x8D, 0xE2, 0xF0, 0x81, 0xBD, 0xE8,
    0x30, 0x40, 0x2D, 0xE9, 0x00, 0x40, 0x53, 0xE2, 0x41, 0x4F, 0x80, 0x02, 0x00, 0x00, 0x51, 0xE3,
    0x00, 0x50, 0xA0, 0xE1, 0x1C, 0xD0, 0x4D, 0xE2, 0x12, 0x00, 0x00, 0x0A, 0x06, 0x00, 0x8D, 0xE8,
    0x63, 0x1A, 0x00, 0xEB, 0x30, 0xC0, 0x90, 0xE5, 0x6C, 0x30, 0x9F, 0xE5, 0x00, 0x00, 0x5C, 0xE3,
    0x03, 0xC0, 0xA0, 0x01, 0x05, 0x00, 0xA0, 0xE1, 0x04, 0x30, 0xA0, 0xE1, 0x04, 0x20, 0x9D, 0xE5,
    0x00, 0x10, 0x9D, 0xE5, 0xC8, 0xC1, 0x9C, 0xE5, 0x3C, 0xFF, 0x2F, 0xE1, 0x01, 0x00, 0x70, 0xE3,
    0x00, 0x20, 0xA0, 0x03, 0x8A, 0x30, 0xA0, 0x03, 0x00, 0x20, 0x84, 0x05, 0x00, 0x30, 0x85, 0x05,
    0x1C, 0xD0, 0x8D, 0xE2, 0x30, 0x80, 0xBD, 0xE8, 0x00, 0x10, 0x8D, 0xE5, 0x50, 0x1A, 0x00, 0xEB,
    0x30, 0xC0, 0x90, 0xE5, 0x20, 0x30, 0x9F, 0xE5, 0x00, 0x00, 0x5C, 0xE3, 0x03, 0xC0, 0xA0, 0x01,
    0x05, 0x00, 0xA0, 0xE1, 0x04, 0x30, 0xA0, 0xE1, 0x00, 0x20, 0x9D, 0xE5, 0xC8, 0xC1, 0x9C, 0xE5,
    0x0C, 0x10, 0x8D, 0xE2, 0x3C, 0xFF, 0x2F, 0xE1, 0xEB, 0xFF, 0xFF, 0xEA, 0x84, 0xA6, 0x11, 0x00,
    0xFC, 0x20, 0xD1, 0xE1, 0x02, 0x00, 0x12, 0xE3, 0x05, 0x00, 0x00, 0x0A, 0x01, 0x20, 0xA0, 0xE3,
    0x43, 0x30, 0x81, 0xE2, 0x00, 0x30, 0x81, 0xE5, 0x10, 0x30, 0x81, 0xE5, 0x14, 0x20, 0x81, 0xE5,
    0x1E, 0xFF, 0x2F, 0xE1, 0x30, 0x40, 0x2D, 0xE9, 0x01, 0x30, 0xA0, 0xE1, 0xFE, 0x10, 0xD1, 0xE1,
    0x00, 0x40, 0xA0, 0xE1, 0x00, 0x00, 0x51, 0xE3, 0x6C, 0xD0, 0x4D, 0xE2, 0x25, 0x00, 0x00, 0xBA,
    0x08, 0x20, 0x8D, 0xE2, 0x00, 0x30, 0x8D, 0xE5, 0x05, 0x1A, 0x00, 0xEB, 0x00, 0x00, 0x50, 0xE3,
    0x00, 0x30, 0x9D, 0xE5, 0x1E, 0x00, 0x00, 0xBA, 0x20, 0x10, 0xA0, 0xE3, 0x01, 0x2B, 0xA0, 0xE3,
    0x04, 0x00, 0xA0, 0xE1, 0x00, 0x30, 0x8D, 0xE5, 0x10, 0x50, 0x9D, 0xE5, 0xA4, 0xE9, 0xFF, 0xEB,
    0x00, 0x30, 0x9D, 0xE5, 0x00, 0x00, 0x50, 0xE3, 0xFC, 0x10, 0xD3, 0xE1, 0x2B, 0x00, 0x00, 0x0A,
    0x0F, 0x2A, 0x05, 0xE2, 0x02, 0x0A, 0x52, 0xE3, 0x01, 0x2B, 0xA0, 0xE3, 0x80, 0x10, 0x81, 0xE3,
    0xBC, 0x10, 0xC3, 0xE1, 0x00, 0x00, 0x83, 0xE5, 0x10, 0x00, 0x83, 0xE5, 0x14, 0x20, 0x83, 0xE5,
    0x2D, 0x00, 0x00, 0x1A, 0xFE, 0x10, 0xD3, 0xE1, 0x04, 0x00, 0xA0, 0xE1, 0x00, 0x30, 0x8D, 0xE5,
    0xDD, 0x1A, 0x00, 0xEB, 0x00, 0x30, 0x9D, 0xE5, 0x00, 0x00, 0x50, 0xE3, 0xFC, 0x10, 0xD3, 0xE1,
    0x25, 0x00, 0x00, 0x0A, 0x03, 0x10, 0xC1, 0xE3, 0x02, 0xCB, 0xA0, 0xE3, 0x01, 0x10, 0x81, 0xE3,
    0x12, 0x00, 0x00, 0xEA, 0xFC, 0x20, 0xD3, 0xE1, 0x80, 0x00, 0x12, 0xE3, 0x01, 0x2B, 0xA0, 0x03,
    0x40, 0x20, 0xA0, 0x13, 0x20, 0x10, 0xA0, 0xE3, 0x04, 0x00, 0xA0, 0xE1, 0x04, 0x30, 0x8D, 0xE5,
    0x00, 0x20, 0x8D, 0xE5, 0x82, 0xE9, 0xFF, 0xEB, 0x04, 0x30, 0x9D, 0xE5, 0x00, 0x00, 0x50, 0xE3,
    0xFC, 0x10, 0xD3, 0xE1, 0x00, 0x20, 0x9D, 0xE5, 0x08, 0x00, 0x00, 0x0A, 0x00, 0xC0, 0xA0, 0xE3,
    0x80, 0x10, 0x81, 0xE3, 0x00, 0x00, 0x83, 0xE5, 0x10, 0x00, 0x83, 0xE5, 0x14, 0x20, 0x83, 0xE5,
    0x0C, 0x10, 0x81, 0xE1, 0xBC, 0x10, 0xC3, 0xE1, 0x6C, 0xD0, 0x8D, 0xE2, 0x30, 0x80, 0xBD, 0xE8,
    0x02, 0x0C, 0x11, 0xE3, 0xFB, 0xFF, 0xFF, 0x1A, 0x01, 0x00, 0xA0, 0xE3, 0x03, 0x10, 0xC1, 0xE3,
    0x43, 0x20, 0x83, 0xE2, 0x02, 0x10, 0x81, 0xE3, 0xBC, 0x10, 0xC3, 0xE1, 0x00, 0x20, 0x83, 0xE5,
    0x10, 0x20, 0x83, 0xE5, 0x14, 0x00, 0x83, 0xE5, 0xF2, 0xFF, 0xFF, 0xEA, 0x02, 0xCB, 0xA0, 0xE3,
    0xEE, 0xFF, 0xFF, 0xEA, 0x30, 0x40, 0x2D, 0xE9, 0x01, 0x40, 0xA0, 0xE1, 0xFE, 0x10, 0xD1, 0xE1,
    0x02, 0x50, 0xA0, 0xE1, 0x00, 0x00, 0x51, 0xE3, 0x6C, 0xD0, 0x4D, 0xE2, 0x10, 0x00, 0x00, 0xBA,
    0x08, 0x20, 0x8D, 0xE2, 0x04, 0x30, 0x8D, 0xE5, 0xB5, 0x19, 0x00, 0xEB, 0x00, 0x00, 0x50, 0xE3,
    0x04, 0x30, 0x9D, 0xE5, 0x0A, 0x00, 0x00, 0xBA, 0x10, 0x20, 0x9D, 0xE5, 0x01, 0x1B, 0xA0, 0xE3,
    0x0F, 0x2A, 0x02, 0xE2, 0x02, 0x2A, 0x42, 0xE2, 0x12, 0x2F, 0x6F, 0xE1, 0x02, 0x0B, 0xA0, 0xE3,
    0xA2, 0x22, 0xA0, 0xE1, 0x00, 0x20, 0x83, 0xE5, 0x00, 0x10, 0x85, 0xE5, 0x6C, 0xD0, 0x8D, 0xE2,
    0x30, 0x80, 0xBD, 0xE8, 0xBC, 0x20, 0xD4, 0xE1, 0x80, 0x20, 0x12, 0xE2, 0x01, 0x1B, 0xA0, 0x03,
    0x02, 0x00, 0xA0, 0x01, 0xF6, 0xFF, 0xFF, 0x0A, 0x00, 0x20, 0xA0, 0xE3, 0x40, 0x10, 0xA0, 0xE3,
    0x02, 0x00, 0xA0, 0xE1, 0x00, 0x20, 0x83, 0xE5, 0x00, 0x10, 0x85, 0xE5, 0x6C, 0xD0, 0x8D, 0xE2,
    0x30, 0x80, 0xBD, 0xE8, 0x10, 0x40, 0x2D, 0xE9, 0xC5, 0x19, 0x00, 0xEB, 0x30, 0x30, 0x90, 0xE5,
    0x0C, 0x20, 0x9F, 0xE5, 0x00, 0x00, 0x53, 0xE3, 0x02, 0x30, 0xA0, 0x01, 0x10, 0x02, 0xD3, 0xE5,
    0x10, 0x80, 0xBD, 0xE8, 0x84, 0xA6, 0x11, 0x00, 0x08, 0x30, 0x92, 0xE5, 0x10, 0x40, 0x2D, 0xE9,
    0x00, 0x00, 0x53, 0xE3, 0x02, 0x40, 0xA0, 0xE1, 0x03, 0x00, 0xA0, 0x01, 0x02, 0x00, 0x00, 0x0A,
    0xD5, 0x0A, 0x00, 0xEB, 0x00, 0x30, 0xA0, 0xE3, 0x08, 0x30, 0x84, 0xE5, 0x00, 0x30, 0xA0, 0xE3,
    0x04, 0x30, 0x84, 0xE5, 0x10, 0x80, 0xBD, 0xE8, 0xF0, 0x4F, 0x2D, 0xE9, 0x10, 0x30, 0x90, 0xE5,
    0x10, 0x40, 0x91, 0xE5, 0x14, 0xD0, 0x4D, 0xE2, 0x04, 0x00, 0x53, 0xE1, 0x00, 0x00, 0xA0, 0xB3,
    0x66, 0x00, 0x00, 0xBA, 0x01, 0x40, 0x44, 0xE2, 0x14, 0x50, 0x81, 0xE2, 0x14, 0x90, 0x80, 0xE2,
    0x04, 0x31, 0xA0, 0xE1, 0x04, 0x61, 0x95, 0xE7, 0x08, 0x30, 0x8D, 0xE5, 0x04, 0x31, 0x99, 0xE7,
    0x01, 0x60, 0x86, 0xE2, 0x04, 0x30, 0x8D, 0xE5, 0x01, 0xB0, 0xA0, 0xE1, 0x00, 0x80, 0xA0, 0xE1,
    0x06, 0x10, 0xA0, 0xE1, 0x03, 0x00, 0xA0, 0xE1, 0x04, 0x31, 0x89, 0xE0, 0x0C, 0x30, 0x8D, 0xE5,
    0x0E, 0xBF, 0xFF, 0xEB, 0x04, 0x30, 0x9D, 0xE5, 0x04, 0x71, 0x85, 0xE0, 0x06, 0x00, 0x53, 0xE1,
    0x00, 0x60, 0xA0, 0xE1, 0x29, 0x00, 0x00, 0x3A, 0x00, 0x30, 0xA0, 0xE3, 0x05, 0xC0, 0xA0, 0xE1,
    0x09, 0x00, 0xA0, 0xE1, 0x03, 0x10, 0xA0, 0xE1, 0x04, 0x20, 0x9C, 0xE4, 0x72, 0xE0, 0xFF, 0xE6,
    0x96, 0x3E, 0x23, 0xE0, 0x22, 0x28, 0xA0, 0xE1, 0x23, 0xA8, 0xA0, 0xE1, 0x96, 0xA2, 0x22, 0xE0,
    0x00, 0xE0, 0x90, 0xE5, 0x73, 0xA0, 0xFF, 0xE6, 0x7E, 0x30, 0xFF, 0xE6, 0x0A, 0x30, 0x43, 0xE0,
    0x01, 0x30, 0x83, 0xE0, 0x72, 0x10, 0xFF, 0xE6, 0x43, 0x18, 0x61, 0xE0, 0x2E, 0x18, 0x81, 0xE0,
    0x73, 0x30, 0xFF, 0xE6, 0x01, 0x38, 0x83, 0xE1, 0x0C, 0x00, 0x57, 0xE1, 0x04, 0x30, 0x80, 0xE4,
    0x41, 0x18, 0xA0, 0xE1, 0x22, 0x38, 0xA0, 0xE1, 0xEA, 0xFF, 0xFF, 0x2A, 0x08, 0x30, 0x9D, 0xE5,
    0x03, 0x30, 0x99, 0xE7, 0x00, 0x00, 0x53, 0xE3, 0x0C, 0x00, 0x00, 0x1A, 0x0C, 0x30, 0x9D, 0xE5,
    0x04, 0x30, 0x43, 0xE2, 0x03, 0x00, 0x59, 0xE1, 0x03, 0x00, 0x00, 0x3A, 0x06, 0x00, 0x00, 0xEA,
    0x03, 0x00, 0x59, 0xE1, 0x01, 0x40, 0x44, 0xE2, 0x03, 0x00, 0x00, 0x2A, 0x00, 0x20, 0x93, 0xE5,
    0x04, 0x30, 0x43, 0xE2, 0x00, 0x00, 0x52, 0xE3, 0xF8, 0xFF, 0xFF, 0x0A, 0x10, 0x40, 0x88, 0xE5,
    0x0B, 0x10, 0xA0, 0xE1, 0x08, 0x00, 0xA0, 0xE1, 0xC4, 0x08, 0x00, 0xEB, 0x00, 0x00, 0x50, 0xE3,
    0x21, 0x00, 0x00, 0xBA, 0x09, 0x10, 0xA0, 0xE1, 0x00, 0x20, 0xA0, 0xE3, 0x01, 0x60, 0x86, 0xE2,
    0x04, 0x00, 0x95, 0xE4, 0x00, 0xC0, 0x91, 0xE5, 0x70, 0xE0, 0xFF, 0xE6, 0x7C, 0x30, 0xFF, 0xE6,
    0x0E, 0x30, 0x43, 0xE0, 0x02, 0x30, 0x83, 0xE0, 0x20, 0x28, 0xA0, 0xE1, 0x43, 0x28, 0x62, 0xE0,
    0x2C, 0x28, 0x82, 0xE0, 0x73, 0x30, 0xFF, 0xE6, 0x02, 0x38, 0x83, 0xE1, 0x05, 0x00, 0x57, 0xE1,
    0x42, 0x28, 0xA0, 0xE1, 0x04, 0x30, 0x81, 0xE4, 0xF0, 0xFF, 0xFF, 0x2A, 0x04, 0x21, 0x99, 0xE7,
    0x04, 0x31, 0x89, 0xE0, 0x00, 0x00, 0x52, 0xE3, 0x0B, 0x00, 0x00, 0x1A, 0x04, 0x30, 0x43, 0xE2,
    0x03, 0x00, 0x59, 0xE1, 0x03, 0x00, 0x00, 0x3A, 0x06, 0x00, 0x00, 0xEA, 0x03, 0x00, 0x59, 0xE1,
    0x01, 0x40, 0x44, 0xE2, 0x03, 0x00, 0x00, 0x2A, 0x00, 0x20, 0x93, 0xE5, 0x04, 0x30, 0x43, 0xE2,
    0x00, 0x00, 0x52, 0xE3, 0xF8, 0xFF, 0xFF, 0x0A, 0x10, 0x40, 0x88, 0xE5, 0x06, 0x00, 0xA0, 0xE1,
    0x14, 0xD0, 0x8D, 0xE2, 0xF0, 0x8F, 0xBD, 0xE8, 0xF0, 0x4F, 0x2D, 0xE9, 0x01, 0xB0, 0xA0, 0xE1,
    0x38, 0x10, 0x90, 0xE5, 0x4C, 0xD0, 0x4D, 0xE2, 0x00, 0x00, 0x51, 0xE3, 0x00, 0x40, 0xA0, 0xE1,
    0x10, 0x6B, 0x57, 0xEC, 0x00, 0x0B, 0x8D, 0xED, 0x70, 0x50, 0x9D, 0xE5, 0x14, 0x30, 0x8D, 0xE5,
    0x18, 0x20, 0x8D, 0xE5, 0x07, 0x00, 0x00, 0x0A, 0x01, 0x30, 0xA0, 0xE3, 0x3C, 0x20, 0x90, 0xE5,
    0x13, 0x32, 0xA0, 0xE1, 0x08, 0x30, 0x81, 0xE5, 0x04, 0x20, 0x81, 0xE5, 0x9C, 0x06, 0x00, 0xEB,
    0x00, 0x30, 0xA0, 0xE3, 0x38, 0x30, 0x84, 0xE5, 0x00, 0x80, 0x57, 0xE2, 0x01, 0x30, 0xA0, 0xB3,
    0x00, 0x30, 0xA0, 0xA3, 0x00, 0x30, 0x85, 0xE5, 0xC8, 0x34, 0x9F, 0xE5, 0x02, 0x81, 0xC8, 0xB3,
    0x04, 0x80, 0x8D, 0xB5, 0x08, 0x30, 0xD3, 0xE1, 0x62, 0x00, 0x00, 0x0A, 0x00, 0x6B, 0x9D, 0xED,
    0x40, 0x6B, 0xB5, 0xEE, 0x10, 0xFA, 0xF1, 0xEE, 0x0B, 0x00, 0x00, 0x1A, 0x01, 0x30, 0xA0, 0xE3,
    0x74, 0x20, 0x9D, 0xE5, 0xA0, 0xA4, 0x9F, 0xE5, 0x00, 0x00, 0x52, 0xE3, 0x14, 0x20, 0x9D, 0xE5,
    0x00, 0x30, 0x82, 0xE5, 0x94, 0x34, 0x9F, 0x15, 0x74, 0x20, 0x9D, 0x15, 0x00, 0x30, 0x82, 0x15,
    0x0A, 0x00, 0xA0, 0xE1, 0x4C, 0xD0, 0x8D, 0xE2, 0xF0, 0x8F, 0xBD, 0xE8, 0x46, 0x0B, 0xB0, 0xEE,
    0x44, 0x10, 0x8D, 0xE2, 0x04, 0x00, 0xA0, 0xE1, 0x40, 0x20, 0x8D, 0xE2, 0x02, 0x6B, 0x8D, 0xED,
    0x06, 0x09, 0x00, 0xEB, 0x28, 0x3A, 0xB0, 0xE1, 0x00, 0x50, 0xA0, 0xE1, 0x02, 0x6B, 0x9D, 0xED,
    0x40, 0x10, 0x9D, 0xE5, 0x58, 0x00, 0x00, 0x1A, 0x44, 0x30, 0x9D, 0xE5, 0x03, 0x30, 0x81, 0xE0,
    0x43, 0x2E, 0x83, 0xE2, 0x02, 0x20, 0x82, 0xE2, 0x20, 0x00, 0x52, 0xE3, 0x41, 0x0E, 0x83, 0xC2,
    0x02, 0x00, 0x80, 0xC2, 0x40, 0x20, 0x62, 0xC2, 0x20, 0x20, 0x62, 0xD2, 0x36, 0x00, 0xA0, 0xC1,
    0x18, 0x22, 0x80, 0xC1, 0x16, 0x22, 0xA0, 0xD1, 0x10, 0x2A, 0x07, 0xEE, 0x01, 0x20, 0xA0, 0xE3,
    0x47, 0x7B, 0xB8, 0xEE, 0x08, 0x20, 0x8D, 0xE5, 0x90, 0x2A, 0x17, 0xEE, 0x01, 0x30, 0x43, 0xE2,
    0x1F, 0x26, 0x42, 0xE2, 0xF7, 0x2B, 0x9F, 0xED, 0x90, 0x2A, 0x07, 0xEE, 0xF7, 0x4B, 0x9F, 0xED,
    0x42, 0x7B, 0x37, 0xEE, 0xF7, 0x5B, 0x9F, 0xED, 0x04, 0x5B, 0x07, 0xEE, 0x90, 0x3A, 0x07, 0xEE,
    0xF6, 0x3B, 0x9F, 0xED, 0xE7, 0x4B, 0xB8, 0xEE, 0x45, 0x7B, 0xB0, 0xEE, 0x03, 0x7B, 0x04, 0xEE,
    0xC0, 0x7B, 0xB5, 0xEE, 0xC7, 0x5B, 0xFD, 0xEE, 0x10, 0xFA, 0xF1, 0xEE, 0x90, 0x7A, 0x15, 0xEE,
    0x03, 0x00, 0x00, 0x5A, 0xE5, 0x5B, 0xB8, 0xEE, 0x47, 0x5B, 0xB4, 0xEE, 0x10, 0xFA, 0xF1, 0xEE,
    0x01, 0x70, 0x47, 0x12, 0x03, 0x30, 0x41, 0xE0, 0x16, 0x00, 0x57, 0xE3, 0x01, 0x80, 0x43, 0xE2,
    0xC6, 0x00, 0x00, 0x8A, 0xB8, 0x13, 0x9F, 0xE5, 0x87, 0x11, 0x81, 0xE0, 0x00, 0x7B, 0x91, 0xED,
    0xC7, 0x6B, 0xB4, 0xEE, 0x10, 0xFA, 0xF1, 0xEE, 0xD5, 0x00, 0x00, 0x4A, 0x00, 0x00, 0x53, 0xE3,
    0xD2, 0x03, 0x00, 0xDA, 0x00, 0x30, 0xA0, 0xE3, 0x07, 0x80, 0x88, 0xE0, 0x2C, 0x30, 0x8D, 0xE5,
    0x28, 0x70, 0x8D, 0xE5, 0x20, 0x30, 0x8D, 0xE5, 0x00, 0x30, 0xA0, 0xE3, 0x24, 0x30, 0x8D, 0xE5,
    0x09, 0x00, 0x5B, 0xE3, 0x2D, 0x00, 0x00, 0x8A, 0x05, 0x00, 0x5B, 0xE3, 0x04, 0xB0, 0x4B, 0xC2,
    0x5C, 0x23, 0x9F, 0xE5, 0x02, 0x30, 0x4B, 0xE2, 0x00, 0x60, 0xA0, 0xC3, 0x01, 0x60, 0xA0, 0xD3,
    0x03, 0x00, 0x53, 0xE3, 0x26, 0x00, 0x00, 0x8A, 0x03, 0x30, 0x83, 0xE0, 0xB3, 0x30, 0x92, 0xE1,
    0x03, 0xF1, 0x8F, 0xE0, 0x00, 0xF0, 0x20, 0xE3, 0xFF, 0x84, 0xC8, 0xE3, 0x34, 0x33, 0x9F, 0xE5,
    0x14, 0x20, 0x9D, 0xE5, 0x0F, 0x86, 0xC8, 0xE3, 0x06, 0x80, 0x98, 0xE1, 0x00, 0x30, 0x82, 0xE5,
    0x14, 0x00, 0x00, 0x0A, 0x74, 0x30, 0x9D, 0xE5, 0x1C, 0xA3, 0x9F, 0xE5, 0x00, 0x00, 0x53, 0xE3,
    0x9E, 0xFF, 0xFF, 0x0A, 0x03, 0x30, 0x8A, 0xE2, 0x0A, 0x00, 0xA0, 0xE1, 0x74, 0x20, 0x9D, 0xE5,
    0x00, 0x30, 0x82, 0xE5, 0x4C, 0xD0, 0x8D, 0xE2, 0xF0, 0x8F, 0xBD, 0xE8, 0x90, 0x2A, 0x16, 0xEE,
    0x00, 0x00, 0xA0, 0xE3, 0xFF, 0x24, 0xC2, 0xE3, 0x0F, 0x26, 0xC2, 0xE3, 0xFF, 0x3F, 0x43, 0xE2,
    0xFF, 0x25, 0x82, 0xE3, 0x46, 0x7B, 0xB0, 0xEE, 0x03, 0x30, 0x43, 0xE2, 0x08, 0x00, 0x8D, 0xE5,
    0x03, 0x26, 0x82, 0xE3, 0xAE, 0xFF, 0xFF, 0xEA, 0x74, 0x30, 0x9D, 0xE5, 0xCC, 0xA2, 0x9F, 0xE5,
    0x00, 0x00, 0x53, 0xE3, 0x08, 0x30, 0x8A, 0x12, 0xEA, 0xFF, 0xFF, 0x1A, 0x87, 0xFF, 0xFF, 0xEA,
    0x00, 0xB0, 0xA0, 0xE3, 0x00, 0x10, 0xA0, 0xE3, 0x04, 0x00, 0xA0, 0xE1, 0x3C, 0x10, 0x84, 0xE5,
    0x06, 0x6B, 0x8D, 0xED, 0xE4, 0x05, 0x00, 0xEB, 0x00, 0xA0, 0x50, 0xE2, 0x06, 0x6B, 0x9D, 0xED,
    0x1A, 0x04, 0x00, 0x0A, 0x44, 0x30, 0x9D, 0xE5, 0x0E, 0x00, 0x57, 0xE3, 0x00, 0x20, 0xA0, 0xC3,
    0x01, 0x20, 0xA0, 0xD3, 0x00, 0x00, 0x53, 0xE3, 0x00, 0x20, 0xA0, 0xB3, 0x00, 0x00, 0x52, 0xE3,
    0x38, 0xA0, 0x84, 0xE5, 0xCB, 0x03, 0x00, 0x1A, 0x18, 0x20, 0x8D, 0xE5, 0x00, 0x20, 0xE0, 0xE3,
    0x02, 0x90, 0xA0, 0xE1, 0x38, 0x20, 0x8D, 0xE5, 0x08, 0x20, 0x9D, 0xE5, 0x00, 0x00, 0x52, 0xE3,
    0x40, 0x30, 0x9D, 0x05, 0x20, 0x20, 0x9D, 0xE5, 0x43, 0x3E, 0x83, 0x12, 0x03, 0x30, 0x83, 0x12,
    0x36, 0x30, 0x63, 0x02, 0x03, 0x80, 0x88, 0xE0, 0x03, 0x30, 0x82, 0xE0, 0x20, 0x30, 0x8D, 0xE5,
    0x24, 0x30, 0x9D, 0xE5, 0x30, 0x20, 0x8D, 0xE5, 0x08, 0x30, 0x8D, 0xE5, 0x01, 0x10, 0xA0, 0xE3,
    0x04, 0x00, 0xA0, 0xE1, 0x86, 0x06, 0x00, 0xEB, 0x30, 0x30, 0x9D, 0xE5, 0x00, 0x60, 0xA0, 0xE1,
    0x00, 0x00, 0x53, 0xE3, 0x00, 0x00, 0x58, 0x13, 0xD9, 0x00, 0x00, 0xCA, 0x24, 0x30, 0x9D, 0xE5,
    0x00, 0x00, 0x53, 0xE3, 0xE3, 0x00, 0x00, 0x1A, 0x01, 0x30, 0xA0, 0xE3, 0x24, 0x30, 0x8D, 0xE5,
    0x01, 0x10, 0xA0, 0xE3, 0x04, 0x00, 0xA0, 0xE1, 0x79, 0x06, 0x00, 0xEB, 0x28, 0x30, 0x9D, 0xE5,
    0x08, 0x00, 0x8D, 0xE5, 0x00, 0x00, 0x53, 0xE3, 0x10, 0x02, 0x00, 0x1A, 0x01, 0x00, 0x5B, 0xE3,
    0x34, 0x02, 0x00, 0xDA, 0x01, 0x30, 0xA0, 0xE3, 0x08, 0x30, 0x83, 0xE0, 0x1F, 0x30, 0x13, 0xE2,
    0xF0, 0x00, 0x00, 0x0A, 0x1B, 0x00, 0x53, 0xE3, 0x1C, 0x30, 0x63, 0xD2, 0xEE, 0x00, 0x00, 0xDA,
    0x1C, 0x00, 0x53, 0xE3, 0x3C, 0x30, 0x63, 0x12, 0xEB, 0x00, 0x00, 0x1A, 0x20, 0x30, 0x9D, 0xE5,
    0x00, 0x00, 0x53, 0xE3, 0x04, 0x00, 0x00, 0xDA, 0x05, 0x10, 0xA0, 0xE1, 0x03, 0x20, 0xA0, 0xE1,
    0x04, 0x00, 0xA0, 0xE1, 0x63, 0x07, 0x00, 0xEB, 0x00, 0x50, 0xA0, 0xE1, 0x00, 0x00, 0x58, 0xE3,
    0x04, 0x00, 0x00, 0xDA, 0x08, 0x20, 0xA0, 0xE1, 0x04, 0x00, 0xA0, 0xE1, 0x08, 0x10, 0x9D, 0xE5,
    0x5C, 0x07, 0x00, 0xEB, 0x08, 0x00, 0x8D, 0xE5, 0x2C, 0x30, 0x9D, 0xE5, 0x02, 0x00, 0x5B, 0xE3,
    0x00, 0x80, 0xA0, 0xD3, 0x01, 0x80, 0xA0, 0xC3, 0x00, 0x00, 0x53, 0xE3, 0xD5, 0x01, 0x00, 0x1A,
    0x00, 0x00, 0x59, 0xE3, 0x00, 0x80, 0xA0, 0xC3, 0x01, 0x80, 0x08, 0xD2, 0x00, 0x00, 0x58, 0xE3,
    0x58, 0x01, 0x00, 0x0A, 0x00, 0x00, 0x59, 0xE3, 0xB6, 0x01, 0x00, 0x1A, 0x09, 0x30, 0xA0, 0xE1,
    0x05, 0x20, 0xA0, 0xE3, 0x08, 0x10, 0x9D, 0xE5, 0x04, 0x00, 0xA0, 0xE1, 0xAF, 0x05, 0x00, 0xEB,
    0x00, 0x10, 0xA0, 0xE1, 0x08, 0x00, 0x8D, 0xE5, 0x05, 0x00, 0xA0, 0xE1, 0x93, 0x07, 0x00, 0xEB,
    0x00, 0x00, 0x50, 0xE3, 0xAB, 0x01, 0x00, 0xDA, 0x0A, 0xB0, 0xA0, 0xE1, 0x31, 0x30, 0xA0, 0xE3,
    0x01, 0x80, 0x87, 0xE2, 0x01, 0x30, 0xCB, 0xE4, 0x04, 0x00, 0xA0, 0xE1, 0x08, 0x10, 0x9D, 0xE5,
    0x9B, 0x05, 0x00, 0xEB, 0x01, 0x30, 0x88, 0xE2, 0x00, 0x00, 0x56, 0xE3, 0x00, 0x30, 0x8D, 0xE5,
    0x02, 0x00, 0x00, 0x0A, 0x06, 0x10, 0xA0, 0xE1, 0x04, 0x00, 0xA0, 0xE1, 0x94, 0x05, 0x00, 0xEB,
    0x05, 0x10, 0xA0, 0xE1, 0x04, 0x00, 0xA0, 0xE1, 0x91, 0x05, 0x00, 0xEB, 0x00, 0x30, 0xA0, 0xE3,
    0x00, 0x30, 0xCB, 0xE5, 0x74, 0x30, 0x9D, 0xE5, 0x00, 0x20, 0x9D, 0xE5, 0x00, 0x00, 0x53, 0xE3,
    0x14, 0x30, 0x9D, 0xE5, 0x00, 0x20, 0x83, 0xE5, 0x04, 0xFF, 0xFF, 0x0A, 0x0A, 0x00, 0xA0, 0xE1,
    0x74, 0x30, 0x9D, 0xE5, 0x00, 0xB0, 0x83, 0xE5, 0x4C, 0xD0, 0x8D, 0xE2, 0xF0, 0x8F, 0xBD, 0xE8,
    0x01, 0x20, 0xA0, 0xE3, 0x2C, 0x20, 0x8D, 0xE5, 0x00, 0x00, 0x58, 0xE3, 0x00, 0x30, 0xA0, 0xA3,
    0x01, 0x30, 0x63, 0xB2, 0x00, 0x80, 0xA0, 0xB3, 0x20, 0x30, 0x8D, 0xB5, 0x20, 0x30, 0x8D, 0xA5,
    0x00, 0x00, 0x57, 0xE3, 0x07, 0x00, 0x00, 0xAA, 0x20, 0x30, 0x9D, 0xE5, 0x07, 0x30, 0x43, 0xE0,
    0x20, 0x30, 0x8D, 0xE5, 0x00, 0x30, 0xA0, 0xE3, 0x28, 0x30, 0x8D, 0xE5, 0x00, 0x30, 0x67, 0xE2,
    0x24, 0x30, 0x8D, 0xE5, 0x35, 0xFF, 0xFF, 0xEA, 0x07, 0x80, 0x88, 0xE0, 0x28, 0x70, 0x8D, 0xE5,
    0x30, 0xFF, 0xFF, 0xEA, 0x00, 0x20, 0xA0, 0xE3, 0x01, 0x70, 0x47, 0xE2, 0x2C, 0x20, 0x8D, 0xE5,
    0xE8, 0xFF, 0xFF, 0xEA, 0x00, 0xF0, 0x20, 0xE3, 0x00, 0x00, 0x00, 0x00, 0x00, 0x00, 0xF8, 0x3F,
    0x61, 0x43, 0x6F, 0x63, 0xA7, 0x87, 0xD2, 0x3F, 0xB3, 0xC8, 0x60, 0x8B, 0x28, 0x8A, 0xC6, 0x3F,
    0xFB, 0x79, 0x9F, 0x50, 0x13, 0x44, 0xD3, 0x3F, 0x00, 0x00, 0xF0, 0x7F, 0xA8, 0x81, 0x11, 0x00,
    0xA9, 0x81, 0x11, 0x00, 0x0C, 0x93, 0x11, 0x00, 0x0F, 0x27, 0x00, 0x00, 0xA4, 0x81, 0x11, 0x00,
    0x98, 0x81, 0x11, 0x00, 0x48, 0x93, 0x11, 0x00, 0x20, 0x93, 0x11, 0x00, 0x01, 0x30, 0xA0, 0xE3,
    0x3C, 0x30, 0x8D, 0xE5, 0x18, 0x30, 0x9D, 0xE5, 0x07, 0x30, 0x83, 0xE0, 0x01, 0x90, 0x83, 0xE2,
    0x01, 0x00, 0x59, 0xE3, 0x09, 0x00, 0xA0, 0xA1, 0x01, 0x00, 0xA0, 0xB3, 0x38, 0x30, 0x8D, 0xE5,
    0x17, 0x00, 0x50, 0xE3, 0x00, 0x10, 0xA0, 0xD3, 0x3C, 0x10, 0x84, 0xD5, 0x08, 0x00, 0x00, 0xDA,
    0x01, 0x20, 0xA0, 0xE3, 0x04, 0x30, 0xA0, 0xE3, 0x83, 0x30, 0xA0, 0xE1, 0x14, 0x10, 0x83, 0xE2,
    0x00, 0x00, 0x51, 0xE1, 0x02, 0x10, 0xA0, 0xE1, 0x01, 0x20, 0x82, 0xE2, 0xF9, 0xFF, 0xFF, 0x9A,
    0x3C, 0x10, 0x84, 0xE5, 0x04, 0x00, 0xA0, 0xE1, 0x0C, 0x6B, 0x8D, 0xED, 0x1E, 0x05, 0x00, 0xEB,
    0x00, 0xA0, 0x50, 0xE2, 0x0C, 0x6B, 0x9D, 0xED, 0x54, 0x03, 0x00, 0x0A, 0x0E, 0x00, 0x59, 0xE3,
    0x00, 0x60, 0xA0, 0x83, 0x01, 0x60, 0x06, 0x92, 0x00, 0x00, 0x56, 0xE3, 0x38, 0xA0, 0x84, 0xE5,
    0x7E, 0x00, 0x00, 0x0A, 0x00, 0x00, 0x57, 0xE3, 0x22, 0x01, 0x00, 0xDA, 0x01, 0x0C, 0x17, 0xE3,
    0xA0, 0x20, 0x1F, 0x15, 0xA8, 0x10, 0x1F, 0xE5, 0x08, 0x5B, 0x92, 0x1D, 0x0F, 0x30, 0x07, 0xE2,
    0x83, 0x31, 0x81, 0xE0, 0x00, 0x7B, 0x93, 0xED, 0x47, 0x32, 0xA0, 0xE1, 0x0F, 0x30, 0x03, 0x12,
    0x03, 0x10, 0xA0, 0x13, 0x05, 0x4B, 0x86, 0x1E, 0x46, 0x4B, 0xB0, 0x0E, 0x02, 0x10, 0xA0, 0x03,
    0x00, 0x00, 0x53, 0xE3, 0x50, 0x00, 0x00, 0x0A, 0xD8, 0x20, 0x1F, 0xE5, 0x01, 0x00, 0x13, 0xE3,
    0x05, 0x00, 0x00, 0x1A, 0xC3, 0x30, 0xA0, 0xE1, 0x08, 0x20, 0x82, 0xE2, 0x01, 0x00, 0x13, 0xE3,
    0xC3, 0x30, 0xA0, 0x01, 0x08, 0x20, 0x82, 0x02, 0xF7, 0xFF, 0xFF, 0x0A, 0x00, 0x5B, 0x92, 0xED,
    0xC3, 0x30, 0xB0, 0xE1, 0x05, 0x7B, 0x27, 0xEE, 0x01, 0x10, 0x81, 0xE2, 0x42, 0x00, 0x00, 0x0A,
    0x08, 0x20, 0x82, 0xE2, 0xF4, 0xFF, 0xFF, 0xEA, 0x01, 0x30, 0xA0, 0xE3, 0x3C, 0x30, 0x8D, 0xE5,
    0x18, 0x30, 0x9D, 0xE5, 0x00, 0x00, 0x53, 0xE3, 0x1E, 0x01, 0x00, 0xDA, 0x18, 0x00, 0x9D, 0xE5,
    0x00, 0x90, 0xA0, 0xE1, 0x38, 0x00, 0x8D, 0xE5, 0xBC, 0xFF, 0xFF, 0xEA, 0x00, 0x30, 0xA0, 0xE3,
    0x3C, 0x30, 0x8D, 0xE5, 0xB2, 0xFF, 0xFF, 0xEA, 0x00, 0x30, 0xA0, 0xE3, 0x3C, 0x30, 0x8D, 0xE5,
    0xF2, 0xFF, 0xFF, 0xEA, 0x30, 0x20, 0x9D, 0xE5, 0x24, 0x10, 0x9D, 0xE5, 0x08, 0x00, 0x52, 0xE1,
    0x02, 0x30, 0xA0, 0xB1, 0x08, 0x30, 0xA0, 0xA1, 0x00, 0x00, 0x51, 0xE3, 0x20, 0x10, 0x9D, 0xE5,
    0x03, 0x20, 0x42, 0xE0, 0x03, 0x10, 0x41, 0xE0, 0x20, 0x10, 0x8D, 0xE5, 0x30, 0x20, 0x8D, 0xE5,
    0x03, 0x80, 0x48, 0xE0, 0x1B, 0xFF, 0xFF, 0x0A, 0x08, 0x30, 0x9D, 0xE5, 0x00, 0x00, 0x53, 0xE3,
    0xE7, 0x02, 0x00, 0x0A, 0x03, 0x20, 0xA0, 0xE1, 0x06, 0x10, 0xA0, 0xE1, 0x04, 0x00, 0xA0, 0xE1,
    0x48, 0x06, 0x00, 0xEB, 0x00, 0x60, 0xA0, 0xE1, 0x05, 0x20, 0xA0, 0xE1, 0x06, 0x10, 0xA0, 0xE1,
    0x04, 0x00, 0xA0, 0xE1, 0xB7, 0x05, 0x00, 0xEB, 0x05, 0x10, 0xA0, 0xE1, 0x3C, 0x00, 0x8D, 0xE5,
    0x04, 0x00, 0xA0, 0xE1, 0xEA, 0x04, 0x00, 0xEB, 0x24, 0x10, 0x9D, 0xE5, 0x08, 0x30, 0x9D, 0xE5,
    0x3C, 0x50, 0x9D, 0xE5, 0x03, 0x20, 0x51, 0xE0, 0x06, 0xFF, 0xFF, 0x0A, 0x05, 0x10, 0xA0, 0xE1,
    0x04, 0x00, 0xA0, 0xE1, 0x37, 0x06, 0x00, 0xEB, 0x01, 0x30, 0xA0, 0xE3, 0x00, 0x50, 0xA0, 0xE1,
    0x24, 0x30, 0x8D, 0xE5, 0x01, 0xFF, 0xFF, 0xEA, 0x1C, 0x30, 0xA0, 0xE3, 0x20, 0x20, 0x9D, 0xE5,
    0x03, 0x80, 0x88, 0xE0, 0x03, 0x20, 0x82, 0xE0, 0x20, 0x20, 0x8D, 0xE5, 0x30, 0x20, 0x9D, 0xE5,
    0x03, 0x20, 0x82, 0xE0, 0x30, 0x20, 0x8D, 0xE5, 0x0B, 0xFF, 0xFF, 0xEA, 0x07, 0x5B, 0x84, 0xEE,
    0x2C, 0x30, 0x9D, 0xE5, 0x00, 0x00, 0x53, 0xE3, 0x03, 0x00, 0x00, 0x0A, 0xE5, 0x7B, 0x9F, 0xED,
    0xC7, 0x5B, 0xB4, 0xEE, 0x10, 0xFA, 0xF1, 0xEE, 0x30, 0x00, 0x00, 0x4A, 0x90, 0x1A, 0x07, 0xEE,
    0xE2, 0x4B, 0x9F, 0xED, 0xE7, 0x7B, 0xB8, 0xEE, 0x05, 0x4B, 0x07, 0xEE, 0x90, 0x1A, 0x14, 0xEE,
    0x00, 0x00, 0x59, 0xE3, 0x14, 0x2B, 0x53, 0xEC, 0x07, 0x60, 0xA0, 0x11, 0x09, 0xC0, 0xA0, 0x11,
    0x0D, 0x35, 0x41, 0xE2, 0x35, 0x00, 0x00, 0x1A, 0xDA, 0x7B, 0x9F, 0xED, 0x14, 0x2B, 0x43, 0xEC,
    0x47, 0x7B, 0x35, 0xEE, 0xC4, 0x7B, 0xB4, 0xEE, 0x10, 0xFA, 0xF1, 0xEE, 0x52, 0x02, 0x00, 0xCA,
    0x44, 0x4B, 0xB1, 0xEE, 0xC4, 0x7B, 0xB4, 0xEE, 0x10, 0xFA, 0xF1, 0xEE, 0x2E, 0x01, 0x00, 0x4A,
    0x44, 0x30, 0x9D, 0xE5, 0x0E, 0x00, 0x57, 0xE3, 0x03, 0x20, 0xE0, 0xE1, 0xA2, 0x2F, 0xA0, 0xE1,
    0x00, 0x20, 0xA0, 0xC3, 0x00, 0x00, 0x52, 0xE3, 0x40, 0x13, 0x9F, 0x15, 0x2E, 0x01, 0x00, 0x1A,
    0x3C, 0x20, 0x9D, 0xE5, 0x00, 0x00, 0x52, 0xE3, 0x00, 0x01, 0x00, 0x1A, 0x20, 0x30, 0x9D, 0xE5,
    0x00, 0x00, 0x53, 0xE3, 0x00, 0x00, 0x58, 0x13, 0x86, 0x01, 0x00, 0x1A, 0x24, 0x60, 0x9D, 0xE5,
    0x00, 0x00, 0x56, 0xE3, 0x07, 0x00, 0x00, 0x0A, 0x05, 0x10, 0xA0, 0xE1, 0x04, 0x00, 0xA0, 0xE1,
    0x24, 0x20, 0x9D, 0xE5, 0xF7, 0x05, 0x00, 0xEB, 0x00, 0x60, 0xA0, 0xE3, 0x00, 0x50, 0xA0, 0xE1,
    0x20, 0x30, 0x9D, 0xE5, 0x24, 0x60, 0x8D, 0xE5, 0x30, 0x30, 0x8D, 0xE5, 0xBF, 0xFE, 0xFF, 0xEA,
    0x00, 0x00, 0x59, 0xE3, 0x7F, 0x02, 0x00, 0x0A, 0x38, 0xC0, 0x9D, 0xE5, 0x00, 0x00, 0x5C, 0xE3,
    0xDE, 0xFF, 0xFF, 0xDA, 0x01, 0x10, 0x81, 0xE2, 0x90, 0x1A, 0x07, 0xEE, 0xAF, 0x3B, 0x9F, 0xED,
    0xE7, 0x7B, 0xB8, 0xEE, 0xA9, 0x4B, 0x9F, 0xED, 0x03, 0x5B, 0x25, 0xEE, 0x05, 0x4B, 0x07, 0xEE,
    0x90, 0x1A, 0x14, 0xEE, 0x14, 0x2B, 0x53, 0xEC, 0x01, 0x60, 0x47, 0xE2, 0x0D, 0x35, 0x41, 0xE2,
    0xC5, 0x7B, 0xFD, 0xEE, 0xA4, 0x12, 0x9F, 0xE5, 0x14, 0x2B, 0x43, 0xEC, 0x8C, 0x21, 0x81, 0xE0,
    0x02, 0x3B, 0x12, 0xED, 0x90, 0x2A, 0x17, 0xEE, 0xE7, 0x2B, 0xB8, 0xEE, 0x3C, 0x30, 0x9D, 0xE5,
    0x30, 0x20, 0x82, 0xE2, 0x00, 0x00, 0x53, 0xE3, 0x42, 0x7B, 0x35, 0xEE, 0x01, 0x30, 0x8A, 0xE2,
    0x00, 0x20, 0xCA, 0xE5, 0x14, 0x01, 0x00, 0x0A, 0x9A, 0x2B, 0x9F, 0xED, 0x03, 0x5B, 0x82, 0xEE,
    0x44, 0x5B, 0x35, 0xEE, 0xC7, 0x5B, 0xB4, 0xEE, 0x10, 0xFA, 0xF1, 0xEE, 0x6A, 0x02, 0x00, 0xCA,
    0x8C, 0x1B, 0x9F, 0xED, 0x91, 0x3B, 0x9F, 0xED, 0x00, 0x00, 0xA0, 0xE3, 0x0D, 0x00, 0x00, 0xEA,
    0x01, 0x00, 0x80, 0xE2, 0x0C, 0x00, 0x50, 0xE1, 0xBC, 0x00, 0x00, 0xAA, 0x03, 0x7B, 0x27, 0xEE,
    0xC7, 0x4B, 0xFD, 0xEE, 0xE4, 0x2B, 0xB8, 0xEE, 0x03, 0x5B, 0x25, 0xEE, 0x42, 0x7B, 0x37, 0xEE,
    0xC5, 0x7B, 0xB4, 0xEE, 0x90, 0x2A, 0x14, 0xEE, 0x10, 0xFA, 0xF1, 0xEE, 0x30, 0x20, 0x82, 0xE2,
    0x01, 0x20, 0xC3, 0xE4, 0x58, 0x02, 0x00, 0x4A, 0x47, 0x4B, 0x31, 0xEE, 0xC5, 0x4B, 0xB4, 0xEE,
    0x10, 0xFA, 0xF1, 0xEE, 0xED, 0xFF, 0xFF, 0x5A, 0x01, 0x00, 0x00, 0xEA, 0x0A, 0x00, 0x53, 0xE1,
    0x4C, 0x02, 0x00, 0x0A, 0x03, 0xB0, 0xA0, 0xE1, 0x01, 0x20, 0x73, 0xE5, 0x39, 0x00, 0x52, 0xE3,
    0xF9, 0xFF, 0xFF, 0x0A, 0x01, 0x20, 0x82, 0xE2, 0x00, 0x20, 0xC3, 0xE5, 0x01, 0x30, 0x86, 0xE2,
    0x00, 0x30, 0x8D, 0xE5, 0xC1, 0xFE, 0xFF, 0xEA, 0x24, 0x30, 0x9D, 0xE5, 0x00, 0x00, 0x53, 0xE3,
    0x46, 0x01, 0x00, 0x1A, 0x01, 0x30, 0x87, 0xE2, 0x00, 0x30, 0x8D, 0xE5, 0x0A, 0x80, 0xA0, 0xE1,
    0x18, 0xA0, 0x8D, 0xE5, 0x01, 0xB0, 0xA0, 0xE3, 0x06, 0xA0, 0xA0, 0xE1, 0x04, 0x60, 0xA0, 0xE1,
    0x08, 0x40, 0x9D, 0xE5, 0x06, 0x00, 0x00, 0xEA, 0x05, 0x10, 0xA0, 0xE1, 0x00, 0x30, 0xA0, 0xE3,
    0x0A, 0x20, 0xA0, 0xE3, 0x06, 0x00, 0xA0, 0xE1, 0x4C, 0x04, 0x00, 0xEB, 0x00, 0x50, 0xA0, 0xE1,
    0x01, 0xB0, 0x8B, 0xE2, 0x04, 0x10, 0xA0, 0xE1, 0x05, 0x00, 0xA0, 0xE1, 0x21, 0xFD, 0xFF, 0xEB,
    0x09, 0x00, 0x5B, 0xE1, 0x30, 0x30, 0x80, 0xE2, 0x01, 0x30, 0xC8, 0xE4, 0xF1, 0xFF, 0xFF, 0xBA,
    0x00, 0x00, 0x59, 0xE3, 0x01, 0x90, 0x49, 0xC2, 0x00, 0x90, 0xA0, 0xD3, 0x06, 0x40, 0xA0, 0xE1,
    0x0A, 0x60, 0xA0, 0xE1, 0x18, 0xA0, 0x9D, 0xE5, 0x01, 0x20, 0x8A, 0xE2, 0x02, 0x90, 0x89, 0xE0,
    0x00, 0x20, 0xA0, 0xE3, 0x18, 0x20, 0x8D, 0xE5, 0x05, 0x10, 0xA0, 0xE1, 0x01, 0x20, 0xA0, 0xE3,
    0x04, 0x00, 0xA0, 0xE1, 0x20, 0x30, 0x8D, 0xE5, 0xCE, 0x05, 0x00, 0xEB, 0x08, 0x10, 0x9D, 0xE5,
    0x00, 0x50, 0xA0, 0xE1, 0x19, 0x06, 0x00, 0xEB, 0x00, 0x00, 0x50, 0xE3, 0x02, 0x00, 0x00, 0xCA,
    0xFE, 0x01, 0x00, 0xEA, 0x0A, 0x00, 0x59, 0xE1, 0x05, 0x02, 0x00, 0x0A, 0x01, 0x30, 0x59, 0xE5,
    0x09, 0xB0, 0xA0, 0xE1, 0x39, 0x00, 0x53, 0xE3, 0x01, 0x90, 0x49, 0xE2, 0xF8, 0xFF, 0xFF, 0x0A,
    0x01, 0x30, 0x83, 0xE2, 0x00, 0x30, 0xC9, 0xE5, 0x04, 0x00, 0xA0, 0xE1, 0x08, 0x10, 0x9D, 0xE5,
    0x1B, 0x04, 0x00, 0xEB, 0x00, 0x00, 0x56, 0xE3, 0x84, 0xFE, 0xFF, 0x0A, 0x18, 0x10, 0x9D, 0xE5,
    0x00, 0x00, 0x51, 0xE3, 0x06, 0x00, 0x51, 0x11, 0x7D, 0xFE, 0xFF, 0x0A, 0x04, 0x00, 0xA0, 0xE1,
    0x13, 0x04, 0x00, 0xEB, 0x7A, 0xFE, 0xFF, 0xEA, 0x46, 0x5B, 0xB0, 0x0E, 0x02, 0x10, 0xA0, 0x03,
    0x3A, 0xFF, 0xFF, 0x0A, 0xB4, 0x10, 0x9F, 0xE5, 0x00, 0x30, 0x67, 0xE2, 0x0F, 0x20, 0x03, 0xE2,
    0x82, 0x21, 0x81, 0xE0, 0x00, 0x5B, 0x92, 0xED, 0x43, 0x32, 0xB0, 0xE1, 0x02, 0x10, 0xA0, 0xE3,
    0x05, 0x5B, 0x26, 0xEE, 0x31, 0xFF, 0xFF, 0x0A, 0x94, 0x20, 0x9F, 0xE5, 0x01, 0x00, 0x13, 0xE3,
    0x05, 0x00, 0x00, 0x1A, 0xC3, 0x30, 0xA0, 0xE1, 0x08, 0x20, 0x82, 0xE2, 0x01, 0x00, 0x13, 0xE3,
    0xC3, 0x30, 0xA0, 0x01, 0x08, 0x20, 0x82, 0x02, 0xF7, 0xFF, 0xFF, 0x0A, 0x00, 0x7B, 0x92, 0xED,
    0xC3, 0x30, 0xB0, 0xE1, 0x07, 0x5B, 0x25, 0xEE, 0x01, 0x10, 0x81, 0xE2, 0x23, 0xFF, 0xFF, 0x0A,
    0x08, 0x20, 0x82, 0xE2, 0xF4, 0xFF, 0xFF, 0xEA, 0x18, 0x30, 0x9D, 0xE5, 0x0A, 0xB0, 0xA0, 0xE1,
    0x03, 0x80, 0xE0, 0xE1, 0x53, 0xFE, 0xFF, 0xEA, 0x01, 0x30, 0xA0, 0xE3, 0x00, 0x10, 0xA0, 0xE3,
    0x03, 0x90, 0xA0, 0xE1, 0x38, 0x30, 0x8D, 0xE5, 0x3C, 0x10, 0x84, 0xE5, 0x18, 0x30, 0x8D, 0xE5,
    0xA7, 0xFE, 0xFF, 0xEA, 0x00, 0xF0, 0x20, 0xE3, 0x00, 0x00, 0x00, 0x00, 0x00, 0x00, 0xF0, 0x3F,
    0x00, 0x00, 0x00, 0x00, 0x00, 0x00, 0x1C, 0x40, 0x00, 0x00, 0x00, 0x00, 0x00, 0x00, 0x14, 0x40,
    0x00, 0x00, 0x00, 0x00, 0x00, 0x00, 0x24, 0x40, 0x00, 0x00, 0x00, 0x00, 0x00, 0x00, 0xE0, 0x3F,
    0x48, 0x93, 0x11, 0x00, 0x20, 0x93, 0x11, 0x00, 0x05, 0x00, 0xA0, 0xE1, 0x08, 0x10, 0x9D, 0xE5,
    0xCA, 0x05, 0x00, 0xEB, 0x00, 0x00, 0x50, 0xE3, 0x24, 0xFE, 0xFF, 0xAA, 0x05, 0x10, 0xA0, 0xE1,
    0x00, 0x30, 0xA0, 0xE3, 0x01, 0xC0, 0x47, 0xE2, 0x0A, 0x20, 0xA0, 0xE3, 0x04, 0x00, 0xA0, 0xE1,
    0x20, 0xC0, 0x8D, 0xE5, 0xD9, 0x03, 0x00, 0xEB, 0x38, 0x30, 0x9D, 0xE5, 0x00, 0x50, 0xA0, 0xE1,
    0x00, 0x00, 0x53, 0xE3, 0x00, 0x80, 0xA0, 0xC3, 0x01, 0x80, 0x08, 0xD2, 0x24, 0x30, 0x9D, 0xE5,
    0x00, 0x00, 0x53, 0xE3, 0xB3, 0x00, 0x00, 0x1A, 0x00, 0x00, 0x58, 0xE3, 0x07, 0x02, 0x00, 0x1A,
    0x00, 0x70, 0x8D, 0xE5, 0x38, 0x90, 0x9D, 0xE5, 0x20, 0x70, 0x9D, 0xE5, 0x72, 0xFF, 0xFF, 0xEA,
    0x00, 0x10, 0xA0, 0xE1, 0x03, 0x20, 0xA0, 0xE1, 0x04, 0x00, 0xA0, 0xE1, 0x15, 0x05, 0x00, 0xEB,
    0x01, 0x00, 0x5B, 0xE3, 0x08, 0x00, 0x8D, 0xE5, 0x78, 0x01, 0x00, 0xDA, 0x00, 0x30, 0xA0, 0xE3,
    0x28, 0x30, 0x8D, 0xE5, 0x08, 0x20, 0x9D, 0xE5, 0x10, 0x30, 0x92, 0xE5, 0x03, 0x31, 0x82, 0xE0,
    0x10, 0x00, 0x93, 0xE5, 0xFA, 0x03, 0x00, 0xEB, 0x20, 0x30, 0x60, 0xE2, 0xE1, 0xFD, 0xFF, 0xEA,
    0x44, 0x30, 0x9D, 0xE5, 0x0E, 0x00, 0x57, 0xE3, 0x00, 0x20, 0xA0, 0xC3, 0x01, 0x20, 0xA0, 0xD3,
    0x00, 0x00, 0x53, 0xE3, 0x00, 0x20, 0xA0, 0xB3, 0x00, 0x00, 0x52, 0xE3, 0x2A, 0x00, 0x00, 0x1A,
    0x01, 0x00, 0x5B, 0xE3, 0xB3, 0xFD, 0xFF, 0xDA, 0x24, 0x30, 0x9D, 0xE5, 0x01, 0x20, 0x49, 0xE2,
    0x02, 0x00, 0x53, 0xE1, 0x45, 0x01, 0x00, 0xBA, 0x02, 0x30, 0x43, 0xE0, 0x00, 0x00, 0x59, 0xE3,
    0x08, 0x30, 0x8D, 0xE5, 0xE6, 0x01, 0x00, 0xAA, 0x20, 0x30, 0x9D, 0xE5, 0x09, 0x30, 0x43, 0xE0,
    0x30, 0x30, 0x8D, 0xE5, 0xB4, 0xFD, 0xFF, 0xEA, 0x00, 0x30, 0x9D, 0xE5, 0x00, 0x00, 0x53, 0xE3,
    0xC7, 0xFD, 0xFF, 0x1A, 0x04, 0x30, 0x9D, 0xE5, 0xFF, 0x34, 0xC3, 0xE3, 0x0F, 0x36, 0xC3, 0xE3,
    0x00, 0x00, 0x53, 0xE3, 0xC2, 0xFD, 0xFF, 0x1A, 0x04, 0x30, 0x9D, 0xE5, 0x02, 0x31, 0xC3, 0xE3,
    0x23, 0x3A, 0xA0, 0xE1, 0x03, 0x3A, 0xA0, 0xE1, 0x00, 0x00, 0x53, 0xE3, 0xBC, 0xFD, 0xFF, 0x0A,
    0x20, 0x30, 0x9D, 0xE5, 0x01, 0x80, 0x88, 0xE2, 0x01, 0x30, 0x83, 0xE2, 0x20, 0x30, 0x8D, 0xE5,
    0x01, 0x30, 0xA0, 0xE3, 0x28, 0x30, 0x8D, 0xE5, 0xB6, 0xFD, 0xFF, 0xEA, 0x00, 0x10, 0xA0, 0xE3,
    0x04, 0x00, 0xA0, 0xE1, 0x86, 0x03, 0x00, 0xEB, 0x18, 0x30, 0x9D, 0xE5, 0x0A, 0xB0, 0xA0, 0xE1,
    0x00, 0x30, 0x63, 0xE2, 0x00, 0x30, 0x8D, 0xE5, 0xEC, 0xFD, 0xFF, 0xEA, 0x00, 0x00, 0x59, 0xE3,
    0x00, 0x30, 0xA0, 0xC3, 0x01, 0x30, 0xA0, 0xD3, 0x18, 0x20, 0x9D, 0xE5, 0x87, 0x11, 0x81, 0xE0,
    0xA2, 0x3F, 0x13, 0xE0, 0x00, 0x5B, 0x91, 0xED, 0x4E, 0x01, 0x00, 0x0A, 0x00, 0x00, 0x59, 0xE3,
    0xED, 0xFF, 0xFF, 0x1A, 0xE5, 0x7B, 0x9F, 0xED, 0x07, 0x7B, 0x25, 0xEE, 0xC7, 0x6B, 0xB4, 0xEE,
    0x10, 0xFA, 0xF1, 0xEE, 0x09, 0x10, 0xA0, 0xE1, 0xE8, 0xFF, 0xFF, 0x9A, 0x31, 0x30, 0xA0, 0xE3,
    0x0A, 0xB0, 0xA0, 0xE1, 0x04, 0x00, 0xA0, 0xE1, 0x01, 0x30, 0xCB, 0xE4, 0x6C, 0x03, 0x00, 0xEB,
    0x02, 0x30, 0x87, 0xE2, 0x00, 0x30, 0x8D, 0xE5, 0xD4, 0xFD, 0xFF, 0xEA, 0x01, 0x00, 0x5C, 0xE3,
    0x03, 0x2B, 0x24, 0xEE, 0xA8, 0x01, 0x00, 0x0A, 0xD6, 0x3B, 0x9F, 0xED, 0x03, 0x00, 0xA0, 0xE1,
    0x0C, 0xE0, 0x8A, 0xE0, 0x03, 0x7B, 0x27, 0xEE, 0xC7, 0x5B, 0xFD, 0xEE, 0x90, 0x2A, 0x15, 0xEE,
    0xE5, 0x4B, 0xB8, 0xEE, 0x30, 0x20, 0x82, 0xE2, 0x01, 0x20, 0xC0, 0xE4, 0x00, 0x00, 0x5E, 0xE1,
    0x44, 0x7B, 0x37, 0xEE, 0xF6, 0xFF, 0xFF, 0x1A, 0x01, 0x20, 0x43, 0xE2, 0x0C, 0x20, 0x82, 0xE0,
    0xCA, 0x5B, 0x9F, 0xED, 0x05, 0x4B, 0x32, 0xEE, 0xC7, 0x4B, 0xB4, 0xEE, 0x10, 0xFA, 0xF1, 0xEE,
    0x49, 0x01, 0x00, 0x4A, 0x42, 0x5B, 0x35, 0xEE, 0xC7, 0x5B, 0xB4, 0xEE, 0x10, 0xFA, 0xF1, 0xEE,
    0x26, 0x00, 0x00, 0xCA, 0x44, 0x20, 0x9D, 0xE5, 0x0E, 0x00, 0x57, 0xE3, 0x02, 0x20, 0xE0, 0xE1,
    0xA2, 0x2F, 0xA0, 0xE1, 0x00, 0x20, 0xA0, 0xC3, 0x00, 0x00, 0x52, 0xE3, 0x9A, 0xFE, 0xFF, 0x0A,
    0x87, 0x11, 0x81, 0xE0, 0x00, 0x5B, 0x91, 0xED, 0x05, 0x7B, 0x86, 0xEE, 0xC7, 0x7B, 0xBD, 0xEE,
    0x10, 0x2A, 0x17, 0xEE, 0xC7, 0x4B, 0xB8, 0xEE, 0x30, 0x20, 0x82, 0xE2, 0x01, 0x00, 0x59, 0xE3,
    0x45, 0x6B, 0x04, 0xEE, 0x00, 0x20, 0xCA, 0xE5, 0x46, 0x01, 0x00, 0x0A, 0xAD, 0x3B, 0x9F, 0xED,
    0x01, 0x10, 0x63, 0xE2, 0x09, 0x00, 0x00, 0xEA, 0x05, 0x7B, 0x86, 0xEE, 0xC7, 0x7B, 0xBD, 0xEE,
    0x10, 0x2A, 0x17, 0xEE, 0xC7, 0x4B, 0xB8, 0xEE, 0x30, 0x20, 0x82, 0xE2, 0x01, 0x20, 0xC3, 0xE4,
    0x01, 0x20, 0x83, 0xE0, 0x09, 0x00, 0x52, 0xE1, 0x45, 0x6B, 0x04, 0xEE, 0x39, 0x01, 0x00, 0x0A,
    0x03, 0x6B, 0x26, 0xEE, 0x40, 0x6B, 0xB5, 0xEE, 0x10, 0xFA, 0xF1, 0xEE, 0xF1, 0xFF, 0xFF, 0x1A,
    0x03, 0xB0, 0xA0, 0xE1, 0x01, 0x30, 0x87, 0xE2, 0x00, 0x30, 0x8D, 0xE5, 0x93, 0xFD, 0xFF, 0xEA,
    0x01, 0x30, 0x52, 0xE5, 0x02, 0xB0, 0xA0, 0xE1, 0x30, 0x00, 0x53, 0xE3, 0x01, 0x20, 0x42, 0xE2,
    0xFA, 0xFF, 0xFF, 0x0A, 0xC8, 0xFE, 0xFF, 0xEA, 0x20, 0x20, 0x9D, 0xE5, 0x24, 0x60, 0x9D, 0xE5,
    0x08, 0x00, 0x52, 0xE1, 0x02, 0x30, 0xA0, 0xB1, 0x08, 0x30, 0xA0, 0xA1, 0x00, 0x00, 0x56, 0xE3,
    0x03, 0x20, 0x42, 0xE0, 0x20, 0x20, 0x8D, 0xE5, 0x03, 0x80, 0x48, 0xE0, 0x30, 0x20, 0x8D, 0x05,
    0x3A, 0xFD, 0xFF, 0x0A, 0x6F, 0xFE, 0xFF, 0xEA, 0x06, 0x10, 0xA0, 0xE1, 0x00, 0x30, 0xA0, 0xE3,
    0x0A, 0x20, 0xA0, 0xE3, 0x04, 0x00, 0xA0, 0xE1, 0x18, 0x03, 0x00, 0xEB, 0x00, 0x00, 0x58, 0xE3,
    0x00, 0x60, 0xA0, 0xE1, 0x20, 0x70, 0x9D, 0xE5, 0x38, 0x90, 0x9D, 0xE5, 0x5C, 0xFD, 0xFF, 0x1A,
    0x30, 0x30, 0x9D, 0xE5, 0x00, 0x00, 0x53, 0xE3, 0x04, 0x00, 0x00, 0xDA, 0x06, 0x10, 0xA0, 0xE1,
    0x03, 0x20, 0xA0, 0xE1, 0x04, 0x00, 0xA0, 0xE1, 0xA6, 0x04, 0x00, 0xEB, 0x00, 0x60, 0xA0, 0xE1,
    0x28, 0x30, 0x9D, 0xE5, 0x00, 0x00, 0x53, 0xE3, 0x20, 0x60, 0x8D, 0x05, 0xF8, 0x00, 0x00, 0x1A,
    0x0A, 0x80, 0xA0, 0xE1, 0x01, 0x30, 0x4A, 0xE2, 0x09, 0x30, 0x83, 0xE0, 0x28, 0x30, 0x8D, 0xE5,
    0x00, 0x30, 0x9D, 0xE5, 0x30, 0x70, 0x8D, 0xE5, 0x01, 0x30, 0x03, 0xE2, 0x20, 0x70, 0x9D, 0xE5,
    0x2C, 0x30, 0x8D, 0xE5, 0x38, 0xA0, 0x8D, 0xE5, 0x24, 0xB0, 0x8D, 0xE5, 0x08, 0x10, 0x9D, 0xE5,
    0x05, 0x00, 0xA0, 0xE1, 0xD3, 0xFB, 0xFF, 0xEB, 0x06, 0x10, 0xA0, 0xE1, 0x00, 0xA0, 0xA0, 0xE1,
    0x05, 0x00, 0xA0, 0xE1, 0xDD, 0x04, 0x00, 0xEB, 0x08, 0x10, 0x9D, 0xE5, 0x00, 0x90, 0xA0, 0xE1,
    0x07, 0x20, 0xA0, 0xE1, 0x04, 0x00, 0xA0, 0xE1, 0xEE, 0x04, 0x00, 0xEB, 0x0C, 0x30, 0x90, 0xE5,
    0x00, 0x10, 0xA0, 0xE1, 0x00, 0x00, 0x53, 0xE3, 0x30, 0xB0, 0x8A, 0xE2, 0x28, 0x00, 0x00, 0x1A,
    0x20, 0x00, 0x8D, 0xE5, 0x05, 0x00, 0xA0, 0xE1, 0xD0, 0x04, 0x00, 0xEB, 0x20, 0x10, 0x9D, 0xE5,
    0x18, 0x00, 0x8D, 0xE5, 0x04, 0x00, 0xA0, 0xE1, 0xDD, 0x02, 0x00, 0xEB, 0x24, 0x20, 0x9D, 0xE5,
    0x18, 0x30, 0x9D, 0xE5, 0x02, 0x20, 0x93, 0xE1, 0x4F, 0x00, 0x00, 0x1A, 0x2C, 0x30, 0x9D, 0xE5,
    0x00, 0x00, 0x53, 0xE3, 0x0B, 0x01, 0x00, 0x0A, 0x00, 0x00, 0x59, 0xE3, 0x04, 0x01, 0x00, 0xBA,
    0x28, 0x30, 0x9D, 0xE5, 0x08, 0x00, 0x53, 0xE1, 0x01, 0xB0, 0xC8, 0xE4, 0xEC, 0x00, 0x00, 0x0A,
    0x05, 0x10, 0xA0, 0xE1, 0x00, 0x30, 0xA0, 0xE3, 0x0A, 0x20, 0xA0, 0xE3, 0x04, 0x00, 0xA0, 0xE1,
    0xD2, 0x02, 0x00, 0xEB, 0x07, 0x00, 0x56, 0xE1, 0x00, 0x50, 0xA0, 0xE1, 0x06, 0x10, 0xA0, 0xE1,
    0x00, 0x30, 0xA0, 0xE3, 0x0A, 0x20, 0xA0, 0xE3, 0x04, 0x00, 0xA0, 0xE1, 0x2E, 0x00, 0x00, 0x0A,
    0xCA, 0x02, 0x00, 0xEB, 0x07, 0x10, 0xA0, 0xE1, 0x00, 0x30, 0xA0, 0xE3, 0x0A, 0x20, 0xA0, 0xE3,
    0x00, 0x60, 0xA0, 0xE1, 0x04, 0x00, 0xA0, 0xE1, 0xC4, 0x02, 0x00, 0xEB, 0x00, 0x70, 0xA0, 0xE1,
    0xC5, 0xFF, 0xFF, 0xEA, 0x04, 0x00, 0xA0, 0xE1, 0x18, 0xB0, 0x8D, 0xE5, 0x20, 0x70, 0x8D, 0xE5,
    0x24, 0xB0, 0x9D, 0xE5, 0x30, 0x70, 0x9D, 0xE5, 0x24, 0xA0, 0x8D, 0xE5, 0x38, 0xA0, 0x9D, 0xE5,
    0xB3, 0x02, 0x00, 0xEB, 0x00, 0x00, 0x59, 0xE3, 0x18, 0x30, 0x9D, 0xE5, 0x04, 0x00, 0x00, 0xBA,
    0x00, 0x20, 0x9D, 0xE5, 0x01, 0x10, 0x02, 0xE2, 0x0B, 0x20, 0x89, 0xE1, 0x02, 0x10, 0x91, 0xE1,
    0x2E, 0x00, 0x00, 0x1A, 0x05, 0x10, 0xA0, 0xE1, 0x01, 0x20, 0xA0, 0xE3, 0x04, 0x00, 0xA0, 0xE1,
    0x00, 0x30, 0x8D, 0xE5, 0x47, 0x04, 0x00, 0xEB, 0x08, 0x10, 0x9D, 0xE5, 0x00, 0x50, 0xA0, 0xE1,
    0x92, 0x04, 0x00, 0xEB, 0x00, 0x00, 0x50, 0xE3, 0x00, 0x30, 0x9D, 0xE5, 0xEA, 0x00, 0x00, 0xDA,
    0x39, 0x00, 0x53, 0xE3, 0x25, 0x00, 0x00, 0x0A, 0x24, 0x30, 0x9D, 0xE5, 0x31, 0x30, 0x83, 0xE2,
    0x08, 0xB0, 0xA0, 0xE1, 0x01, 0x20, 0x87, 0xE2, 0x18, 0x60, 0x8D, 0xE5, 0x00, 0x20, 0x8D, 0xE5,
    0x20, 0x60, 0x9D, 0xE5, 0x01, 0x30, 0xCB, 0xE4, 0x76, 0xFE, 0xFF, 0xEA, 0x9B, 0x02, 0x00, 0xEB,
    0x00, 0x60, 0xA0, 0xE1, 0x00, 0x70, 0xA0, 0xE1, 0x9B, 0xFF, 0xFF, 0xEA, 0x00, 0xF0, 0x20, 0xE3,
    0x00, 0x00, 0x00, 0x00, 0x00, 0x00, 0x14, 0x40, 0x00, 0x00, 0x00, 0x00, 0x00, 0x00, 0x24, 0x40,
    0x00, 0x00, 0x00, 0x00, 0x00, 0x00, 0xE0, 0x3F, 0x48, 0x93, 0x11, 0x00, 0x00, 0x00, 0x59, 0xE3,
    0xAF, 0x00, 0x00, 0xBA, 0x24, 0x20, 0x9D, 0xE5, 0x02, 0x90, 0x89, 0xE1, 0x2C, 0x20, 0x9D, 0xE5,
    0x09, 0x90, 0x92, 0xE1, 0xAA, 0x00, 0x00, 0x0A, 0x00, 0x00, 0x53, 0xE3, 0xAB, 0xFF, 0xFF, 0xDA,
    0x0B, 0x30, 0xA0, 0xE1, 0x20, 0x70, 0x8D, 0xE5, 0x38, 0xA0, 0x9D, 0xE5, 0x30, 0x70, 0x9D, 0xE5,
    0x39, 0x00, 0x53, 0xE3, 0x08, 0xB0, 0xA0, 0x11, 0x01, 0x30, 0x83, 0x12, 0xDC, 0xFF, 0xFF, 0x1A,
    0x39, 0x30, 0xA0, 0xE3, 0x08, 0x90, 0xA0, 0xE1, 0x01, 0x30, 0xC9, 0xE4, 0x01, 0x30, 0x87, 0xE2,
    0x18, 0x60, 0x8D, 0xE5, 0x00, 0x30, 0x8D, 0xE5, 0x20, 0x60, 0x9D, 0xE5, 0x4A, 0xFE, 0xFF, 0xEA,
    0x01, 0x30, 0x63, 0xE2, 0x20, 0x30, 0x8D, 0xE5, 0x00, 0x30, 0xA0, 0xE3, 0x07, 0x80, 0xA0, 0xE1,
    0x28, 0x70, 0x8D, 0xE5, 0x2C, 0x30, 0x8D, 0xE5, 0x2A, 0xFC, 0xFF, 0xEA, 0x31, 0x30, 0xA0, 0xE3,
    0x0A, 0xB0, 0xA0, 0xE1, 0x00, 0x10, 0xA0, 0xE3, 0x01, 0x30, 0xCB, 0xE4, 0x04, 0x00, 0xA0, 0xE1,
    0x63, 0x02, 0x00, 0xEB, 0x02, 0x30, 0x87, 0xE2, 0x00, 0x30, 0x8D, 0xE5, 0xCB, 0xFC, 0xFF, 0xEA,
    0x24, 0x30, 0x9D, 0xE5, 0x08, 0x20, 0x8D, 0xE5, 0x03, 0x30, 0x42, 0xE0, 0x28, 0x20, 0x9D, 0xE5,
    0x01, 0x10, 0xA0, 0xE3, 0x03, 0x30, 0x82, 0xE0, 0x04, 0x00, 0xA0, 0xE1, 0x28, 0x30, 0x8D, 0xE5,
    0xF7, 0x02, 0x00, 0xEB, 0x20, 0x30, 0x9D, 0xE5, 0x00, 0x60, 0xA0, 0xE1, 0x00, 0x00, 0x53, 0xE3,
    0x08, 0x20, 0x9D, 0xE5, 0x09, 0x80, 0x88, 0xE0, 0x30, 0x30, 0x8D, 0x05, 0x20, 0x90, 0x8D, 0x05,
    0x69, 0xFD, 0xFF, 0x0A, 0x20, 0x00, 0x9D, 0xE5, 0x00, 0x00, 0x58, 0xE1, 0x08, 0x30, 0xA0, 0xB1,
    0x00, 0x30, 0xA0, 0xA1, 0x09, 0x10, 0x80, 0xE0, 0x03, 0x80, 0x48, 0xE0, 0x03, 0x00, 0x40, 0xE0,
    0x03, 0x30, 0x41, 0xE0, 0x30, 0x00, 0x8D, 0xE5, 0x20, 0x30, 0x8D, 0xE5, 0x5E, 0xFD, 0xFF, 0xEA,
    0x00, 0x30, 0x9D, 0xE5, 0x00, 0x00, 0x53, 0xE3, 0x83, 0xFE, 0xFF, 0x1A, 0xD0, 0x00, 0xCD, 0xE1,
    0xFF, 0x34, 0xC1, 0xE3, 0x0F, 0x36, 0xC3, 0xE3, 0x00, 0x00, 0x53, 0xE3, 0x28, 0x00, 0x8D, 0x15,
    0x7F, 0xFE, 0xFF, 0x1A, 0x04, 0x30, 0x9D, 0xE5, 0x02, 0x31, 0xC3, 0xE3, 0x23, 0x3A, 0xA0, 0xE1,
    0x03, 0x3A, 0xA0, 0xE1, 0x00, 0x00, 0x53, 0xE3, 0x78, 0xFE, 0xFF, 0x0A, 0x20, 0x30, 0x9D, 0xE5,
    0x01, 0x80, 0x88, 0xE2, 0x01, 0x30, 0x83, 0xE2, 0x20, 0x30, 0x8D, 0xE5, 0x01, 0x30, 0xA0, 0xE3,
    0x28, 0x30, 0x8D, 0xE5, 0x72, 0xFE, 0xFF, 0xEA, 0x78, 0x31, 0x1F, 0xE5, 0x00, 0x90, 0xE0, 0xE3,
    0x87, 0x31, 0x83, 0xE0, 0x00, 0x5B, 0x93, 0xED, 0x01, 0x30, 0x8A, 0xE2, 0xE1, 0xFE, 0xFF, 0xEA,
    0x02, 0x00, 0x00, 0x1A, 0x20, 0x30, 0x9D, 0xE5, 0x01, 0x00, 0x13, 0xE3, 0xFE, 0xFD, 0xFF, 0x1A,
    0x09, 0xB0, 0xA0, 0xE1, 0x01, 0x30, 0x79, 0xE5, 0x30, 0x00, 0x53, 0xE3, 0xFB, 0xFF, 0xFF, 0x0A,
    0x00, 0xFE, 0xFF, 0xEA, 0x02, 0x30, 0x87, 0xE2, 0x00, 0x30, 0x8D, 0xE5, 0x31, 0x30, 0xA0, 0xE3,
    0x00, 0x30, 0xCA, 0xE5, 0xFB, 0xFD, 0xFF, 0xEA, 0x90, 0x1A, 0x07, 0xEE, 0x6B, 0x4B, 0x9F, 0xED,
    0xE7, 0x7B, 0xB8, 0xEE, 0x05, 0x4B, 0x07, 0xEE, 0x90, 0x1A, 0x14, 0xEE, 0x14, 0x2B, 0x53, 0xEC,
    0x0D, 0x35, 0x41, 0xE2, 0x4F, 0xFD, 0xFF, 0xEA, 0x31, 0x20, 0xA0, 0xE3, 0x01, 0x60, 0x86, 0xE2,
    0xB4, 0xFD, 0xFF, 0xEA, 0x24, 0x20, 0x9D, 0xE5, 0x27, 0xFD, 0xFF, 0xEA, 0x03, 0xB0, 0xA0, 0xE1,
    0x01, 0x30, 0x86, 0xE2, 0x00, 0x30, 0x8D, 0xE5, 0x74, 0xFC, 0xFF, 0xEA, 0x02, 0x30, 0xA0, 0xE1,
    0xA7, 0xFD, 0xFF, 0xEA, 0x04, 0x00, 0xA0, 0xE1, 0x04, 0x10, 0x96, 0xE5, 0xE2, 0x01, 0x00, 0xEB,
    0x00, 0x80, 0x50, 0xE2, 0x50, 0x00, 0x00, 0x0A, 0x10, 0x20, 0x96, 0xE5, 0x0C, 0x10, 0x86, 0xE2,
    0x02, 0x20, 0x82, 0xE2, 0x02, 0x21, 0xA0, 0xE1, 0x0C, 0x00, 0x88, 0xE2, 0xE0, 0xE2, 0xFF, 0xEB,
    0x01, 0x20, 0xA0, 0xE3, 0x08, 0x10, 0xA0, 0xE1, 0x04, 0x00, 0xA0, 0xE1, 0x99, 0x03, 0x00, 0xEB,
    0x20, 0x00, 0x8D, 0xE5, 0xF5, 0xFE, 0xFF, 0xEA, 0x06, 0x6B, 0x36, 0xEE, 0xC5, 0x6B, 0xB4, 0xEE,
    0x10, 0xFA, 0xF1, 0xEE, 0x01, 0x20, 0x87, 0xE2, 0x00, 0x20, 0x8D, 0xE5, 0x16, 0x00, 0x00, 0xCA,
    0x45, 0x6B, 0xB4, 0xEE, 0x10, 0xFA, 0xF1, 0xEE, 0x02, 0x00, 0x00, 0x1A, 0x10, 0x2A, 0x17, 0xEE,
    0x01, 0x00, 0x12, 0xE3, 0x10, 0x00, 0x00, 0x1A, 0x03, 0xB0, 0xA0, 0xE1, 0x53, 0xFC, 0xFF, 0xEA,
    0x00, 0x20, 0xA0, 0xE3, 0xEC, 0x30, 0x9F, 0xE5, 0xEC, 0x10, 0x9F, 0xE5, 0xEC, 0x00, 0x9F, 0xE5,
    0xAA, 0x01, 0x00, 0xEB, 0x07, 0x20, 0xA0, 0xE1, 0x30, 0x70, 0x9D, 0xE5, 0x18, 0x60, 0x8D, 0xE5,
    0x02, 0x60, 0xA0, 0xE1, 0x01, 0x20, 0x87, 0xE2, 0x0B, 0x30, 0xA0, 0xE1, 0x08, 0x90, 0xA0, 0xE1,
    0x38, 0xA0, 0x9D, 0xE5, 0x00, 0x20, 0x8D, 0xE5, 0xA6, 0xFD, 0xFF, 0xEA, 0x07, 0x60, 0xA0, 0xE1,
    0x77, 0xFD, 0xFF, 0xEA, 0x00, 0x00, 0x53, 0xE3, 0x20, 0x70, 0x8D, 0xE5, 0x24, 0xA0, 0x8D, 0xE5,
    0x0B, 0x30, 0xA0, 0xE1, 0x30, 0x70, 0x9D, 0xE5, 0x38, 0xA0, 0x9D, 0xE5, 0x24, 0xFF, 0xFF, 0xCA,
    0x32, 0xFF, 0xFF, 0xEA, 0x20, 0x70, 0x8D, 0xE5, 0x0B, 0x30, 0xA0, 0xE1, 0x30, 0x70, 0x9D, 0xE5,
    0x38, 0xA0, 0x9D, 0xE5, 0x2D, 0xFF, 0xFF, 0xEA, 0x39, 0x00, 0x5B, 0xE3, 0x0A, 0x20, 0xA0, 0xE1,
    0x20, 0x70, 0x8D, 0xE5, 0x0B, 0x30, 0xA0, 0xE1, 0x30, 0x70, 0x9D, 0xE5, 0x38, 0xA0, 0x9D, 0xE5,
    0x4A, 0xFF, 0xFF, 0x0A, 0x00, 0x00, 0x59, 0xE3, 0x31, 0x30, 0x82, 0xC2, 0x23, 0xFF, 0xFF, 0xEA,
    0x20, 0x70, 0x9D, 0xE5, 0x38, 0x90, 0x9D, 0xE5, 0x0D, 0xFC, 0xFF, 0xEA, 0x03, 0x20, 0xA0, 0xE1,
    0x62, 0xFE, 0xFF, 0xEA, 0x20, 0x30, 0x9D, 0xE5, 0x09, 0x80, 0x88, 0xE0, 0x30, 0x30, 0x8D, 0xE5,
    0x09, 0x30, 0x83, 0xE0, 0x20, 0x30, 0x8D, 0xE5, 0xCB, 0xFB, 0xFF, 0xEA, 0x17, 0xFF, 0xFF, 0x1A,
    0x01, 0x00, 0x13, 0xE3, 0x11, 0xFF, 0xFF, 0x1A, 0x14, 0xFF, 0xFF, 0xEA, 0x08, 0x20, 0xA0, 0xE1,
    0x10, 0x30, 0x9F, 0xE5, 0x18, 0x10, 0x9F, 0xE5, 0x10, 0x00, 0x9F, 0xE5, 0x73, 0x01, 0x00, 0xEB,
    0x00, 0x00, 0x00, 0x00, 0x00, 0x00, 0x1C, 0x40, 0xAC, 0x81, 0x11, 0x00, 0xAF, 0x01, 0x00, 0x00,
    0xC0, 0x81, 0x11, 0x00, 0xEF, 0x02, 0x00, 0x00, 0x03, 0x00, 0x10, 0xE3, 0x71, 0x10, 0xEF, 0xE6,
    0x0E, 0x00, 0x00, 0x0A, 0x00, 0x30, 0xA0, 0xE1, 0x07, 0x00, 0x00, 0xEA, 0x00, 0xC0, 0xD3, 0xE5,
    0x03, 0x00, 0xA0, 0xE1, 0x01, 0x00, 0x5C, 0xE1, 0x01, 0x30, 0x83, 0xE2, 0x1E, 0xFF, 0x2F, 0x01,
    0x03, 0x00, 0x13, 0xE3, 0x01, 0x20, 0x42, 0xE2, 0x03, 0x00, 0x00, 0x0A, 0x00, 0x00, 0x52, 0xE3,
    0xF5, 0xFF, 0xFF, 0x1A, 0x00, 0x00, 0xA0, 0xE3, 0x1E, 0xFF, 0x2F, 0xE1, 0x03, 0x00, 0xA0, 0xE1,
    0x03, 0x00, 0x52, 0xE3, 0x19, 0x00, 0x00, 0x9A, 0x04, 0xE0, 0x2D, 0xE5, 0x01, 0xE4, 0x81, 0xE0,
    0x0E, 0xE8, 0x8E, 0xE0, 0x00, 0x30, 0x90, 0xE5, 0x78, 0xC0, 0x9F, 0xE5, 0x0E, 0x30, 0x23, 0xE0,
    0x0C, 0xC0, 0x83, 0xE0, 0x03, 0x30, 0xCC, 0xE1, 0x6C, 0xC0, 0x9F, 0xE5, 0x0C, 0x00, 0x13, 0xE1,
    0x05, 0x00, 0x00, 0x1A, 0x04, 0x20, 0x42, 0xE2, 0x03, 0x00, 0x52, 0xE3, 0x04, 0x00, 0x80, 0xE2,
    0xF3, 0xFF, 0xFF, 0x8A, 0x00, 0x00, 0x52, 0xE3, 0x06, 0x00, 0x00, 0x0A, 0x02, 0x20, 0x80, 0xE0,
    0x00, 0x30, 0xD0, 0xE5, 0x01, 0x00, 0x53, 0xE1, 0x04, 0xF0, 0x9D, 0x04, 0x01, 0x00, 0x80, 0xE2,
    0x00, 0x00, 0x52, 0xE1, 0xF9, 0xFF, 0xFF, 0x1A, 0x00, 0x00, 0xA0, 0xE3, 0x04, 0xF0, 0x9D, 0xE4,
    0x00, 0x00, 0x52, 0xE3, 0x02, 0x20, 0x80, 0x10, 0xDD, 0xFF, 0xFF, 0x0A, 0x00, 0x30, 0xD0, 0xE5,
    0x01, 0x00, 0x53, 0xE1, 0x1E, 0xFF, 0x2F, 0x01, 0x01, 0x00, 0x80, 0xE2, 0x00, 0x00, 0x52, 0xE1,
    0xF9, 0xFF, 0xFF, 0x1A, 0xD6, 0xFF, 0xFF, 0xEA, 0xFF, 0xFE, 0xFE, 0xFE, 0x80, 0x80, 0x80, 0x80,
    0x03, 0xC0, 0xA0, 0xE1, 0x04, 0xE0, 0x2D, 0xE5, 0x0C, 0xD0, 0x4D, 0xE2, 0x10, 0x30, 0x9D, 0xE5,
    0x00, 0xC0, 0x8D, 0xE5, 0x04, 0x30, 0x8D, 0xE5, 0x00, 0x30, 0xE0, 0xE3, 0xEF, 0x00, 0x00, 0xEB,
    0x0C, 0xD0, 0x8D, 0xE2, 0x04, 0xF0, 0x9D, 0xE4, 0x70, 0x40, 0x2D, 0xE9, 0x00, 0x50, 0xA0, 0xE1,
    0x01, 0x40, 0xA0, 0xE1, 0xF2, 0x13, 0x00, 0xEB, 0x00, 0x30, 0x50, 0xE2, 0x02, 0x00, 0x00, 0x0A,
    0x34, 0x30, 0x93, 0xE5, 0x00, 0x00, 0x53, 0xE3, 0x44, 0x00, 0x00, 0x0A, 0xFC, 0x30, 0xD4, 0xE1,
    0x08, 0x00, 0x13, 0xE3, 0x0C, 0x00, 0x00, 0x0A, 0x10, 0x00, 0x94, 0xE5, 0x00, 0x00, 0x50, 0xE3,
    0x16, 0x00, 0x00, 0x0A, 0xFC, 0x30, 0xD4, 0xE1, 0x01, 0x20, 0x13, 0xE2, 0x1E, 0x00, 0x00, 0x1A,
    0x02, 0x00, 0x13, 0xE3, 0x14, 0x20, 0x94, 0x05, 0x00, 0x00, 0x50, 0xE3, 0x08, 0x20, 0x84, 0xE5,
    0x20, 0x00, 0x00, 0x0A, 0x00, 0x00, 0xA0, 0xE3, 0x70, 0x80, 0xBD, 0xE8, 0x10, 0x00, 0x13, 0xE3,
    0x09, 0x20, 0xA0, 0x03, 0x40, 0x30, 0x83, 0x03, 0x00, 0x20, 0x85, 0x05, 0xBC, 0x30, 0xC4, 0x01,
    0x1C, 0x00, 0x00, 0x0A, 0x04, 0x00, 0x13, 0xE3, 0x1C, 0x00, 0x00, 0x1A, 0x10, 0x00, 0x94, 0xE5,
    0x08, 0x30, 0x83, 0xE3, 0x00, 0x00, 0x50, 0xE3, 0xBC, 0x30, 0xC4, 0xE1, 0xE8, 0xFF, 0xFF, 0x1A,
    0xBC, 0x30, 0xD4, 0xE1, 0x0A, 0x3D, 0x03, 0xE2, 0x02, 0x0C, 0x53, 0xE3, 0xE4, 0xFF, 0xFF, 0x0A,
    0x05, 0x00, 0xA0, 0xE1, 0x04, 0x10, 0xA0, 0xE1, 0x84, 0xF9, 0xFF, 0xEB, 0xFC, 0x30, 0xD4, 0xE1,
    0x10, 0x00, 0x94, 0xE5, 0x01, 0x20, 0x13, 0xE2, 0xE0, 0xFF, 0xFF, 0x0A, 0x00, 0x10, 0xA0, 0xE3,
    0x14, 0x20, 0x94, 0xE5, 0x00, 0x00, 0x50, 0xE3, 0x00, 0x20, 0x62, 0xE2, 0x18, 0x20, 0x84, 0xE5,
    0x08, 0x10, 0x84, 0xE5, 0xDE, 0xFF, 0xFF, 0x1A, 0x80, 0x00, 0x13, 0xE3, 0x70, 0x80, 0xBD, 0x08,
    0x40, 0x30, 0x83, 0xE3, 0xBC, 0x30, 0xC4, 0xE1, 0x00, 0x00, 0xE0, 0xE3, 0x70, 0x80, 0xBD, 0xE8,
    0x30, 0x10, 0x94, 0xE5, 0x00, 0x00, 0x51, 0xE3, 0x07, 0x00, 0x00, 0x0A, 0x40, 0x20, 0x84, 0xE2,
    0x02, 0x00, 0x51, 0xE1, 0x02, 0x00, 0x00, 0x0A, 0x05, 0x00, 0xA0, 0xE1, 0xCF, 0xE6, 0xFF, 0xEB,
    0xFC, 0x30, 0xD4, 0xE1, 0x00, 0x20, 0xA0, 0xE3, 0x30, 0x20, 0x84, 0xE5, 0x00, 0x20, 0xA0, 0xE3,
    0x10, 0x00, 0x94, 0xE5, 0x24, 0x30, 0xC3, 0xE3, 0x05, 0x00, 0x84, 0xE8, 0xD3, 0xFF, 0xFF, 0xEA,
    0xA3, 0xE8, 0xFF, 0xEB, 0xB8, 0xFF, 0xFF, 0xEA, 0x10, 0x40, 0x2D, 0xE9, 0xA4, 0x13, 0x00, 0xEB,
    0x30, 0x00, 0x90, 0xE5, 0x0C, 0x30, 0x9F, 0xE5, 0x00, 0x00, 0x50, 0xE3, 0x03, 0x00, 0xA0, 0x01,
    0x76, 0x0F, 0x80, 0xE2, 0x10, 0x80, 0xBD, 0xE8, 0x84, 0xA6, 0x11, 0x00, 0x00, 0x00, 0x51, 0xE3,
    0x25, 0x00, 0x00, 0x0A, 0x7F, 0x00, 0x52, 0xE3, 0x01, 0x30, 0xA0, 0x93, 0x00, 0x20, 0xC1, 0x95,
    0x15, 0x00, 0x00, 0x9A, 0x80, 0x30, 0x42, 0xE2, 0x1E, 0x0D, 0x53, 0xE3, 0x14, 0x00, 0x00, 0x3A,
    0x02, 0x3B, 0x42, 0xE2, 0x3E, 0x0B, 0x53, 0xE3, 0x1E, 0x00, 0x00, 0x3A, 0x01, 0x38, 0x42, 0xE2,
    0x01, 0x06, 0x53, 0xE3, 0x29, 0x00, 0x00, 0x2A, 0x22, 0x32, 0xA0, 0xE1, 0x02, 0x03, 0xA0, 0xE1,
    0x02, 0xC5, 0xA0, 0xE1, 0x3F, 0x3C, 0x03, 0xE2, 0x20, 0x3C, 0x83, 0xE1, 0x3F, 0xC8, 0x0C, 0xE2,
    0x98, 0x00, 0x9F, 0xE5, 0x3F, 0x20, 0x02, 0xE2, 0x0C, 0x30, 0x83, 0xE1, 0x02, 0x3C, 0x83, 0xE1,
    0x00, 0x00, 0x83, 0xE1, 0x04, 0x30, 0xA0, 0xE3, 0x00, 0x00, 0x81, 0xE5, 0x03, 0x00, 0xA0, 0xE1,
    0x1E, 0xFF, 0x2F, 0xE1, 0x3F, 0x00, 0x02, 0xE2, 0x80, 0x0C, 0xE0, 0xE1, 0x3F, 0xC0, 0xE0, 0xE3,
    0x02, 0x30, 0xA0, 0xE3, 0xA0, 0x0C, 0xE0, 0xE1, 0x22, 0xC3, 0x8C, 0xE1, 0x01, 0x00, 0xC1, 0xE5,
    0x00, 0xC0, 0xC1, 0xE5, 0x03, 0x00, 0xA0, 0xE1, 0x1E, 0xFF, 0x2F, 0xE1, 0x01, 0x30, 0xA0, 0xE1,
    0x03, 0x00, 0xA0, 0xE1, 0x1E, 0xFF, 0x2F, 0xE1, 0x10, 0x40, 0x2D, 0xE9, 0x1F, 0xC0, 0xE0, 0xE3,
    0x7F, 0xE0, 0xE0, 0xE3, 0x03, 0x30, 0xA0, 0xE3, 0x02, 0x0A, 0xA0, 0xE1, 0x3F, 0x40, 0x02, 0xE2,
    0x20, 0x0D, 0x8E, 0xE1, 0x22, 0xC6, 0x8C, 0xE1, 0x0E, 0xE0, 0x84, 0xE1, 0x01, 0x00, 0xC1, 0xE5,
    0x02, 0xE0, 0xC1, 0xE5, 0x03, 0x00, 0xA0, 0xE1, 0x00, 0xC0, 0xC1, 0xE5, 0x10, 0x80, 0xBD, 0xE8,
    0x8A, 0x20, 0xA0, 0xE3, 0x00, 0x30, 0xE0, 0xE3, 0x00, 0x20, 0x80, 0xE5, 0xDE, 0xFF, 0xFF, 0xEA,
    0xF0, 0x80, 0x80, 0x80, 0xF0, 0x4F, 0x2D, 0xE9, 0x24, 0xD0, 0x4D, 0xE2, 0x4C, 0x80, 0x9D, 0xE5,
    0x48, 0x70, 0x9D, 0xE5, 0x00, 0x00, 0x58, 0xE3, 0x43, 0x8F, 0x80, 0x02, 0x00, 0x00, 0x51, 0xE3,
    0x08, 0xB0, 0xA0, 0xE1, 0x03, 0x40, 0xA0, 0xE1, 0x00, 0x70, 0xE0, 0x03, 0x00, 0x50, 0xA0, 0xE3,
    0x01, 0xA0, 0xA0, 0xE1, 0x02, 0x80, 0xA0, 0xE1, 0x50, 0x90, 0x9D, 0xE5, 0x00, 0x60, 0x92, 0xE5,
    0x04, 0x00, 0x8D, 0xE5, 0x00, 0x10, 0x8D, 0xE5, 0x03, 0x00, 0x00, 0xEA, 0x04, 0x00, 0x96, 0xE4,
    0x00, 0x00, 0x50, 0xE3, 0x29, 0x00, 0x00, 0x0A, 0x0E, 0x50, 0xA0, 0xE1, 0x05, 0x00, 0x57, 0xE1,
    0x2B, 0x00, 0x00, 0x9A, 0x00, 0x00, 0x54, 0xE3, 0x29, 0x00, 0x00, 0x0A, 0x00, 0x30, 0x9B, 0xE5,
    0x04, 0x00, 0x9D, 0xE5, 0x08, 0x30, 0x8D, 0xE5, 0x04, 0x30, 0x9B, 0xE5, 0x00, 0x20, 0x96, 0xE5,
    0x0C, 0x30, 0x8D, 0xE5, 0xC8, 0xC1, 0x99, 0xE5, 0x0B, 0x30, 0xA0, 0xE1, 0x10, 0x10, 0x8D, 0xE2,
    0x3C, 0xFF, 0x2F, 0xE1, 0x01, 0x00, 0x70, 0xE3, 0x20, 0x00, 0x00, 0x0A, 0x05, 0xE0, 0x80, 0xE0,
    0x07, 0x00, 0x5E, 0xE1, 0x26, 0x00, 0x00, 0x8A, 0x00, 0x00, 0x5A, 0xE3, 0x01, 0x40, 0x44, 0xE2,
    0xE5, 0xFF, 0xFF, 0x0A, 0x00, 0x00, 0x50, 0xE3, 0x0A, 0x00, 0x00, 0xDA, 0x00, 0x30, 0x9D, 0xE5,
    0x0F, 0x10, 0x8D, 0xE2, 0x01, 0x20, 0x43, 0xE2, 0x02, 0x50, 0x80, 0xE0, 0x01, 0x30, 0xF1, 0xE5,
    0x01, 0x30, 0xE2, 0xE5, 0x05, 0x00, 0x52, 0xE1, 0xFB, 0xFF, 0xFF, 0x1A, 0x00, 0x30, 0x9D, 0xE5,
    0x00, 0x30, 0x83, 0xE0, 0x00, 0x30, 0x8D, 0xE5, 0x00, 0x20, 0x98, 0xE5, 0x04, 0x00, 0x96, 0xE4,
    0x04, 0x20, 0x82, 0xE2, 0x00, 0x00, 0x50, 0xE3, 0x00, 0x20, 0x88, 0xE5, 0xD5, 0xFF, 0xFF, 0x1A,
    0x00, 0x20, 0xA0, 0xE3, 0x00, 0x00, 0x5A, 0xE3, 0x00, 0x00, 0x88, 0x15, 0x01, 0x50, 0x4E, 0xE2,
    0x00, 0x20, 0x8B, 0xE5, 0x05, 0x00, 0xA0, 0xE1, 0x24, 0xD0, 0x8D, 0xE2, 0xF0, 0x8F, 0xBD, 0xE8,
    0x00, 0x50, 0xA0, 0xE1, 0x8A, 0x10, 0xA0, 0xE3, 0x00, 0x20, 0xA0, 0xE3, 0x05, 0x00, 0xA0, 0xE1,
    0x04, 0x30, 0x9D, 0xE5, 0x00, 0x10, 0x83, 0xE5, 0x00, 0x20, 0x8B, 0xE5, 0x24, 0xD0, 0x8D, 0xE2,
    0xF0, 0x8F, 0xBD, 0xE8, 0x0B, 0x80, 0xA0, 0xE1, 0x05, 0x00, 0xA0, 0xE1, 0x08, 0xA0, 0x9D, 0xE5,
    0x0C, 0xB0, 0x9D, 0xE5, 0xF0, 0xA0, 0xC8, 0xE1, 0x24, 0xD0, 0x8D, 0xE2, 0xF0, 0x8F, 0xBD, 0xE8,
    0x10, 0x40, 0x2D, 0xE9, 0x20, 0xD0, 0x4D, 0xE2, 0x1C, 0x10, 0x8D, 0xE5, 0x18, 0x20, 0x8D, 0xE5,
    0x14, 0x30, 0x8D, 0xE5, 0x02, 0x13, 0x00, 0xEB, 0x00, 0x40, 0xA0, 0xE1, 0x00, 0x13, 0x00, 0xEB,
    0x30, 0xC0, 0x90, 0xE5, 0x34, 0xE0, 0x9F, 0xE5, 0x00, 0x00, 0x5C, 0xE3, 0x0E, 0xC0, 0xA0, 0x01,
    0x2C, 0x20, 0x9D, 0xE5, 0x04, 0x00, 0xA0, 0xE1, 0x04, 0x20, 0x8D, 0xE5, 0x28, 0x20, 0x9D, 0xE5,
    0x14, 0x30, 0x9D, 0xE5, 0x00, 0x20, 0x8D, 0xE5, 0x1C, 0x10, 0x9D, 0xE5, 0x18, 0x20, 0x9D, 0xE5,
    0x08, 0xC0, 0x8D, 0xE5, 0x92, 0xFF, 0xFF, 0xEB, 0x20, 0xD0, 0x8D, 0xE2, 0x10, 0x80, 0xBD, 0xE8,
    0x84, 0xA6, 0x11, 0x00, 0x00, 0x00, 0x00, 0x00, 0x90, 0x2A, 0x10, 0xEE, 0x00, 0x10, 0xA0, 0xE3,
    0x70, 0xC0, 0x9F, 0xE5, 0x02, 0x31, 0xC2, 0xE3, 0x0C, 0x00, 0x53, 0xE1, 0x00, 0x10, 0x80, 0xE5,
    0x1E, 0xFF, 0x2F, 0x81, 0x10, 0xCA, 0x10, 0xEE, 0x0C, 0xC0, 0x93, 0xE1, 0x1E, 0xFF, 0x2F, 0x01,
    0x54, 0xC0, 0x9F, 0xE5, 0x0C, 0xC0, 0x02, 0xE0, 0x01, 0x00, 0x5C, 0xE1, 0x0F, 0x7B, 0x9F, 0x0D,
    0x07, 0x0B, 0x20, 0x0E, 0x90, 0x2A, 0x10, 0x0E, 0x35, 0x10, 0xE0, 0x03, 0x02, 0x31, 0xC2, 0x03,
    0x43, 0x3A, 0xA0, 0xE1, 0xFF, 0x3F, 0x43, 0xE2, 0x02, 0x30, 0x43, 0xE2, 0x01, 0x10, 0x83, 0xE0,
    0x7F, 0xC4, 0xC2, 0xE3, 0x10, 0x2B, 0x53, 0xEC, 0x0F, 0xC6, 0xCC, 0xE3, 0xFF, 0x35, 0x8C, 0xE3,
    0x02, 0x36, 0x83, 0xE3, 0x10, 0x2B, 0x43, 0xEC, 0x00, 0x10, 0x80, 0xE5, 0x1E, 0xFF, 0x2F, 0xE1,
    0x00, 0x00, 0x00, 0x00, 0x00, 0x00, 0x50, 0x43, 0xFF, 0xFF, 0xEF, 0x7F, 0x00, 0x00, 0xF0, 0x7F,
    0x80, 0x40, 0x2D, 0xE9, 0x02, 0x40, 0xA0, 0xE1, 0x10, 0xD0, 0x4D, 0xE2, 0x01, 0x50, 0xA0, 0xE1,
    0x03, 0x60, 0xA0, 0xE1, 0x00, 0x70, 0xA0, 0xE1, 0xC5, 0x12, 0x00, 0xEB, 0x00, 0x00, 0x54, 0xE3,
    0x28, 0x10, 0x9F, 0x05, 0x28, 0x10, 0x9F, 0x15, 0x01, 0x40, 0xA0, 0x01, 0x0C, 0x00, 0x90, 0xE5,
    0x07, 0x30, 0xA0, 0xE1, 0x06, 0x20, 0xA0, 0xE1, 0x04, 0x10, 0x8D, 0xE5, 0x08, 0x40, 0x8D, 0xE5,
    0x10, 0x10, 0x9F, 0xE5, 0x00, 0x50, 0x8D, 0xE5, 0xC8, 0x03, 0x00, 0xEB, 0x4F, 0x05, 0x00, 0xEB,
    0x40, 0x82, 0x11, 0x00, 0x34, 0x82, 0x11, 0x00, 0x44, 0x82, 0x11, 0x00, 0x44, 0x30, 0x90, 0xE5,
    0x70, 0x40, 0x2D, 0xE9, 0x00, 0x00, 0x53, 0xE3, 0x00, 0x50, 0xA0, 0xE1, 0x01, 0x40, 0xA0, 0xE1,
    0x08, 0x00, 0x00, 0x0A, 0x04, 0x01, 0x93, 0xE7, 0x00, 0x00, 0x50, 0xE3, 0x0E, 0x00, 0x00, 0x0A,
    0x00, 0x20, 0x90, 0xE5, 0x04, 0x21, 0x83, 0xE7, 0x00, 0x30, 0xA0, 0xE3, 0x0C, 0x30, 0x80, 0xE5,
    0x10, 0x30, 0x80, 0xE5, 0x70, 0x80, 0xBD, 0xE8, 0x21, 0x20, 0xA0, 0xE3, 0x04, 0x10, 0xA0, 0xE3,
    0x3F, 0x05, 0x00, 0xEB, 0x00, 0x00, 0x50, 0xE3, 0x00, 0x30, 0xA0, 0xE1, 0x44, 0x00, 0x85, 0xE5,
    0xEF, 0xFF, 0xFF, 0x1A, 0x00, 0x00, 0xA0, 0xE3, 0x70, 0x80, 0xBD, 0xE8, 0x01, 0x10, 0xA0, 0xE3,
    0x05, 0x00, 0xA0, 0xE1, 0x11, 0x54, 0xA0, 0xE1, 0x05, 0x20, 0x85, 0xE2, 0x02, 0x21, 0xA0, 0xE1,
    0x33, 0x05, 0x00, 0xEB, 0x00, 0x00, 0x50, 0xE3, 0xF5, 0xFF, 0xFF, 0x0A, 0xF4, 0x40, 0xC0, 0xE1,
    0xE8, 0xFF, 0xFF, 0xEA, 0x00, 0x00, 0x51, 0xE3, 0x44, 0x30, 0x90, 0x15, 0x04, 0x20, 0x91, 0x15,
    0x02, 0x01, 0x93, 0x17, 0x00, 0x00, 0x81, 0x15, 0x02, 0x11, 0x83, 0x17, 0x1E, 0xFF, 0x2F, 0xE1,
    0xF0, 0x41, 0x2D, 0xE9, 0x02, 0x70, 0xA0, 0xE1, 0x01, 0x60, 0xA0, 0xE1, 0x00, 0x20, 0xA0, 0xE3,
    0x03, 0x40, 0xA0, 0xE1, 0x10, 0x50, 0x91, 0xE5, 0x14, 0xE0, 0x81, 0xE2, 0x00, 0x10, 0x9E, 0xE5,
    0x01, 0x20, 0x82, 0xE2, 0x71, 0x30, 0xFF, 0xE6, 0x97, 0x43, 0x23, 0xE0, 0x21, 0x18, 0xA0, 0xE1,
    0x23, 0xC8, 0xA0, 0xE1, 0x97, 0xC1, 0x2C, 0xE0, 0x73, 0x30, 0xFF, 0xE6, 0x0C, 0x38, 0x83, 0xE0,
    0x02, 0x00, 0x55, 0xE1, 0x2C, 0x48, 0xA0, 0xE1, 0x04, 0x30, 0x8E, 0xE4, 0xF2, 0xFF, 0xFF, 0xCA,
    0x00, 0x00, 0x54, 0xE3, 0x06, 0x00, 0x00, 0x0A, 0x08, 0x30, 0x96, 0xE5, 0x05, 0x00, 0x53, 0xE1,
    0x05, 0x00, 0x00, 0xDA, 0x05, 0x31, 0x86, 0xE0, 0x01, 0x50, 0x85, 0xE2, 0x14, 0x40, 0x83, 0xE5,
    0x10, 0x50, 0x86, 0xE5, 0x06, 0x00, 0xA0, 0xE1, 0xF0, 0x81, 0xBD, 0xE8, 0x04, 0x10, 0x96, 0xE5,
    0x00, 0x80, 0xA0, 0xE1, 0x01, 0x10, 0x81, 0xE2, 0xB3, 0xFF, 0xFF, 0xEB, 0x00, 0x70, 0x50, 0xE2,
    0x10, 0x00, 0x00, 0x0A, 0x10, 0x20, 0x96, 0xE5, 0x0C, 0x10, 0x86, 0xE2, 0x02, 0x20, 0x82, 0xE2,
    0x02, 0x21, 0xA0, 0xE1, 0x0C, 0x00, 0x87, 0xE2, 0xB1, 0xE0, 0xFF, 0xEB, 0x44, 0x30, 0x98, 0xE5,
    0x04, 0x20, 0x96, 0xE5, 0x02, 0x11, 0x93, 0xE7, 0x00, 0x10, 0x86, 0xE5, 0x02, 0x61, 0x83, 0xE7,
    0x07, 0x60, 0xA0, 0xE1, 0x05, 0x31, 0x86, 0xE0, 0x01, 0x50, 0x85, 0xE2, 0x14, 0x40, 0x83, 0xE5,
    0x10, 0x50, 0x86, 0xE5, 0xE6, 0xFF, 0xFF, 0xEA, 0x07, 0x20, 0xA0, 0xE1, 0xBA, 0x10, 0xA0, 0xE3,
    0x04, 0x30, 0x9F, 0xE5, 0x04, 0x00, 0x9F, 0xE5, 0x84, 0xFF, 0xFF, 0xEB, 0xAC, 0x81, 0x11, 0x00,
    0x74, 0x82, 0x11, 0x00, 0x01, 0x08, 0x50, 0xE3, 0x00, 0x30, 0xA0, 0xE1, 0x10, 0x00, 0xA0, 0x33,
    0x13, 0x30, 0xA0, 0x31, 0x00, 0x00, 0xA0, 0x23, 0x01, 0x04, 0x53, 0xE3, 0x03, 0x34, 0xA0, 0x31,
    0x08, 0x00, 0x80, 0x32, 0x1F, 0x02, 0x73, 0xE3, 0x05, 0x00, 0x00, 0x9A, 0x07, 0x01, 0x73, 0xE3,
    0x0D, 0x00, 0x00, 0x8A, 0x02, 0x02, 0x13, 0xE3, 0x0F, 0x00, 0x00, 0x1A, 0x03, 0x00, 0x80, 0xE2,
    0x1E, 0xFF, 0x2F, 0xE1, 0x03, 0x22, 0xA0, 0xE1, 0x07, 0x01, 0x72, 0xE3, 0x04, 0x00, 0x80, 0xE2,
    0x06, 0x00, 0x00, 0x8A, 0x03, 0x33, 0xB0, 0xE1, 0x07, 0x00, 0x00, 0x4A, 0x01, 0x01, 0x13, 0xE3,
    0xF5, 0xFF, 0xFF, 0x1A, 0x20, 0x00, 0xA0, 0xE3, 0x1E, 0xFF, 0x2F, 0xE1, 0x03, 0x20, 0xA0, 0xE1,
    0x00, 0x00, 0x52, 0xE3, 0x01, 0x00, 0x80, 0xA2, 0x1E, 0xFF, 0x2F, 0xE1, 0x02, 0x00, 0x80, 0xE2,
    0x1E, 0xFF, 0x2F, 0xE1, 0x00, 0x30, 0x90, 0xE5, 0x07, 0x00, 0x13, 0xE3, 0x0A, 0x00, 0x00, 0x0A,
    0x01, 0x00, 0x13, 0xE3, 0x00, 0x20, 0xA0, 0x13, 0x05, 0x00, 0x00, 0x1A, 0x02, 0x00, 0x13, 0xE3,
    0x01, 0x20, 0xA0, 0x13, 0x02, 0x20, 0xA0, 0x03, 0xA3, 0x30, 0xA0, 0x11, 0x23, 0x31, 0xA0, 0x01,
    0x00, 0x30, 0x80, 0xE5, 0x02, 0x00, 0xA0, 0xE1, 0x1E, 0xFF, 0x2F, 0xE1, 0x73, 0x20, 0xFF, 0xE6,
    0x00, 0x00, 0x52, 0xE3, 0x11, 0x00, 0x00, 0x1A, 0x23, 0x38, 0xA0, 0xE1, 0x73, 0x20, 0xEF, 0xE6,
    0x00, 0x00, 0x52, 0xE3, 0x18, 0x20, 0xA0, 0x03, 0x1E, 0x00, 0x00, 0x1A, 0x23, 0x34, 0xA0, 0xE1,
    0x0F, 0x00, 0x13, 0xE3, 0x04, 0x20, 0x82, 0x02, 0x0E, 0x00, 0x00, 0x0A, 0x03, 0x00, 0x13, 0xE3,
    0x0F, 0x00, 0x00, 0x0A, 0x01, 0x10, 0x03, 0xE2, 0x00, 0x00, 0x51, 0xE3, 0xA3, 0x30, 0xA0, 0x01,
    0x01, 0x20, 0x82, 0x02, 0x00, 0x30, 0x80, 0xE5, 0x02, 0x00, 0xA0, 0xE1, 0x1E, 0xFF, 0x2F, 0xE1,
    0x73, 0x20, 0xEF, 0xE6, 0x00, 0x00, 0x52, 0xE3, 0x10, 0x00, 0x00, 0x0A, 0x0F, 0x00, 0x13, 0xE3,
    0x10, 0x00, 0x00, 0x1A, 0x04, 0x20, 0xA0, 0xE3, 0x23, 0x32, 0xA0, 0xE1, 0x03, 0x00, 0x13, 0xE3,
    0xEF, 0xFF, 0xFF, 0x1A, 0x04, 0x00, 0x13, 0xE3, 0x02, 0x20, 0x82, 0x12, 0x23, 0x31, 0xA0, 0x11,
    0xEF, 0xFF, 0xFF, 0x1A, 0xA3, 0x31, 0xB0, 0xE1, 0x20, 0x20, 0xA0, 0x03, 0xD8, 0xFF, 0xFF, 0x0A,
    0x03, 0x20, 0x82, 0xE2, 0xEA, 0xFF, 0xFF, 0xEA, 0x10, 0x20, 0xA0, 0xE3, 0xDF, 0xFF, 0xFF, 0xEA,
    0x08, 0x20, 0xA0, 0xE3, 0xDC, 0xFF, 0xFF, 0xEA, 0x03, 0x20, 0xA0, 0xE3, 0x33, 0x32, 0xA0, 0xE1,
    0xE3, 0xFF, 0xFF, 0xEA, 0x44, 0x30, 0x90, 0xE5, 0x70, 0x40, 0x2D, 0xE9, 0x00, 0x00, 0x53, 0xE3,
    0x00, 0x40, 0xA0, 0xE1, 0x01, 0x50, 0xA0, 0xE1, 0x09, 0x00, 0x00, 0x0A, 0x04, 0x00, 0x93, 0xE5,
    0x00, 0x00, 0x50, 0xE3, 0x12, 0x00, 0x00, 0x0A, 0x00, 0x20, 0x90, 0xE5, 0x04, 0x20, 0x83, 0xE5,
    0x00, 0x20, 0xA0, 0xE3, 0x01, 0x30, 0xA0, 0xE3, 0x14, 0x50, 0x80, 0xE5, 0xFC, 0x20, 0xC0, 0xE1,
    0x70, 0x80, 0xBD, 0xE8, 0x21, 0x20, 0xA0, 0xE3, 0x04, 0x10, 0xA0, 0xE3, 0x7C, 0x04, 0x00, 0xEB,
    0x00, 0x00, 0x50, 0xE3, 0x00, 0x30, 0xA0, 0xE1, 0x44, 0x00, 0x84, 0xE5, 0xEE, 0xFF, 0xFF, 0x1A,
    0x00, 0x20, 0xA0, 0xE3, 0x30, 0x30, 0x9F, 0xE5, 0x30, 0x10, 0x9F, 0xE5, 0x30, 0x00, 0x9F, 0xE5,
    0x0A, 0xFF, 0xFF, 0xEB, 0x1C, 0x20, 0xA0, 0xE3, 0x01, 0x10, 0xA0, 0xE3, 0x04, 0x00, 0xA0, 0xE1,
    0x6F, 0x04, 0x00, 0xEB, 0x00, 0x00, 0x50, 0xE3, 0xF4, 0xFF, 0xFF, 0x0A, 0x01, 0x20, 0xA0, 0xE3,
    0x02, 0x30, 0xA0, 0xE3, 0xF4, 0x20, 0xC0, 0xE1, 0xE4, 0xFF, 0xFF, 0xEA, 0xAC, 0x81, 0x11, 0x00,
    0x45, 0x01, 0x00, 0x00, 0x74, 0x82, 0x11, 0x00, 0xF0, 0x4F, 0x2D, 0xE9, 0x10, 0x30, 0x92, 0xE5,
    0x10, 0x70, 0x91, 0xE5, 0x14, 0xD0, 0x4D, 0xE2, 0x03, 0x00, 0x57, 0xE1, 0x02, 0x80, 0xA0, 0xB1,
    0x01, 0x80, 0xA0, 0xA1, 0x03, 0x00, 0x57, 0xE1, 0x01, 0x60, 0xA0, 0xB1, 0x02, 0x60, 0xA0, 0xA1,
    0x03, 0x00, 0x57, 0xE1, 0x03, 0x50, 0xA0, 0xB1, 0x07, 0x50, 0xA0, 0xA1, 0x03, 0x00, 0x57, 0xE1,
    0x03, 0x70, 0xA0, 0xA1, 0x0A, 0x00, 0x98, 0xE9, 0x07, 0x40, 0x85, 0xE0, 0x04, 0x00, 0x53, 0xE1,
    0x01, 0x10, 0x81, 0xB2, 0x00, 0xFF, 0xFF, 0xEB, 0x00, 0x00, 0x50, 0xE3, 0x6D, 0x00, 0x00, 0x0A,
    0x14, 0x10, 0x80, 0xE2, 0x04, 0xC1, 0x81, 0xE0, 0x0C, 0x00, 0x51, 0xE1, 0x01, 0x30, 0xA0, 0x31,
    0x00, 0xE0, 0xA0, 0x33, 0x02, 0x00, 0x00, 0x2A, 0x04, 0xE0, 0x83, 0xE4, 0x03, 0x00, 0x5C, 0xE1,
    0xFC, 0xFF, 0xFF, 0x8A, 0x14, 0x60, 0x86, 0xE2, 0x07, 0x21, 0x86, 0xE0, 0x02, 0x00, 0x56, 0xE1,
    0x55, 0x00, 0x00, 0x2A, 0x14, 0x70, 0x88, 0xE2, 0x05, 0x51, 0x87, 0xE0, 0x15, 0x30, 0x88, 0xE2,
    0x08, 0x80, 0x45, 0xE0, 0x05, 0x00, 0x53, 0xE1, 0x15, 0x80, 0x48, 0xE2, 0x08, 0xC0, 0x8D, 0xE5,
    0x00, 0xB0, 0xA0, 0xE1, 0x00, 0xC0, 0xA0, 0x83, 0x01, 0xC0, 0xA0, 0x93, 0x28, 0xA1, 0xA0, 0xE1,
    0x0C, 0x40, 0x8D, 0xE5, 0x04, 0x00, 0x00, 0xEA, 0x2E, 0xE8, 0xB0, 0xE1, 0x25, 0x00, 0x00, 0x1A,
    0x06, 0x00, 0x52, 0xE1, 0x04, 0x10, 0x81, 0xE2, 0x40, 0x00, 0x00, 0x9A, 0x04, 0xE0, 0x96, 0xE4,
    0x7E, 0x90, 0xFF, 0xE6, 0x00, 0x00, 0x59, 0xE3, 0xF6, 0xFF, 0xFF, 0x0A, 0x07, 0x80, 0xA0, 0xE1,
    0x01, 0x40, 0xA0, 0xE1, 0x00, 0x30, 0xA0, 0xE3, 0x00, 0x20, 0x8D, 0xE5, 0x04, 0x10, 0x8D, 0xE5,
    0x04, 0x00, 0x98, 0xE4, 0x00, 0x10, 0x94, 0xE5, 0x70, 0xE0, 0xFF, 0xE6, 0x71, 0x20, 0xFF, 0xE6,
    0x99, 0x2E, 0x22, 0xE0, 0x20, 0x08, 0xA0, 0xE1, 0x21, 0x18, 0xA0, 0xE1, 0x99, 0x10, 0x21, 0xE0,
    0x03, 0x20, 0x82, 0xE0, 0x22, 0x18, 0x81, 0xE0, 0x72, 0x20, 0xFF, 0xE6, 0x01, 0x28, 0x82, 0xE1,
    0x08, 0x00, 0x55, 0xE1, 0x04, 0x20, 0x84, 0xE4, 0x21, 0x38, 0xA0, 0xE1, 0xEF, 0xFF, 0xFF, 0x8A,
    0x00, 0x00, 0x5C, 0xE3, 0x00, 0x00, 0xA0, 0x03, 0x0A, 0x01, 0xA0, 0x11, 0x04, 0x10, 0x9D, 0xE5,
    0x00, 0x20, 0x9D, 0xE5, 0x00, 0x00, 0x81, 0xE0, 0x04, 0x30, 0x80, 0xE5, 0x04, 0xE0, 0x16, 0xE5,
    0x2E, 0xE8, 0xB0, 0xE1, 0xD9, 0xFF, 0xFF, 0x0A, 0x00, 0x30, 0x91, 0xE5, 0x07, 0x40, 0xA0, 0xE1,
    0x03, 0x90, 0xA0, 0xE1, 0x01, 0x80, 0xA0, 0xE1, 0x00, 0x00, 0xA0, 0xE3, 0x00, 0x20, 0x8D, 0xE5,
    0x73, 0x20, 0xFF, 0xE6, 0xB0, 0x30, 0xD4, 0xE1, 0x9E, 0x03, 0x23, 0xE0, 0x29, 0x38, 0x83, 0xE0,
    0x03, 0x28, 0x82, 0xE1, 0x04, 0x20, 0x88, 0xE4, 0x04, 0x00, 0x94, 0xE4, 0x00, 0x90, 0x98, 0xE5,
    0x20, 0x08, 0xA0, 0xE1, 0x79, 0x20, 0xFF, 0xE6, 0x9E, 0x20, 0x22, 0xE0, 0x04, 0x00, 0x55, 0xE1,
    0x23, 0x38, 0x82, 0xE0, 0x23, 0x08, 0xA0, 0xE1, 0xF0, 0xFF, 0xFF, 0x8A, 0x00, 0x00, 0x5C, 0xE3,
    0x00, 0x00, 0xA0, 0x03, 0x0A, 0x01, 0xA0, 0x11, 0x00, 0x20, 0x9D, 0xE5, 0x00, 0x00, 0x81, 0xE0,
    0x06, 0x00, 0x52, 0xE1, 0x04, 0x30, 0x80, 0xE5, 0x04, 0x10, 0x81, 0xE2, 0xBE, 0xFF, 0xFF, 0x8A,
    0x0B, 0x00, 0xA0, 0xE1, 0x08, 0xC0, 0x9D, 0xE5, 0x0C, 0x40, 0x9D, 0xE5, 0x00, 0x00, 0x54, 0xE3,
    0x02, 0x00, 0x00, 0xCA, 0x04, 0x00, 0x00, 0xEA, 0x01, 0x40, 0x54, 0xE2, 0x02, 0x00, 0x00, 0x0A,
    0x04, 0x30, 0x3C, 0xE5, 0x00, 0x00, 0x53, 0xE3, 0xFA, 0xFF, 0xFF, 0x0A, 0x10, 0x40, 0x80, 0xE5,
    0x14, 0xD0, 0x8D, 0xE2, 0xF0, 0x8F, 0xBD, 0xE8, 0x00, 0x20, 0xA0, 0xE1, 0x08, 0x30, 0x9F, 0xE5,
    0x08, 0x10, 0x9F, 0xE5, 0x08, 0x00, 0x9F, 0xE5, 0x74, 0xFE, 0xFF, 0xEB, 0xAC, 0x81, 0x11, 0x00,
    0x62, 0x01, 0x00, 0x00, 0x74, 0x82, 0x11, 0x00, 0x03, 0x30, 0x12, 0xE2, 0xF0, 0x41, 0x2D, 0xE9,
    0x02, 0x40, 0xA0, 0xE1, 0x00, 0x70, 0xA0, 0xE1, 0x01, 0x60, 0xA0, 0x01, 0x27, 0x00, 0x00, 0x1A,
    0x44, 0x41, 0xB0, 0xE1, 0x23, 0x00, 0x00, 0x0A, 0x40, 0x50, 0x97, 0xE5, 0x00, 0x00, 0x55, 0xE3,
    0x04, 0x00, 0x00, 0x1A, 0x28, 0x00, 0x00, 0xEA, 0x00, 0x00, 0x95, 0xE5, 0x00, 0x00, 0x50, 0xE3,
    0x14, 0x00, 0x00, 0x0A, 0x00, 0x50, 0xA0, 0xE1, 0x01, 0x30, 0x04, 0xE2, 0x00, 0x00, 0x53, 0xE3,
    0xC4, 0x40, 0xA0, 0xE1, 0xF7, 0xFF, 0xFF, 0x0A, 0x05, 0x20, 0xA0, 0xE1, 0x06, 0x10, 0xA0, 0xE1,
    0x07, 0x00, 0xA0, 0xE1, 0x5B, 0xFF, 0xFF, 0xEB, 0x00, 0x00, 0x56, 0xE3, 0x44, 0x30, 0x97, 0x15,
    0x04, 0x20, 0x96, 0x15, 0x02, 0x11, 0x93, 0x17, 0x00, 0x10, 0x86, 0x15, 0x02, 0x61, 0x83, 0x17,
    0x00, 0x00, 0x54, 0xE3, 0xF0, 0x81, 0xBD, 0x08, 0x00, 0x60, 0xA0, 0xE1, 0x00, 0x00, 0x95, 0xE5,
    0x00, 0x00, 0x50, 0xE3, 0xEA, 0xFF, 0xFF, 0x1A, 0x05, 0x20, 0xA0, 0xE1, 0x05, 0x10, 0xA0, 0xE1,
    0x07, 0x00, 0xA0, 0xE1, 0x4B, 0xFF, 0xFF, 0xEB, 0x00, 0x30, 0xA0, 0xE3, 0x00, 0x00, 0x85, 0xE5,
    0x00, 0x30, 0x80, 0xE5, 0xE2, 0xFF, 0xFF, 0xEA, 0x06, 0x00, 0xA0, 0xE1, 0xF0, 0x81, 0xBD, 0xE8,
    0x5C, 0x20, 0x9F, 0xE5, 0x01, 0x30, 0x43, 0xE2, 0x03, 0x21, 0x92, 0xE7, 0x00, 0x30, 0xA0, 0xE3,
    0x7E, 0xFE, 0xFF, 0xEB, 0x00, 0x60, 0xA0, 0xE1, 0xD0, 0xFF, 0xFF, 0xEA, 0x01, 0x10, 0xA0, 0xE3,
    0x07, 0x00, 0xA0, 0xE1, 0x50, 0xFE, 0xFF, 0xEB, 0x00, 0x50, 0x50, 0xE2, 0x07, 0x00, 0x00, 0x0A,
    0x30, 0x30, 0x9F, 0xE5, 0x01, 0x20, 0xA0, 0xE3, 0x14, 0x30, 0x85, 0xE5, 0x00, 0x30, 0xA0, 0xE3,
    0x10, 0x20, 0x85, 0xE5, 0x40, 0x50, 0x87, 0xE5, 0x00, 0x30, 0x85, 0xE5, 0xCD, 0xFF, 0xFF, 0xEA,
    0x05, 0x20, 0xA0, 0xE1, 0x10, 0x30, 0x9F, 0xE5, 0x10, 0x10, 0x9F, 0xE5, 0x10, 0x00, 0x9F, 0xE5,
    0x2A, 0xFE, 0xFF, 0xEB, 0x14, 0x93, 0x11, 0x00, 0x71, 0x02, 0x00, 0x00, 0xAC, 0x81, 0x11, 0x00,
    0x45, 0x01, 0x00, 0x00, 0x74, 0x82, 0x11, 0x00, 0xF0, 0x47, 0x2D, 0xE9, 0x01, 0x50, 0xA0, 0xE1,
    0x10, 0x60, 0x95, 0xE5, 0x08, 0x30, 0x95, 0xE5, 0xC2, 0x62, 0x86, 0xE0, 0x01, 0x40, 0x86, 0xE2,
    0x03, 0x00, 0x54, 0xE1, 0x02, 0x90, 0xA0, 0xE1, 0x00, 0x70, 0xA0, 0xE1, 0x04, 0x10, 0x91, 0xE5,
    0xC2, 0x82, 0xA0, 0xE1, 0x03, 0x00, 0x00, 0xDA, 0x83, 0x30, 0xA0, 0xE1, 0x03, 0x00, 0x54, 0xE1,
    0x01, 0x10, 0x81, 0xE2, 0xFB, 0xFF, 0xFF, 0xCA, 0x07, 0x00, 0xA0, 0xE1, 0x2A, 0xFE, 0xFF, 0xEB,
    0x00, 0x00, 0x50, 0xE3, 0x31, 0x00, 0x00, 0x0A, 0x00, 0x00, 0x58, 0xE3, 0x14, 0xE0, 0x80, 0xE2,
    0x07, 0x00, 0x00, 0xDA, 0x0E, 0x30, 0xA0, 0xE1, 0x00, 0xC0, 0xA0, 0xE3, 0x05, 0x10, 0x88, 0xE2,
    0x01, 0x11, 0x80, 0xE0, 0x04, 0xC0, 0x83, 0xE4, 0x01, 0x00, 0x53, 0xE1, 0xFC, 0xFF, 0xFF, 0x1A,
    0x08, 0xE1, 0x8E, 0xE0, 0x10, 0x80, 0x95, 0xE5, 0x14, 0x30, 0x85, 0xE2, 0x1F, 0x90, 0x19, 0xE2,
    0x08, 0x81, 0x83, 0xE0, 0x1B, 0x00, 0x00, 0x0A, 0x0E, 0x20, 0xA0, 0xE1, 0x00, 0x10, 0xA0, 0xE3,
    0x20, 0xA0, 0x69, 0xE2, 0x00, 0xC0, 0x93, 0xE5, 0x1C, 0x19, 0x81, 0xE1, 0x04, 0x10, 0x82, 0xE4,
    0x04, 0x10, 0x93, 0xE4, 0x03, 0x00, 0x58, 0xE1, 0x31, 0x1A, 0xA0, 0xE1, 0xF8, 0xFF, 0xFF, 0x8A,
    0x05, 0x30, 0x48, 0xE0, 0x15, 0x20, 0x85, 0xE2, 0x02, 0x00, 0x58, 0xE1, 0x15, 0x30, 0x43, 0xE2,
    0x03, 0x30, 0xC3, 0xE3, 0x00, 0x30, 0xA0, 0x33, 0x00, 0x00, 0x51, 0xE3, 0x04, 0x30, 0x83, 0xE2,
    0x03, 0x10, 0x8E, 0xE7, 0x00, 0x00, 0x00, 0x1A, 0x06, 0x40, 0xA0, 0xE1, 0x44, 0x30, 0x97, 0xE5,
    0x04, 0x20, 0x95, 0xE5, 0x10, 0x40, 0x80, 0xE5, 0x02, 0x11, 0x93, 0xE7, 0x00, 0x10, 0x85, 0xE5,
    0x02, 0x51, 0x83, 0xE7, 0xF0, 0x87, 0xBD, 0xE8, 0x04, 0x10, 0x4E, 0xE2, 0x04, 0x20, 0x93, 0xE4,
    0x03, 0x00, 0x58, 0xE1, 0x04, 0x20, 0xA1, 0xE5, 0xFB, 0xFF, 0xFF, 0x8A, 0xF1, 0xFF, 0xFF, 0xEA,
    0x00, 0x20, 0xA0, 0xE1, 0x08, 0x30, 0x9F, 0xE5, 0x08, 0x10, 0x9F, 0xE5, 0x08, 0x00, 0x9F, 0xE5,
    0xDA, 0xFD, 0xFF, 0xEB, 0xAC, 0x81, 0x11, 0x00, 0xDE, 0x01, 0x00, 0x00, 0x74, 0x82, 0x11, 0x00,
    0x04, 0xE0, 0x2D, 0xE5, 0x10, 0x20, 0x91, 0xE5, 0x00, 0xE0, 0xA0, 0xE1, 0x10, 0x00, 0x90, 0xE5,
    0x02, 0x00, 0x50, 0xE0, 0x04, 0xF0, 0x9D, 0x14, 0x14, 0xE0, 0x8E, 0xE2, 0x14, 0x10, 0x81, 0xE2,
    0x02, 0x31, 0x8E, 0xE0, 0x02, 0x11, 0x81, 0xE0, 0x01, 0x00, 0x00, 0xEA, 0x03, 0x00, 0x5E, 0xE1,
    0x04, 0xF0, 0x9D, 0x24, 0x04, 0xC0, 0x33, 0xE5, 0x04, 0x20, 0x31, 0xE5, 0x02, 0x00, 0x5C, 0xE1,
    0xF9, 0xFF, 0xFF, 0x0A, 0x01, 0x00, 0x00, 0x2A, 0x00, 0x00, 0xE0, 0xE3, 0x04, 0xF0, 0x9D, 0xE4,
    0x01, 0x00, 0xA0, 0xE3, 0x04, 0xF0, 0x9D, 0xE4, 0xF0, 0x4F, 0x2D, 0xE9, 0x10, 0xC0, 0x92, 0xE5,
    0x10, 0x40, 0x91, 0xE5, 0x01, 0x30, 0xA0, 0xE1, 0x0C, 0x40, 0x44, 0xE0, 0x00, 0x00, 0x54, 0xE3,
    0x02, 0x90, 0xA0, 0xE1, 0x0C, 0xD0, 0x4D, 0xE2, 0x0D, 0x00, 0x00, 0x1A, 0x14, 0x50, 0x81, 0xE2,
    0x14, 0x20, 0x82, 0xE2, 0x0C, 0x21, 0x82, 0xE0, 0x0C, 0xC1, 0x85, 0xE0, 0x01, 0x00, 0x00, 0xEA,
    0x0C, 0x00, 0x55, 0xE1, 0x5C, 0x00, 0x00, 0x2A, 0x04, 0xE0, 0x3C, 0xE5, 0x04, 0x10, 0x32, 0xE5,
    0x01, 0x00, 0x5E, 0xE1, 0xF9, 0xFF, 0xFF, 0x0A, 0x63, 0x00, 0x00, 0x2A, 0x01, 0x40, 0xA0, 0xE3,
    0x03, 0x00, 0x00, 0xEA, 0xFC, 0xFF, 0xFF, 0xBA, 0x00, 0x40, 0xA0, 0xE3, 0x01, 0x90, 0xA0, 0xE1,
    0x02, 0x30, 0xA0, 0xE1, 0x04, 0x10, 0x99, 0xE5, 0x04, 0x30, 0x8D, 0xE5, 0xBA, 0xFD, 0xFF, 0xEB,
    0x00, 0x70, 0x50, 0xE2, 0x04, 0x30, 0x9D, 0xE5, 0x5B, 0x00, 0x00, 0x0A, 0x14, 0x50, 0x87, 0xE2,
    0x14, 0x80, 0x89, 0xE2, 0x10, 0xE0, 0x99, 0xE5, 0x00, 0xC0, 0xA0, 0xE3, 0x0C, 0x40, 0x87, 0xE5,
    0x08, 0xA0, 0xA0, 0xE1, 0x05, 0x40, 0xA0, 0xE1, 0x10, 0x60, 0x93, 0xE5, 0x14, 0x00, 0x83, 0xE2,
    0x07, 0xB0, 0xA0, 0xE1, 0x04, 0x30, 0x8D, 0xE5, 0x0E, 0x70, 0xA0, 0xE1, 0x06, 0x61, 0x80, 0xE0,
    0x0E, 0xE1, 0x88, 0xE0, 0x10, 0x30, 0x89, 0xE2, 0x04, 0x90, 0x90, 0xE4, 0x04, 0x10, 0xB3, 0xE5,
    0x79, 0x20, 0xFF, 0xE6, 0x71, 0x80, 0xFF, 0xE6, 0x02, 0x80, 0x48, 0xE0, 0x29, 0x28, 0xA0, 0xE1,
    0x0C, 0x80, 0x88, 0xE0, 0x21, 0x28, 0x62, 0xE0, 0x48, 0x28, 0x82, 0xE0, 0x78, 0x80, 0xFF, 0xE6,
    0x02, 0x98, 0x88, 0xE1, 0x00, 0x00, 0x56, 0xE1, 0x42, 0xC8, 0xA0, 0xE1, 0x04, 0x90, 0x84, 0xE4,
    0xF0, 0xFF, 0xFF, 0x8A, 0x04, 0x30, 0x9D, 0xE5, 0x0E, 0x20, 0xA0, 0xE1, 0x03, 0x10, 0x46, 0xE0,
    0x15, 0x30, 0x83, 0xE2, 0x03, 0x00, 0x56, 0xE1, 0x15, 0x10, 0x41, 0xE2, 0x03, 0x10, 0xC1, 0xE3,
    0x00, 0x10, 0xA0, 0x33, 0x01, 0x40, 0x8A, 0xE0, 0x04, 0x40, 0x84, 0xE2, 0x05, 0x60, 0x81, 0xE0,
    0x04, 0x00, 0x52, 0xE1, 0x07, 0xE0, 0xA0, 0xE1, 0x04, 0x10, 0xA0, 0xE1, 0x0B, 0x70, 0xA0, 0xE1,
    0x06, 0x30, 0xA0, 0x91, 0x12, 0x00, 0x00, 0x9A, 0x0A, 0x50, 0x45, 0xE0, 0x04, 0x60, 0x86, 0xE2,
    0x0C, 0x90, 0xA0, 0xE1, 0x05, 0x80, 0x81, 0xE0, 0x04, 0x30, 0x91, 0xE4, 0x73, 0xC0, 0xFC, 0xE6,
    0x23, 0x08, 0xA0, 0xE1, 0x09, 0x90, 0x83, 0xE0, 0x4C, 0x08, 0x80, 0xE0, 0x79, 0x90, 0xFF, 0xE6,
    0x00, 0x98, 0x89, 0xE1, 0x01, 0x00, 0x52, 0xE1, 0x40, 0xC8, 0xA0, 0xE1, 0x00, 0x90, 0x88, 0xE5,
    0xF2, 0xFF, 0xFF, 0x8A, 0x01, 0x30, 0x42, 0xE2, 0x04, 0x30, 0x43, 0xE0, 0x03, 0x30, 0xC3, 0xE3,
    0x06, 0x30, 0x83, 0xE0, 0x00, 0x00, 0x59, 0xE3, 0x03, 0x00, 0x00, 0x1A, 0x04, 0x20, 0x33, 0xE5,
    0x01, 0xE0, 0x4E, 0xE2, 0x00, 0x00, 0x52, 0xE3, 0xFB, 0xFF, 0xFF, 0x0A, 0x10, 0xE0, 0x87, 0xE5,
    0x07, 0x00, 0xA0, 0xE1, 0x0C, 0xD0, 0x8D, 0xE2, 0xF0, 0x8F, 0xBD, 0xE8, 0x00, 0x10, 0xA0, 0xE3,
    0x69, 0xFD, 0xFF, 0xEB, 0x00, 0x70, 0x50, 0xE2, 0x01, 0x20, 0xA0, 0x13, 0x00, 0x30, 0xA0, 0x13,
    0xF0, 0x21, 0xC7, 0x11, 0xF5, 0xFF, 0xFF, 0x1A, 0x07, 0x20, 0xA0, 0xE1, 0x2C, 0x30, 0x9F, 0xE5,
    0x2C, 0x10, 0x9F, 0xE5, 0x2C, 0x00, 0x9F, 0xE5, 0x48, 0xFD, 0xFF, 0xEB, 0x09, 0x20, 0xA0, 0xE1,
    0x03, 0x90, 0xA0, 0xE1, 0x02, 0x30, 0xA0, 0xE1, 0x9D, 0xFF, 0xFF, 0xEA, 0x07, 0x20, 0xA0, 0xE1,
    0x08, 0x30, 0x9F, 0xE5, 0x10, 0x10, 0x9F, 0xE5, 0x08, 0x00, 0x9F, 0xE5, 0x3F, 0xFD, 0xFF, 0xEB,
    0xAC, 0x81, 0x11, 0x00, 0x37, 0x02, 0x00, 0x00, 0x74, 0x82, 0x11, 0x00, 0x45, 0x02, 0x00, 0x00,
    0xF0, 0x43, 0x2D, 0xE9, 0x01, 0x90, 0xA0, 0xE1, 0x0C, 0xD0, 0x4D, 0xE2, 0x01, 0x10, 0xA0, 0xE3,
    0x10, 0x6B, 0x57, 0xEC, 0x02, 0x80, 0xA0, 0xE1, 0x4B, 0xFD, 0xFF, 0xEB, 0x00, 0x40, 0x50, 0xE2,
    0x35, 0x00, 0x00, 0x0A, 0xE4, 0x50, 0x9F, 0xE5, 0xFF, 0x34, 0xC7, 0xE3, 0x27, 0x5A, 0x15, 0xE0,
    0x0F, 0x36, 0xC3, 0xE3, 0x01, 0x36, 0x83, 0x13, 0x00, 0x20, 0x56, 0xE2, 0x04, 0x30, 0x8D, 0xE5,
    0x11, 0x00, 0x00, 0x1A, 0x04, 0x00, 0x8D, 0xE2, 0xC5, 0xFD, 0xFF, 0xEB, 0x01, 0x10, 0xA0, 0xE3,
    0x04, 0x30, 0x9D, 0xE5, 0x00, 0x00, 0x55, 0xE3, 0x20, 0x00, 0x80, 0xE2, 0x14, 0x30, 0x84, 0xE5,
    0x10, 0x10, 0x84, 0xE5, 0x19, 0x00, 0x00, 0x0A, 0x43, 0x5E, 0x45, 0xE2, 0x03, 0x50, 0x45, 0xE2,
    0x00, 0x50, 0x85, 0xE0, 0x35, 0x00, 0x60, 0xE2, 0x00, 0x50, 0x89, 0xE5, 0x00, 0x00, 0x88, 0xE5,
    0x04, 0x00, 0xA0, 0xE1, 0x0C, 0xD0, 0x8D, 0xE2, 0xF0, 0x83, 0xBD, 0xE8, 0x0D, 0x00, 0xA0, 0xE1,
    0x00, 0x20, 0x8D, 0xE5, 0xB2, 0xFD, 0xFF, 0xEB, 0xD0, 0x20, 0xCD, 0xE1, 0x00, 0x00, 0x50, 0xE3,
    0x20, 0x10, 0x60, 0xE2, 0x13, 0x11, 0x82, 0xE1, 0x33, 0x30, 0xA0, 0x11, 0x01, 0x20, 0xA0, 0x11,
    0x00, 0x00, 0x53, 0xE3, 0x01, 0x10, 0xA0, 0x03, 0x02, 0x10, 0xA0, 0x13, 0x00, 0x00, 0x55, 0xE3,
    0x14, 0x20, 0x84, 0xE5, 0x18, 0x30, 0x84, 0xE5, 0x10, 0x10, 0x84, 0xE5, 0xE5, 0xFF, 0xFF, 0x1A,
    0x43, 0x0E, 0x40, 0xE2, 0x01, 0x31, 0x84, 0xE0, 0x02, 0x00, 0x40, 0xE2, 0x00, 0x00, 0x89, 0xE5,
    0x10, 0x00, 0x93, 0xE5, 0x7E, 0xFD, 0xFF, 0xEB, 0x81, 0x02, 0x60, 0xE0, 0x00, 0x00, 0x88, 0xE5,
    0x04, 0x00, 0xA0, 0xE1, 0x0C, 0xD0, 0x8D, 0xE2, 0xF0, 0x83, 0xBD, 0xE8, 0x04, 0x20, 0xA0, 0xE1,
    0x0C, 0x30, 0x9F, 0xE5, 0x0C, 0x10, 0x9F, 0xE5, 0x0C, 0x00, 0x9F, 0xE5, 0xF7, 0xFC, 0xFF, 0xEB,
    0xFF, 0x07, 0x00, 0x00, 0xAC, 0x81, 0x11, 0x00, 0x0F, 0x03, 0x00, 0x00, 0x74, 0x82, 0x11, 0x00,
    0xF0, 0x41, 0x2D, 0xE9, 0x00, 0x00, 0x51, 0xE3, 0x08, 0xD0, 0x4D, 0xE2, 0x04, 0x10, 0x8D, 0x02,
    0x00, 0x00, 0x52, 0xE3, 0x00, 0x70, 0xA0, 0xE1, 0x20, 0x00, 0x9D, 0xE5, 0x28, 0x00, 0x00, 0x0A,
    0x00, 0x00, 0x53, 0xE3, 0xC0, 0x00, 0x00, 0x0A, 0x00, 0xE0, 0x90, 0xE5, 0x00, 0x00, 0x5E, 0xE3,
    0x00, 0xC0, 0xD2, 0x05, 0x04, 0xC0, 0xD0, 0x15, 0x01, 0x60, 0xA0, 0x03, 0x00, 0x60, 0xA0, 0x13,
    0x00, 0x00, 0x5C, 0xE3, 0x1C, 0x00, 0x00, 0x0A, 0x7F, 0x00, 0x5C, 0xE3, 0x20, 0x00, 0x00, 0xDA,
    0xC0, 0x40, 0x4C, 0xE2, 0x1F, 0x00, 0x54, 0xE3, 0x24, 0x00, 0x00, 0x8A, 0x00, 0x00, 0x5E, 0xE3,
    0x04, 0xC0, 0xC0, 0xE5, 0x03, 0x00, 0x00, 0x1A, 0x01, 0x00, 0x53, 0xE3, 0x01, 0x30, 0xA0, 0xE3,
    0x00, 0x30, 0x80, 0xE5, 0xAC, 0x00, 0x00, 0x0A, 0x06, 0x30, 0xD2, 0xE7, 0x80, 0x20, 0x43, 0xE2,
    0x3F, 0x00, 0x52, 0xE3, 0x8E, 0x00, 0x00, 0x8A, 0xC1, 0x00, 0x5C, 0xE3, 0x8C, 0x00, 0x00, 0xDA,
    0x00, 0x20, 0xA0, 0xE3, 0x0C, 0xC3, 0xA0, 0xE1, 0x3F, 0x30, 0x03, 0xE2, 0x1F, 0xCD, 0x0C, 0xE2,
    0x03, 0xC0, 0x8C, 0xE1, 0x00, 0x20, 0x80, 0xE5, 0x01, 0x30, 0x86, 0xE2, 0x00, 0xC0, 0x81, 0xE5,
    0x03, 0x00, 0xA0, 0xE1, 0x08, 0xD0, 0x8D, 0xE2, 0xF0, 0x81, 0xBD, 0xE8, 0x00, 0xC0, 0x81, 0xE5,
    0x00, 0xC0, 0x80, 0xE5, 0x00, 0x30, 0xA0, 0xE3, 0x03, 0x00, 0xA0, 0xE1, 0x08, 0xD0, 0x8D, 0xE2,
    0xF0, 0x81, 0xBD, 0xE8, 0x00, 0x20, 0xA0, 0xE3, 0x01, 0x30, 0xA0, 0xE3, 0x00, 0x20, 0x80, 0xE5,
    0x03, 0x00, 0xA0, 0xE1, 0x00, 0xC0, 0x81, 0xE5, 0x08, 0xD0, 0x8D, 0xE2, 0xF0, 0x81, 0xBD, 0xE8,
    0xE0, 0x40, 0x4C, 0xE2, 0x0F, 0x00, 0x54, 0xE3, 0x15, 0x00, 0x00, 0x8A, 0x00, 0x00, 0x5E, 0xE3,
    0x04, 0xC0, 0xC0, 0xE5, 0x49, 0x00, 0x00, 0x1A, 0x01, 0xE0, 0xA0, 0xE3, 0x01, 0x00, 0x53, 0xE3,
    0x00, 0xE0, 0x80, 0xE5, 0x84, 0x00, 0x00, 0x0A, 0x06, 0xE0, 0xD2, 0xE7, 0xE0, 0x00, 0x5C, 0xE3,
    0x0E, 0x40, 0xA0, 0xE1, 0x82, 0x00, 0x00, 0x0A, 0x80, 0xE0, 0x44, 0xE2, 0x3F, 0x00, 0x5E, 0xE3,
    0x04, 0xE0, 0xA0, 0xE1, 0x62, 0x00, 0x00, 0x8A, 0x02, 0x00, 0x53, 0xE3, 0x02, 0x30, 0xA0, 0xE3,
    0x05, 0x40, 0xC0, 0xE5, 0x00, 0x30, 0x80, 0xE5, 0x77, 0x00, 0x00, 0x0A, 0x01, 0x60, 0x86, 0xE2,
    0x40, 0x00, 0x00, 0xEA, 0xF0, 0x40, 0x4C, 0xE2, 0x04, 0x00, 0x54, 0xE3, 0x58, 0x00, 0x00, 0x8A,
    0x00, 0x00, 0x5E, 0xE3, 0x04, 0xC0, 0xC0, 0xE5, 0x4A, 0x00, 0x00, 0x0A, 0x01, 0x00, 0x73, 0xE3,
    0x01, 0x30, 0x83, 0x12, 0x01, 0x00, 0x5E, 0xE3, 0x05, 0x40, 0xD0, 0x15, 0x04, 0x80, 0xA0, 0x11,
    0x48, 0x00, 0x00, 0x0A, 0xF0, 0x00, 0x5C, 0xE3, 0x4B, 0x00, 0x00, 0x0A, 0x8F, 0x00, 0x58, 0xE3,
    0x00, 0x40, 0xA0, 0xD3, 0x01, 0x40, 0xA0, 0xC3, 0xF4, 0x00, 0x5C, 0xE3, 0x00, 0x40, 0xA0, 0x13,
    0x00, 0x00, 0x54, 0xE3, 0x46, 0x00, 0x00, 0x1A, 0x80, 0x50, 0x48, 0xE2, 0x3F, 0x00, 0x55, 0xE3,
    0x43, 0x00, 0x00, 0x8A, 0x01, 0x00, 0x5E, 0xE3, 0x05, 0x80, 0xC0, 0xE5, 0x44, 0x00, 0x00, 0x0A,
    0x00, 0xE0, 0x90, 0xE5, 0x01, 0x00, 0x73, 0xE3, 0x01, 0x30, 0x83, 0x12, 0x02, 0x00, 0x5E, 0xE3,
    0x43, 0x00, 0x00, 0x0A, 0x06, 0xE0, 0xD0, 0xE5, 0x80, 0x30, 0x4E, 0xE2, 0x3F, 0x00, 0x53, 0xE3,
    0x37, 0x00, 0x00, 0x8A, 0x06, 0x50, 0xD2, 0xE7, 0x80, 0x30, 0x45, 0xE2, 0x3F, 0x00, 0x53, 0xE3,
    0x33, 0x00, 0x00, 0x8A, 0x0C, 0x39, 0xA0, 0xE1, 0x08, 0x26, 0xA0, 0xE1, 0x3F, 0x2A, 0x02, 0xE2,
    0x07, 0x37, 0x03, 0xE2, 0x0E, 0xE3, 0xA0, 0xE1, 0x02, 0x30, 0x83, 0xE1, 0x3F, 0xED, 0x0E, 0xE2,
    0x3F, 0x20, 0x05, 0xE2, 0x0E, 0x30, 0x83, 0xE1, 0x02, 0x30, 0x83, 0xE1, 0x00, 0x20, 0xA0, 0xE3,
    0x00, 0x30, 0x81, 0xE5, 0x01, 0x30, 0x86, 0xE2, 0x00, 0x20, 0x80, 0xE5, 0x9F, 0xFF, 0xFF, 0xEA,
    0x01, 0x00, 0x73, 0xE3, 0x01, 0x30, 0x83, 0x12, 0x01, 0x00, 0x5E, 0xE3, 0xB5, 0xFF, 0xFF, 0x0A,
    0xE0, 0x00, 0x5C, 0xE3, 0x05, 0xE0, 0xD0, 0xE5, 0x30, 0x00, 0x00, 0x0A, 0x80, 0x30, 0x4E, 0xE2,
    0x3F, 0x00, 0x53, 0xE3, 0x1A, 0x00, 0x00, 0x8A, 0x06, 0x30, 0xD2, 0xE7, 0x80, 0x20, 0x43, 0xE2,
    0x3F, 0x00, 0x52, 0xE3, 0x16, 0x00, 0x00, 0x8A, 0x0C, 0x26, 0xA0, 0xE1, 0x00, 0xC0, 0xA0, 0xE3,
    0x0E, 0xE3, 0xA0, 0xE1, 0x72, 0x20, 0xFF, 0xE6, 0x3F, 0xED, 0x0E, 0xE2, 0x3F, 0x30, 0x03, 0xE2,
    0x0E, 0x20, 0x82, 0xE1, 0x03, 0x20, 0x82, 0xE1, 0x00, 0xC0, 0x80, 0xE5, 0x01, 0x30, 0x86, 0xE2,
    0x00, 0x20, 0x81, 0xE5, 0x85, 0xFF, 0xFF, 0xEA, 0x01, 0xE0, 0xA0, 0xE3, 0x01, 0x00, 0x53, 0xE3,
    0x00, 0xE0, 0x80, 0xE5, 0x20, 0x00, 0x00, 0x0A, 0x06, 0x40, 0xD2, 0xE7, 0x01, 0xE0, 0xA0, 0xE3,
    0x04, 0x80, 0xA0, 0xE1, 0x01, 0x60, 0x86, 0xE2, 0xB1, 0xFF, 0xFF, 0xEA, 0x8F, 0x00, 0x58, 0xE3,
    0xB8, 0xFF, 0xFF, 0xCA, 0x8A, 0x20, 0xA0, 0xE3, 0x00, 0x30, 0xE0, 0xE3, 0x00, 0x20, 0x87, 0xE5,
    0x76, 0xFF, 0xFF, 0xEA, 0x02, 0xE0, 0xA0, 0xE3, 0x02, 0x00, 0x53, 0xE3, 0x00, 0xE0, 0x80, 0xE5,
    0x11, 0x00, 0x00, 0x0A, 0x06, 0xE0, 0xD2, 0xE7, 0x80, 0x40, 0x4E, 0xE2, 0x3F, 0x00, 0x54, 0xE3,
    0xF3, 0xFF, 0xFF, 0x8A, 0x03, 0x00, 0x53, 0xE3, 0x03, 0x30, 0xA0, 0xE3, 0x06, 0xE0, 0xC0, 0xE5,
    0x00, 0x30, 0x80, 0xE5, 0x08, 0x00, 0x00, 0x0A, 0x01, 0x60, 0x86, 0xE2, 0xB4, 0xFF, 0xFF, 0xEA,
    0x9F, 0x00, 0x5E, 0xE3, 0xEA, 0xFF, 0xFF, 0x9A, 0x80, 0x30, 0x4E, 0xE2, 0x3F, 0x00, 0x53, 0xE3,
    0xE7, 0xFF, 0xFF, 0x8A, 0x05, 0xE0, 0xC0, 0xE5, 0xCA, 0xFF, 0xFF, 0xEA, 0x01, 0x30, 0xE0, 0xE3,
    0x5E, 0xFF, 0xFF, 0xEA, 0x9F, 0x00, 0x5E, 0xE3, 0x7A, 0xFF, 0xFF, 0x8A, 0xE0, 0xFF, 0xFF, 0xEA,
    0x0E, 0x00, 0x2D, 0xE9, 0x04, 0xE0, 0x2D, 0xE5, 0x10, 0xD0, 0x4D, 0xE2, 0x18, 0x30, 0x8D, 0xE2,
    0x0C, 0x30, 0x8D, 0xE5, 0x04, 0x00, 0x8D, 0xE5, 0xE9, 0x0E, 0x00, 0xEB, 0x14, 0x20, 0x9D, 0xE5,
    0x04, 0x10, 0x9D, 0xE5, 0x0C, 0x30, 0x9D, 0xE5, 0xD5, 0x04, 0x00, 0xEB, 0x10, 0xD0, 0x8D, 0xE2,
    0x04, 0xE0, 0x9D, 0xE4, 0x0C, 0xD0, 0x8D, 0xE2, 0x1E, 0xFF, 0x2F, 0xE1, 0x08, 0x30, 0x92, 0xE5,
    0x00, 0x00, 0x53, 0xE3, 0xA6, 0x00, 0x00, 0x0A, 0xF0, 0x4F, 0x2D, 0xE9, 0xFC, 0xC0, 0xD1, 0xE1,
    0x01, 0x40, 0xA0, 0xE1, 0x08, 0x00, 0x1C, 0xE3, 0x00, 0xA0, 0xA0, 0xE1, 0x02, 0x80, 0xA0, 0xE1,
    0x0C, 0xD0, 0x4D, 0xE2, 0x21, 0x00, 0x00, 0x0A, 0x10, 0x30, 0x91, 0xE5, 0x00, 0x00, 0x53, 0xE3,
    0x1E, 0x00, 0x00, 0x0A, 0x02, 0x30, 0x1C, 0xE2, 0x00, 0x60, 0x98, 0xE5, 0x24, 0x00, 0x00, 0x0A,
    0x00, 0x90, 0xA0, 0xE3, 0x09, 0x50, 0xA0, 0xE1, 0x4C, 0x74, 0x9F, 0xE5, 0x00, 0x00, 0x55, 0xE3,
    0x12, 0x00, 0x00, 0x0A, 0x07, 0x00, 0x55, 0xE1, 0x05, 0x30, 0xA0, 0x31, 0x07, 0x30, 0xA0, 0x21,
    0x09, 0x20, 0xA0, 0xE1, 0x0A, 0x00, 0xA0, 0xE1, 0x24, 0xB0, 0x94, 0xE5, 0x1C, 0x10, 0x94, 0xE5,
    0x3B, 0xFF, 0x2F, 0xE1, 0x00, 0x00, 0x50, 0xE3, 0x84, 0x00, 0x00, 0xDA, 0x08, 0x30, 0x98, 0xE5,
    0x00, 0x90, 0x89, 0xE0, 0x00, 0x30, 0x43, 0xE0, 0x00, 0x00, 0x53, 0xE3, 0x08, 0x30, 0x88, 0xE5,
    0x76, 0x00, 0x00, 0x0A, 0x00, 0x50, 0x45, 0xE0, 0x00, 0x00, 0x55, 0xE3, 0xEC, 0xFF, 0xFF, 0x1A,
    0x00, 0x90, 0x96, 0xE5, 0x04, 0x50, 0x96, 0xE5, 0x08, 0x60, 0x86, 0xE2, 0xE6, 0xFF, 0xFF, 0xEA,
    0x04, 0x10, 0xA0, 0xE1, 0x0A, 0x00, 0xA0, 0xE1, 0xBA, 0xFA, 0xFF, 0xEB, 0x00, 0x00, 0x50, 0xE3,
    0x75, 0x00, 0x00, 0x1A, 0xFC, 0xC0, 0xD4, 0xE1, 0x00, 0x60, 0x98, 0xE5, 0x02, 0x30, 0x1C, 0xE2,
    0xDA, 0xFF, 0xFF, 0x1A, 0x01, 0x90, 0x1C, 0xE2, 0x73, 0x00, 0x00, 0x1A, 0x09, 0x50, 0xA0, 0xE1,
    0x00, 0x70, 0x94, 0xE5, 0x00, 0x00, 0x55, 0xE3, 0x3B, 0x00, 0x00, 0x0A, 0x02, 0x0C, 0x1C, 0xE3,
    0x07, 0x00, 0xA0, 0xE1, 0x08, 0xB0, 0x94, 0xE5, 0x40, 0x00, 0x00, 0x0A, 0x05, 0x00, 0x5B, 0xE1,
    0x0B, 0x20, 0xA0, 0xE1, 0xB6, 0x00, 0x00, 0x8A, 0x12, 0x0D, 0x1C, 0xE3, 0x22, 0x00, 0x00, 0x0A,
    0x10, 0x10, 0x94, 0xE5, 0x14, 0x30, 0x94, 0xE5, 0x01, 0x70, 0x47, 0xE0, 0x83, 0x30, 0x83, 0xE0,
    0x01, 0x20, 0x87, 0xE2, 0x05, 0x20, 0x82, 0xE0, 0xA3, 0x3F, 0x83, 0xE0, 0xC3, 0x00, 0x52, 0xE1,
    0x02, 0xB0, 0xA0, 0x81, 0xC3, 0xB0, 0xA0, 0x91, 0x01, 0x0B, 0x1C, 0xE3, 0x0B, 0x20, 0xA0, 0xE1,
    0xC2, 0x00, 0x00, 0x0A, 0x0B, 0x10, 0xA0, 0xE1, 0x0A, 0x00, 0xA0, 0xE1, 0x5B, 0xDF, 0xFF, 0xEB,
    0x00, 0x30, 0x50, 0xE2, 0xCC, 0x00, 0x00, 0x0A, 0x07, 0x20, 0xA0, 0xE1, 0x10, 0x10, 0x94, 0xE5,
    0x04, 0x30, 0x8D, 0xE5, 0xD6, 0xDC, 0xFF, 0xEB, 0xBC, 0x20, 0xD4, 0xE1, 0x04, 0x30, 0x9D, 0xE5,
    0x12, 0x2D, 0xC2, 0xE3, 0x80, 0x20, 0x82, 0xE3, 0xBC, 0x20, 0xC4, 0xE1, 0x07, 0x00, 0x83, 0xE0,
    0x14, 0xB0, 0x84, 0xE5, 0x07, 0x70, 0x4B, 0xE0, 0x05, 0x20, 0xA0, 0xE1, 0x05, 0xB0, 0xA0, 0xE1,
    0x10, 0x30, 0x84, 0xE5, 0x08, 0x70, 0x84, 0xE5, 0x00, 0x00, 0x84, 0xE5, 0x09, 0x10, 0xA0, 0xE1,
    0x04, 0x20, 0x8D, 0xE5, 0x48, 0x01, 0x00, 0xEB, 0x08, 0x30, 0x94, 0xE5, 0x00, 0x70, 0x94, 0xE5,
    0x0B, 0x30, 0x43, 0xE0, 0x08, 0x30, 0x84, 0xE5, 0x08, 0x30, 0x98, 0xE5, 0x04, 0x20, 0x9D, 0xE5,
    0x05, 0x30, 0x43, 0xE0, 0x02, 0x70, 0x87, 0xE0, 0x00, 0x00, 0x53, 0xE3, 0x00, 0x70, 0x84, 0xE5,
    0x08, 0x30, 0x88, 0xE5, 0x25, 0x00, 0x00, 0x0A, 0xFC, 0xC0, 0xD4, 0xE1, 0x04, 0x50, 0x96, 0xE5,
    0x00, 0x90, 0x96, 0xE5, 0x00, 0x00, 0x55, 0xE3, 0x08, 0x60, 0x86, 0xE2, 0xFA, 0xFF, 0xFF, 0x0A,
    0x02, 0x0C, 0x1C, 0xE3, 0x07, 0x00, 0xA0, 0xE1, 0x08, 0xB0, 0x94, 0xE5, 0xBE, 0xFF, 0xFF, 0x1A,
    0x10, 0x30, 0x94, 0xE5, 0x07, 0x00, 0x53, 0xE1, 0x61, 0x00, 0x00, 0x3A, 0x14, 0x10, 0x94, 0xE5,
    0x05, 0x00, 0x51, 0xE1, 0x5E, 0x00, 0x00, 0x8A, 0x06, 0x01, 0x75, 0xE3, 0x05, 0x70, 0xA0, 0x31,
    0x02, 0x71, 0xE0, 0x23, 0x07, 0x00, 0xA0, 0xE1, 0xC7, 0xB2, 0xFF, 0xEB, 0x09, 0x20, 0xA0, 0xE1,
    0x01, 0x30, 0x47, 0xE0, 0x0A, 0x00, 0xA0, 0xE1, 0x24, 0x70, 0x94, 0xE5, 0x1C, 0x10, 0x94, 0xE5,
    0x37, 0xFF, 0x2F, 0xE1, 0x00, 0xB0, 0x50, 0xE2, 0x10, 0x00, 0x00, 0xDA, 0x08, 0x30, 0x98, 0xE5,
    0x0B, 0x50, 0x45, 0xE0, 0x0B, 0x30, 0x43, 0xE0, 0x00, 0x00, 0x53, 0xE3, 0x08, 0x30, 0x88, 0xE5,
    0xFC, 0xC0, 0xD4, 0x11, 0x00, 0x70, 0x94, 0x15, 0x0B, 0x90, 0x89, 0x10, 0x9C, 0xFF, 0xFF, 0x1A,
    0x00, 0x00, 0xA0, 0xE3, 0x0C, 0xD0, 0x8D, 0xE2, 0xF0, 0x8F, 0xBD, 0xE8, 0x04, 0x10, 0xA0, 0xE1,
    0x0A, 0x00, 0xA0, 0xE1, 0xDC, 0xDE, 0xFF, 0xEB, 0x00, 0x00, 0x50, 0xE3, 0x28, 0x00, 0x00, 0x0A,
    0xFC, 0x30, 0xD4, 0xE1, 0x40, 0x30, 0x83, 0xE3, 0xBC, 0x30, 0xC4, 0xE1, 0x00, 0x00, 0xE0, 0xE3,
    0xF3, 0xFF, 0xFF, 0xEA, 0x00, 0x00, 0xA0, 0xE3, 0x1E, 0xFF, 0x2F, 0xE1, 0x03, 0x90, 0xA0, 0xE1,
    0x03, 0x00, 0xA0, 0xE1, 0x03, 0xB0, 0xA0, 0xE1, 0x03, 0x70, 0xA0, 0xE1, 0x23, 0x00, 0x00, 0xEA,
    0x00, 0x00, 0x50, 0xE3, 0x29, 0x00, 0x00, 0x0A, 0x09, 0x20, 0xA0, 0xE1, 0x02, 0x00, 0x57, 0xE1,
    0x07, 0x20, 0xA0, 0x31, 0x10, 0x10, 0x94, 0xE5, 0x14, 0x30, 0x94, 0xE5, 0x08, 0x50, 0x94, 0xE5,
    0x00, 0x00, 0x94, 0xE5, 0x05, 0x50, 0x83, 0xE0, 0x01, 0x00, 0x50, 0xE1, 0x00, 0x10, 0xA0, 0x93,
    0x01, 0x10, 0xA0, 0x83, 0x05, 0x00, 0x52, 0xE1, 0x00, 0x10, 0xA0, 0xD3, 0x00, 0x00, 0x51, 0xE3,
    0x46, 0x00, 0x00, 0x1A, 0x02, 0x00, 0x53, 0xE1, 0x38, 0x00, 0x00, 0xCA, 0x24, 0x50, 0x94, 0xE5,
    0x0B, 0x20, 0xA0, 0xE1, 0x0A, 0x00, 0xA0, 0xE1, 0x1C, 0x10, 0x94, 0xE5, 0x35, 0xFF, 0x2F, 0xE1,
    0x00, 0x50, 0x50, 0xE2, 0xD9, 0xFF, 0xFF, 0xDA, 0x05, 0x90, 0x59, 0xE0, 0x01, 0x00, 0xA0, 0x13,
    0xD1, 0xFF, 0xFF, 0x0A, 0x08, 0x30, 0x98, 0xE5, 0x05, 0x30, 0x43, 0xE0, 0x00, 0x00, 0x53, 0xE3,
    0x08, 0x30, 0x88, 0xE5, 0xC9, 0xFF, 0xFF, 0x0A, 0x05, 0xB0, 0x8B, 0xE0, 0x05, 0x70, 0x47, 0xE0,
    0x00, 0x00, 0x57, 0xE3, 0xD9, 0xFF, 0xFF, 0x1A, 0x04, 0x70, 0x96, 0xE5, 0x06, 0x30, 0xA0, 0xE1,
    0x00, 0x00, 0x57, 0xE3, 0x08, 0x60, 0x86, 0xE2, 0xFA, 0xFF, 0xFF, 0x0A, 0x00, 0xB0, 0x93, 0xE5,
    0x07, 0x20, 0xA0, 0xE1, 0x0A, 0x10, 0xA0, 0xE3, 0x0B, 0x00, 0xA0, 0xE1, 0xC5, 0xF9, 0xFF, 0xEB,
    0x00, 0x00, 0x50, 0xE3, 0x3D, 0x00, 0x00, 0x0A, 0x01, 0x00, 0x80, 0xE2, 0x0B, 0x90, 0x40, 0xE0,
    0xCC, 0xFF, 0xFF, 0xEA, 0x05, 0x00, 0x5B, 0xE1, 0x05, 0xB0, 0xA0, 0x21, 0x07, 0x00, 0xA0, 0xE1,
    0x09, 0x10, 0xA0, 0xE1, 0x0B, 0x20, 0xA0, 0xE1, 0xC7, 0x00, 0x00, 0xEB, 0x08, 0x30, 0x94, 0xE5,
    0x00, 0x70, 0x94, 0xE5, 0x0B, 0x30, 0x43, 0xE0, 0x0B, 0x70, 0x87, 0xE0, 0x00, 0x00, 0x53, 0xE3,
    0x08, 0x30, 0x84, 0xE5, 0x00, 0x70, 0x84, 0xE5, 0x9F, 0xFF, 0xFF, 0x1A, 0x04, 0x10, 0xA0, 0xE1,
    0x0A, 0x00, 0xA0, 0xE1, 0x88, 0xDE, 0xFF, 0xEB, 0x00, 0x00, 0x50, 0xE3, 0x9A, 0xFF, 0xFF, 0x0A,
    0xAA, 0xFF, 0xFF, 0xEA, 0x05, 0xB0, 0xA0, 0xE1, 0x05, 0x20, 0xA0, 0xE1, 0x6A, 0xFF, 0xFF, 0xEA,
    0x0B, 0x10, 0xA0, 0xE1, 0x04, 0x20, 0x8D, 0xE5, 0xB3, 0x00, 0x00, 0xEB, 0x04, 0x20, 0x9D, 0xE5,
    0x08, 0x30, 0x94, 0xE5, 0x02, 0x50, 0xA0, 0xE1, 0x02, 0x30, 0x43, 0xE0, 0x08, 0x30, 0x84, 0xE5,
    0x00, 0x30, 0x94, 0xE5, 0x02, 0x30, 0x83, 0xE0, 0x00, 0x30, 0x84, 0xE5, 0xC1, 0xFF, 0xFF, 0xEA,
    0x05, 0x20, 0xA0, 0xE1, 0x0B, 0x10, 0xA0, 0xE1, 0xA7, 0x00, 0x00, 0xEB, 0x00, 0x30, 0x94, 0xE5,
    0x04, 0x10, 0xA0, 0xE1, 0x05, 0x30, 0x83, 0xE0, 0x0A, 0x00, 0xA0, 0xE1, 0x00, 0x30, 0x84, 0xE5,
    0x6D, 0xDE, 0xFF, 0xEB, 0x00, 0x00, 0x50, 0xE3, 0xB6, 0xFF, 0xFF, 0x0A, 0x8F, 0xFF, 0xFF, 0xEA,
    0x0A, 0x00, 0xA0, 0xE1, 0x06, 0x01, 0x00, 0xEB, 0x00, 0x30, 0x50, 0xE2, 0x46, 0xFF, 0xFF, 0x1A,
    0x0A, 0x00, 0xA0, 0xE1, 0x10, 0x10, 0x94, 0xE5, 0xE4, 0xE0, 0xFF, 0xEB, 0x0C, 0x20, 0xA0, 0xE3,
    0xBC, 0x30, 0xD4, 0xE1, 0x00, 0x20, 0x8A, 0xE5, 0x80, 0x30, 0xC3, 0xE3, 0x84, 0xFF, 0xFF, 0xEA,
    0x01, 0x20, 0x87, 0xE2, 0x02, 0x90, 0xA0, 0xE1, 0x8F, 0xFF, 0xFF, 0xEA, 0x0C, 0x20, 0xA0, 0xE3,
    0xFC, 0x30, 0xD4, 0xE1, 0x00, 0x20, 0x8A, 0xE5, 0x7D, 0xFF, 0xFF, 0xEA, 0x00, 0xFC, 0xFF, 0x7F,
    0xFF, 0x10, 0x11, 0xE2, 0x00, 0x30, 0xA0, 0xE1, 0x03, 0x20, 0x00, 0xE2, 0x28, 0x00, 0x00, 0x0A,
    0x00, 0x00, 0x52, 0xE3, 0x20, 0x00, 0x00, 0x1A, 0x00, 0x00, 0x93, 0xE5, 0x01, 0x24, 0x81, 0xE0,
    0x02, 0x28, 0x82, 0xE0, 0x10, 0x40, 0x2D, 0xE9, 0x00, 0xC0, 0x22, 0xE0, 0x02, 0x40, 0xA0, 0xE1,
    0x00, 0xE1, 0x9F, 0xE5, 0x01, 0x00, 0x00, 0xEA, 0x04, 0x00, 0xB3, 0xE5, 0x04, 0xC0, 0x20, 0xE0,
    0x0E, 0x20, 0x80, 0xE0, 0x00, 0x20, 0xC2, 0xE1, 0x0E, 0x00, 0x8C, 0xE0, 0x0C, 0x00, 0xC0, 0xE1,
    0x00, 0x20, 0x82, 0xE1, 0xE0, 0x00, 0x9F, 0xE5, 0x00, 0x00, 0x12, 0xE1, 0xF5, 0xFF, 0xFF, 0x0A,
    0x00, 0x20, 0xD3, 0xE5, 0x00, 0x00, 0x52, 0xE3, 0x03, 0x00, 0x00, 0x1A, 0x2E, 0x00, 0x00, 0xEA,
    0x01, 0x20, 0xF3, 0xE5, 0x00, 0x00, 0x52, 0xE3, 0x2B, 0x00, 0x00, 0x0A, 0x02, 0x00, 0x51, 0xE1,
    0xFA, 0xFF, 0xFF, 0x1A, 0x29, 0x00, 0x00, 0xEA, 0x01, 0x00, 0x52, 0xE1, 0x06, 0x00, 0x00, 0x0A,
    0x01, 0x30, 0x83, 0xE2, 0x03, 0x00, 0x13, 0xE3, 0xDE, 0xFF, 0xFF, 0x0A, 0x00, 0x20, 0xD3, 0xE5,
    0x00, 0x00, 0x52, 0xE3, 0xF7, 0xFF, 0xFF, 0x1A, 0x02, 0x30, 0xA0, 0xE1, 0x03, 0x00, 0xA0, 0xE1,
    0x1E, 0xFF, 0x2F, 0xE1, 0x00, 0x00, 0x52, 0xE3, 0x16, 0x00, 0x00, 0x1A, 0x00, 0x10, 0x93, 0xE5,
    0x70, 0xC0, 0x9F, 0xE5, 0x70, 0x00, 0x9F, 0xE5, 0x0C, 0x20, 0x81, 0xE0, 0x01, 0x20, 0xC2, 0xE1,
    0x00, 0x00, 0x12, 0xE1, 0x04, 0x00, 0x00, 0x1A, 0x04, 0x10, 0xB3, 0xE5, 0x0C, 0x20, 0x81, 0xE0,
    0x01, 0x20, 0xC2, 0xE1, 0x00, 0x00, 0x12, 0xE1, 0xFA, 0xFF, 0xFF, 0x0A, 0x00, 0x20, 0xD3, 0xE5,
    0x00, 0x00, 0x52, 0xE3, 0xEC, 0xFF, 0xFF, 0x0A, 0x01, 0x20, 0xF3, 0xE5, 0x00, 0x00, 0x52, 0xE3,
    0xFC, 0xFF, 0xFF, 0x1A, 0x03, 0x00, 0xA0, 0xE1, 0x1E, 0xFF, 0x2F, 0xE1, 0x01, 0x30, 0x83, 0xE2,
    0x03, 0x00, 0x13, 0xE3, 0xE8, 0xFF, 0xFF, 0x0A, 0x00, 0x20, 0xD3, 0xE5, 0x00, 0x00, 0x52, 0xE3,
    0xF9, 0xFF, 0xFF, 0x1A, 0x03, 0x00, 0xA0, 0xE1, 0x1E, 0xFF, 0x2F, 0xE1, 0x02, 0x30, 0xA0, 0xE1,
    0x03, 0x00, 0xA0, 0xE1, 0x10, 0x80, 0xBD, 0xE8, 0xFF, 0xFE, 0xFE, 0xFE, 0x80, 0x80, 0x80, 0x80,
    0x06, 0x00, 0xA0, 0xE3, 0x10, 0x40, 0x2D, 0xE9, 0x67, 0x0C, 0x00, 0xEB, 0x01, 0x00, 0xA0, 0xE3,
    0x6D, 0x0C, 0x00, 0xEB, 0x10, 0x40, 0x2D, 0xE9, 0x91, 0x12, 0x84, 0xE0, 0x00, 0x00, 0x54, 0xE3,
    0x08, 0xD0, 0x4D, 0xE2, 0x29, 0x00, 0x00, 0x1A, 0x2C, 0xDE, 0xFF, 0xEB, 0x00, 0x30, 0x50, 0xE2,
    0x29, 0x00, 0x00, 0x0A, 0x04, 0x20, 0x13, 0xE5, 0x03, 0x20, 0xC2, 0xE3, 0x04, 0x20, 0x42, 0xE2,
    0x24, 0x00, 0x52, 0xE3, 0x0E, 0x00, 0x00, 0x8A, 0x13, 0x00, 0x52, 0xE3, 0x03, 0x10, 0xA0, 0x91,
    0x04, 0x00, 0x00, 0x9A, 0x1B, 0x00, 0x52, 0xE3, 0x00, 0x40, 0x83, 0xE5, 0x04, 0x40, 0x83, 0xE5,
    0x08, 0x10, 0x83, 0x92, 0x0D, 0x00, 0x00, 0x8A, 0x00, 0x20, 0xA0, 0xE3, 0x00, 0x20, 0x81, 0xE5,
    0x04, 0x20, 0x81, 0xE5, 0x08, 0x20, 0x81, 0xE5, 0x03, 0x00, 0xA0, 0xE1, 0x08, 0xD0, 0x8D, 0xE2,
    0x10, 0x80, 0xBD, 0xE8, 0x04, 0x10, 0xA0, 0xE1, 0x04, 0x30, 0x8D, 0xE5, 0x1E, 0xDD, 0xFF, 0xEB,
    0x04, 0x30, 0x9D, 0xE5, 0x03, 0x00, 0xA0, 0xE1, 0x08, 0xD0, 0x8D, 0xE2, 0x10, 0x80, 0xBD, 0xE8,
    0x24, 0x00, 0x52, 0xE3, 0x00, 0x20, 0xA0, 0xE3, 0x10, 0x10, 0x83, 0x12, 0x18, 0x10, 0x83, 0x02,
    0x08, 0x40, 0x83, 0xE5, 0x0C, 0x40, 0x83, 0xE5, 0x10, 0x40, 0x83, 0x05, 0x14, 0x40, 0x83, 0x05,
    0x00, 0x20, 0x81, 0xE5, 0x04, 0x20, 0x81, 0xE5, 0x08, 0x20, 0x81, 0xE5, 0xE9, 0xFF, 0xFF, 0xEA,
    0x0A, 0xDD, 0xFF, 0xEB, 0x0C, 0x30, 0xA0, 0xE3, 0x00, 0x30, 0x80, 0xE5, 0x00, 0x30, 0xA0, 0xE3,
    0x03, 0x00, 0xA0, 0xE1, 0x08, 0xD0, 0x8D, 0xE2, 0x10, 0x80, 0xBD, 0xE8, 0x01, 0x00, 0x50, 0xE1,
    0x70, 0x40, 0x2D, 0xE9, 0x21, 0x00, 0x00, 0x9A, 0x02, 0x30, 0x81, 0xE0, 0x00, 0x00, 0x53, 0xE1,
    0x1E, 0x00, 0x00, 0x9A, 0x03, 0x00, 0x52, 0xE3, 0x02, 0x10, 0x80, 0xE0, 0x11, 0x00, 0x00, 0x9A,
    0x03, 0xC0, 0x81, 0xE1, 0x03, 0x00, 0x1C, 0xE3, 0x03, 0x50, 0xA0, 0xE1, 0x0F, 0x00, 0x00, 0x1A,
    0x01, 0xC0, 0xA0, 0xE1, 0x22, 0xE1, 0xA0, 0xE1, 0x01, 0x60, 0x4E, 0xE2, 0x0E, 0x41, 0x41, 0xE0,
    0x04, 0xE0, 0x33, 0xE5, 0x04, 0xE0, 0x2C, 0xE5, 0x04, 0x00, 0x5C, 0xE1, 0xFB, 0xFF, 0xFF, 0x1A,
    0x06, 0x3F, 0x66, 0xE0, 0x03, 0x11, 0x81, 0xE0, 0x03, 0xC1, 0x85, 0xE0, 0x04, 0x30, 0x4C, 0xE2,
    0x04, 0x10, 0x41, 0xE2, 0x03, 0x20, 0x02, 0xE2, 0x00, 0x00, 0x52, 0xE3, 0x70, 0x80, 0xBD, 0x08,
    0x01, 0xC0, 0x42, 0xE2, 0x0C, 0xC0, 0xE0, 0xE1, 0x0C, 0xC0, 0x83, 0xE0, 0x01, 0x20, 0x73, 0xE5,
    0x0C, 0x00, 0x53, 0xE1, 0x01, 0x20, 0x61, 0xE5, 0xFB, 0xFF, 0xFF, 0x1A, 0x70, 0x80, 0xBD, 0xE8,
    0x03, 0x00, 0x52, 0xE3, 0x00, 0x30, 0xA0, 0x91, 0x0A, 0x00, 0x00, 0x8A, 0x00, 0x00, 0x52, 0xE3,
    0x70, 0x80, 0xBD, 0x08, 0x01, 0x20, 0x42, 0xE2, 0x01, 0x20, 0x82, 0xE2, 0x01, 0x30, 0x43, 0xE2,
    0x02, 0x20, 0x81, 0xE0, 0x01, 0xC0, 0xD1, 0xE4, 0x02, 0x00, 0x51, 0xE1, 0x01, 0xC0, 0xE3, 0xE5,
    0xFB, 0xFF, 0xFF, 0x1A, 0x70, 0x80, 0xBD, 0xE8, 0x00, 0x30, 0x81, 0xE1, 0x03, 0x00, 0x13, 0xE3,
    0x00, 0x30, 0xA0, 0x11, 0x01, 0x20, 0x42, 0x12, 0xF2, 0xFF, 0xFF, 0x1A, 0x0F, 0x00, 0x52, 0xE3,
    0x2C, 0x00, 0x00, 0x9A, 0x10, 0xC0, 0x81, 0xE2, 0x0C, 0x60, 0xA0, 0xE1, 0x0F, 0x30, 0xC2, 0xE3,
    0x20, 0x10, 0x81, 0xE2, 0x10, 0x30, 0x43, 0xE2, 0x10, 0xE0, 0x80, 0xE2, 0x03, 0x10, 0x81, 0xE0,
    0x10, 0x40, 0x1C, 0xE5, 0x10, 0xC0, 0x8C, 0xE2, 0x10, 0x40, 0x0E, 0xE5, 0x1C, 0x40, 0x1C, 0xE5,
    0x10, 0xE0, 0x8E, 0xE2, 0x1C, 0x40, 0x0E, 0xE5, 0x18, 0x40, 0x1C, 0xE5, 0x18, 0x40, 0x0E, 0xE5,
    0x14, 0x40, 0x1C, 0xE5, 0x01, 0x00, 0x5C, 0xE1, 0x14, 0x40, 0x0E, 0xE5, 0xF3, 0xFF, 0xFF, 0x1A,
    0x03, 0x10, 0x86, 0xE0, 0x0C, 0x00, 0x12, 0xE3, 0x03, 0x30, 0x80, 0xE0, 0x0F, 0x50, 0x02, 0xE2,
    0x10, 0x30, 0x83, 0xE2, 0x11, 0x00, 0x00, 0x0A, 0x03, 0x20, 0xC5, 0xE3, 0x04, 0x20, 0x42, 0xE2,
    0x01, 0xE0, 0xA0, 0xE1, 0x02, 0x60, 0xA0, 0xE1, 0x04, 0xC0, 0x43, 0xE2, 0x02, 0x40, 0x83, 0xE0,
    0x04, 0x20, 0x9E, 0xE4, 0x04, 0x20, 0xAC, 0xE5, 0x04, 0x00, 0x5C, 0xE1, 0xFB, 0xFF, 0xFF, 0x1A,
    0x03, 0x20, 0x05, 0xE2, 0x04, 0x10, 0x81, 0xE2, 0x04, 0x30, 0x83, 0xE2, 0x00, 0x00, 0x52, 0xE3,
    0x06, 0x10, 0x81, 0xE0, 0x06, 0x30, 0x83, 0xE0, 0xC5, 0xFF, 0xFF, 0x1A, 0x70, 0x80, 0xBD, 0xE8,
    0x05, 0x20, 0xA0, 0xE1, 0xC0, 0xFF, 0xFF, 0xEA, 0x00, 0x30, 0xA0, 0xE1, 0x02, 0x50, 0xA0, 0xE1,
    0xE8, 0xFF, 0xFF, 0xEA, 0xF0, 0x47, 0x2D, 0xE9, 0x00, 0x40, 0x51, 0xE2, 0x08, 0xD0, 0x4D, 0xE2,
    0x95, 0x00, 0x00, 0x0A, 0x02, 0x70, 0xA0, 0xE1, 0x00, 0x80, 0xA0, 0xE1, 0x80, 0xE2, 0xFF, 0xEB,
    0x0B, 0x30, 0x87, 0xE2, 0x16, 0x00, 0x53, 0xE3, 0x10, 0x00, 0xA0, 0x93, 0x00, 0x20, 0xA0, 0x93,
    0x00, 0x30, 0xA0, 0x91, 0x07, 0x30, 0xC3, 0x83, 0xA3, 0x2F, 0xA0, 0x81, 0x03, 0x00, 0xA0, 0x81,
    0x07, 0x00, 0x53, 0xE1, 0x01, 0x20, 0x82, 0x33, 0x00, 0x00, 0x52, 0xE3, 0x0C, 0x30, 0xA0, 0x13,
    0x00, 0x30, 0x88, 0x15, 0x8A, 0x00, 0x00, 0x1A, 0x04, 0x60, 0x14, 0xE5, 0x08, 0x50, 0x44, 0xE2,
    0x03, 0x20, 0xC6, 0xE3, 0x00, 0x00, 0x52, 0xE1, 0x5A, 0x00, 0x00, 0xAA, 0x7C, 0xC4, 0x9F, 0xE5,
    0x02, 0x10, 0x85, 0xE0, 0x08, 0xC0, 0x9C, 0xE5, 0x04, 0xE0, 0x91, 0xE5, 0x01, 0x00, 0x5C, 0xE1,
    0x83, 0x00, 0x00, 0x0A, 0x01, 0xC0, 0xCE, 0xE3, 0x0C, 0xC0, 0x81, 0xE0, 0x04, 0xC0, 0x9C, 0xE5,
    0x01, 0x00, 0x1C, 0xE3, 0x6C, 0x00, 0x00, 0x1A, 0x03, 0xE0, 0xCE, 0xE3, 0x0E, 0xC0, 0x82, 0xE0,
    0x00, 0x00, 0x5C, 0xE1, 0x46, 0x00, 0x00, 0xAA, 0x01, 0x00, 0x16, 0xE3, 0x0B, 0x00, 0x00, 0x1A,
    0x08, 0xC0, 0x14, 0xE5, 0x0C, 0xC0, 0x45, 0xE0, 0x0C, 0x90, 0xA0, 0xE1, 0x04, 0xC0, 0x9C, 0xE5,
    0x03, 0xC0, 0xCC, 0xE3, 0x0C, 0xE0, 0x8E, 0xE0, 0x02, 0x60, 0x8E, 0xE0, 0x06, 0x00, 0x50, 0xE1,
    0xE4, 0x00, 0x00, 0xDA, 0x0C, 0x60, 0x82, 0xE0, 0x06, 0x00, 0x50, 0xE1, 0xB4, 0x00, 0x00, 0xDA,
    0x07, 0x10, 0xA0, 0xE1, 0x08, 0x00, 0xA0, 0xE1, 0x04, 0x20, 0x8D, 0xE5, 0x00, 0x30, 0x8D, 0xE5,
    0x56, 0xDD, 0xFF, 0xEB, 0x00, 0x60, 0x50, 0xE2, 0x00, 0x30, 0x9D, 0xE5, 0x04, 0x20, 0x9D, 0xE5,
    0x5D, 0x00, 0x00, 0x0A, 0x04, 0x10, 0x14, 0xE5, 0x08, 0xC0, 0x46, 0xE2, 0x01, 0x10, 0xC1, 0xE3,
    0x01, 0x10, 0x85, 0xE0, 0x0C, 0x00, 0x51, 0xE1, 0xA1, 0x00, 0x00, 0x0A, 0x04, 0x20, 0x42, 0xE2,
    0x24, 0x00, 0x52, 0xE3, 0xCC, 0x00, 0x00, 0x8A, 0x13, 0x00, 0x52, 0xE3, 0x06, 0x30, 0xA0, 0x91,
    0x04, 0x20, 0xA0, 0x91, 0x14, 0x00, 0x00, 0x9A, 0x00, 0x30, 0x94, 0xE5, 0x1B, 0x00, 0x52, 0xE3,
    0x00, 0x30, 0x86, 0xE5, 0x04, 0x30, 0x94, 0xE5, 0x08, 0x20, 0x84, 0x92, 0x04, 0x30, 0x86, 0xE5,
    0x08, 0x30, 0x86, 0x92, 0x0C, 0x00, 0x00, 0x9A, 0x08, 0x30, 0x94, 0xE5, 0x24, 0x00, 0x52, 0xE3,
    0x08, 0x30, 0x86, 0xE5, 0x0C, 0x30, 0x94, 0xE5, 0x10, 0x20, 0x84, 0x12, 0x0C, 0x30, 0x86, 0xE5,
    0x10, 0x30, 0x94, 0x05, 0x10, 0x30, 0x86, 0x12, 0x10, 0x30, 0x86, 0x05, 0x14, 0x30, 0x94, 0x05,
    0x18, 0x20, 0x84, 0x02, 0x14, 0x30, 0x86, 0x05, 0x18, 0x30, 0x86, 0x02, 0x00, 0x10, 0x92, 0xE5,
    0x00, 0x10, 0x83, 0xE5, 0x04, 0x10, 0x92, 0xE5, 0x04, 0x10, 0x83, 0xE5, 0x08, 0x20, 0x92, 0xE5,
    0x08, 0x20, 0x83, 0xE5, 0x04, 0x10, 0xA0, 0xE1, 0x08, 0x00, 0xA0, 0xE1, 0x77, 0xDF, 0xFF, 0xEB,
    0x08, 0x00, 0xA0, 0xE1, 0x1D, 0xE2, 0xFF, 0xEB, 0x06, 0x00, 0xA0, 0xE1, 0x08, 0xD0, 0x8D, 0xE2,
    0xF0, 0x87, 0xBD, 0xE8, 0x08, 0x00, 0x91, 0xE5, 0x0C, 0x20, 0xA0, 0xE1, 0x0C, 0xC0, 0x91, 0xE5,
    0x0C, 0xC0, 0x80, 0xE5, 0x08, 0x00, 0x8C, 0xE5, 0x04, 0x10, 0x95, 0xE5, 0x03, 0x00, 0x42, 0xE0,
    0x0F, 0x00, 0x50, 0xE3, 0x01, 0x10, 0x01, 0xE2, 0x02, 0xC0, 0x85, 0xE0, 0x0A, 0x00, 0x00, 0x8A,
    0x01, 0x10, 0x82, 0xE1, 0x04, 0x10, 0x85, 0xE5, 0x04, 0x30, 0x9C, 0xE5, 0x01, 0x30, 0x83, 0xE3,
    0x04, 0x30, 0x8C, 0xE5, 0x08, 0x00, 0xA0, 0xE1, 0x08, 0xE2, 0xFF, 0xEB, 0x04, 0x60, 0xA0, 0xE1,
    0x06, 0x00, 0xA0, 0xE1, 0x08, 0xD0, 0x8D, 0xE2, 0xF0, 0x87, 0xBD, 0xE8, 0x01, 0x10, 0x83, 0xE1,
    0x04, 0x10, 0x85, 0xE5, 0x01, 0x00, 0x80, 0xE3, 0x03, 0x10, 0x85, 0xE0, 0x04, 0x00, 0x81, 0xE5,
    0x04, 0x30, 0x9C, 0xE5, 0x08, 0x00, 0xA0, 0xE1, 0x01, 0x30, 0x83, 0xE3, 0x08, 0x10, 0x81, 0xE2,
    0x04, 0x30, 0x8C, 0xE5, 0x51, 0xDF, 0xFF, 0xEB, 0xED, 0xFF, 0xFF, 0xEA, 0x01, 0x00, 0x16, 0xE3,
    0xA2, 0xFF, 0xFF, 0x1A, 0x08, 0xC0, 0x14, 0xE5, 0x0C, 0x10, 0x45, 0xE0, 0x04, 0xC0, 0x91, 0xE5,
    0x01, 0x90, 0xA0, 0xE1, 0x03, 0xC0, 0xCC, 0xE3, 0x99, 0xFF, 0xFF, 0xEA, 0x02, 0x10, 0xA0, 0xE1,
    0x08, 0xD0, 0x8D, 0xE2, 0xF0, 0x47, 0xBD, 0xE8, 0xF4, 0xDC, 0xFF, 0xEA, 0x08, 0x00, 0xA0, 0xE1,
    0xEA, 0xE1, 0xFF, 0xEB, 0x00, 0x60, 0xA0, 0xE3, 0x06, 0x00, 0xA0, 0xE1, 0x08, 0xD0, 0x8D, 0xE2,
    0xF0, 0x87, 0xBD, 0xE8, 0x03, 0xE0, 0xCE, 0xE3, 0x02, 0xC0, 0x8E, 0xE0, 0x10, 0x10, 0x83, 0xE2,
    0x01, 0x00, 0x5C, 0xE1, 0x7D, 0x00, 0x00, 0xAA, 0x01, 0x00, 0x16, 0xE3, 0x8B, 0xFF, 0xFF, 0x1A,
    0x08, 0xC0, 0x14, 0xE5, 0x0C, 0xC0, 0x45, 0xE0, 0x0C, 0x90, 0xA0, 0xE1, 0x04, 0xC0, 0x9C, 0xE5,
    0x03, 0xC0, 0xCC, 0xE3, 0x0C, 0xE0, 0x8E, 0xE0, 0x02, 0xE0, 0x8E, 0xE0, 0x0E, 0x00, 0x51, 0xE1,
    0x0E, 0xA0, 0xA0, 0xE1, 0x7E, 0xFF, 0xFF, 0xCA, 0x09, 0x60, 0xA0, 0xE1, 0x0C, 0x10, 0x99, 0xE5,
    0x08, 0x00, 0xB6, 0xE5, 0x04, 0x20, 0x42, 0xE2, 0x24, 0x00, 0x52, 0xE3, 0x0C, 0x10, 0x80, 0xE5,
    0x08, 0x00, 0x81, 0xE5, 0x77, 0x00, 0x00, 0x8A, 0x13, 0x00, 0x52, 0xE3, 0x06, 0x20, 0xA0, 0x91,
    0x14, 0x00, 0x00, 0x9A, 0x00, 0x10, 0x94, 0xE5, 0x1B, 0x00, 0x52, 0xE3, 0x08, 0x10, 0x89, 0xE5,
    0x04, 0x10, 0x94, 0xE5, 0x10, 0x20, 0x89, 0x92, 0x0C, 0x10, 0x89, 0xE5, 0x08, 0x40, 0x84, 0x92,
    0x0C, 0x00, 0x00, 0x9A, 0x24, 0x00, 0x52, 0xE3, 0x08, 0x20, 0x94, 0xE5, 0x10, 0x20, 0x89, 0xE5,
    0x0C, 0x20, 0x94, 0xE5, 0x10, 0x40, 0x84, 0x12, 0x14, 0x20, 0x89, 0xE5, 0x10, 0x20, 0x94, 0x05,
    0x18, 0x20, 0x89, 0x12, 0x18, 0x20, 0x89, 0x05, 0x14, 0x20, 0x94, 0x05, 0x18, 0x40, 0x84, 0x02,
    0x1C, 0x20, 0x89, 0x05, 0x20, 0x20, 0x89, 0x02, 0x00, 0x10, 0x94, 0xE5, 0x00, 0x10, 0x82, 0xE5,
    0x04, 0x10, 0x94, 0xE5, 0x04, 0x10, 0x82, 0xE5, 0x08, 0x10, 0x94, 0xE5, 0x08, 0x10, 0x82, 0xE5,
    0x03, 0x20, 0x4A, 0xE0, 0x74, 0xE1, 0x9F, 0xE5, 0x03, 0x10, 0x89, 0xE0, 0x01, 0x20, 0x82, 0xE3,
    0x08, 0x10, 0x8E, 0xE5, 0x04, 0x20, 0x81, 0xE5, 0x04, 0x20, 0x99, 0xE5, 0x08, 0x00, 0xA0, 0xE1,
    0x01, 0x20, 0x02, 0xE2, 0x03, 0x30, 0x82, 0xE1, 0x04, 0x30, 0x89, 0xE5, 0xA3, 0xE1, 0xFF, 0xEB,
    0x9A, 0xFF, 0xFF, 0xEA, 0x04, 0x10, 0x16, 0xE5, 0x03, 0x10, 0xC1, 0xE3, 0x01, 0x20, 0x82, 0xE0,
    0x88, 0xFF, 0xFF, 0xEA, 0x09, 0x50, 0xA0, 0xE1, 0x04, 0x20, 0x42, 0xE2, 0x24, 0x00, 0x52, 0xE3,
    0x0C, 0x10, 0x99, 0xE5, 0x08, 0x00, 0xB5, 0xE5, 0x0C, 0x10, 0x80, 0xE5, 0x08, 0x00, 0x81, 0xE5,
    0x2C, 0x00, 0x00, 0x8A, 0x13, 0x00, 0x52, 0xE3, 0x05, 0x20, 0xA0, 0x91, 0x14, 0x00, 0x00, 0x9A,
    0x00, 0x10, 0x94, 0xE5, 0x1B, 0x00, 0x52, 0xE3, 0x08, 0x10, 0x89, 0xE5, 0x04, 0x10, 0x94, 0xE5,
    0x10, 0x20, 0x89, 0x92, 0x0C, 0x10, 0x89, 0xE5, 0x08, 0x40, 0x84, 0x92, 0x0C, 0x00, 0x00, 0x9A,
    0x24, 0x00, 0x52, 0xE3, 0x08, 0x20, 0x94, 0xE5, 0x10, 0x20, 0x89, 0xE5, 0x0C, 0x20, 0x94, 0xE5,
    0x10, 0x40, 0x84, 0x12, 0x14, 0x20, 0x89, 0xE5, 0x10, 0x20, 0x94, 0x05, 0x18, 0x20, 0x89, 0x12,
    0x18, 0x20, 0x89, 0x05, 0x14, 0x20, 0x94, 0x05, 0x18, 0x40, 0x84, 0x02, 0x1C, 0x20, 0x89, 0x05,
    0x20, 0x20, 0x89, 0x02, 0x00, 0x10, 0x94, 0xE5, 0x00, 0x10, 0x82, 0xE5, 0x04, 0x10, 0x94, 0xE5,
    0x04, 0x10, 0x82, 0xE5, 0x08, 0x10, 0x94, 0xE5, 0x08, 0x10, 0x82, 0xE5, 0x05, 0x40, 0xA0, 0xE1,
    0x06, 0x20, 0xA0, 0xE1, 0x09, 0x50, 0xA0, 0xE1, 0x5E, 0xFF, 0xFF, 0xEA, 0x04, 0x10, 0xA0, 0xE1,
    0x7D, 0xFE, 0xFF, 0xEB, 0x4E, 0xFF, 0xFF, 0xEA, 0x0C, 0xC0, 0x91, 0xE5, 0x08, 0x00, 0x91, 0xE5,
    0x04, 0x20, 0x42, 0xE2, 0x0C, 0xC0, 0x80, 0xE5, 0x09, 0x50, 0xA0, 0xE1, 0x24, 0x00, 0x52, 0xE3,
    0x08, 0x00, 0x8C, 0xE5, 0xCD, 0xFF, 0xFF, 0xEA, 0x04, 0x10, 0xA0, 0xE1, 0x05, 0x00, 0xA0, 0xE1,
    0x00, 0x30, 0x8D, 0xE5, 0x70, 0xFE, 0xFF, 0xEB, 0x00, 0x30, 0x9D, 0xE5, 0xEA, 0xFF, 0xFF, 0xEA,
    0x03, 0x20, 0x4C, 0xE0, 0x44, 0x10, 0x9F, 0xE5, 0x03, 0x50, 0x85, 0xE0, 0x01, 0x20, 0x82, 0xE3,
    0x08, 0x50, 0x81, 0xE5, 0x04, 0x20, 0x85, 0xE5, 0x04, 0x20, 0x14, 0xE5, 0x08, 0x00, 0xA0, 0xE1,
    0x01, 0x20, 0x02, 0xE2, 0x03, 0x30, 0x82, 0xE1, 0x04, 0x30, 0x04, 0xE5, 0x57, 0xE1, 0xFF, 0xEB,
    0x04, 0x60, 0xA0, 0xE1, 0x4D, 0xFF, 0xFF, 0xEA, 0x04, 0x10, 0xA0, 0xE1, 0x06, 0x00, 0xA0, 0xE1,
    0x00, 0x30, 0x8D, 0xE5, 0x5C, 0xFE, 0xFF, 0xEB, 0x00, 0x30, 0x9D, 0xE5, 0x9F, 0xFF, 0xFF, 0xEA,
    0x70, 0xA2, 0x11, 0x00, 0xF0, 0x4F, 0x2D, 0xE9, 0x2C, 0xD0, 0x4D, 0xE2, 0x5C, 0x70, 0x9D, 0xE5,
    0x50, 0x60, 0x9D, 0xE5, 0x00, 0xB0, 0x97, 0xE5, 0x10, 0x00, 0x8D, 0xE5, 0x00, 0x00, 0x5B, 0xE3,
    0x02, 0xB0, 0xA0, 0x01, 0x0C, 0x10, 0x8D, 0xE5, 0x08, 0x20, 0xA0, 0xE3, 0x00, 0x10, 0xA0, 0xE3,
    0x20, 0x00, 0x8D, 0xE2, 0x03, 0x90, 0xA0, 0xE1, 0x00, 0x40, 0x96, 0xE5, 0x52, 0xDB, 0xFF, 0xEB,
    0x0C, 0x30, 0x9D, 0xE5, 0x50, 0x60, 0x8D, 0xE5, 0x5C, 0x70, 0x8D, 0xE5, 0x00, 0x20, 0xDB, 0xE5,
    0x0C, 0x10, 0x9D, 0xE5, 0x00, 0x20, 0x52, 0xE2, 0x01, 0x20, 0xA0, 0x13, 0x01, 0x00, 0x54, 0xE1,
    0x00, 0x20, 0xA0, 0xC3, 0x00, 0x00, 0x52, 0xE3, 0x1C, 0x01, 0x00, 0x0A, 0x03, 0x60, 0xA0, 0xE1,
    0x6B, 0x0B, 0x00, 0xEB, 0x30, 0x30, 0x90, 0xE5, 0x40, 0x25, 0x9F, 0xE5, 0x00, 0x00, 0x53, 0xE3,
    0x02, 0x30, 0xA0, 0x01, 0xCC, 0x51, 0x93, 0xE5, 0x9D, 0xF1, 0xFF, 0xEB, 0x20, 0x20, 0x8D, 0xE2,
    0x00, 0x30, 0xA0, 0xE1, 0x00, 0x20, 0x8D, 0xE5, 0x10, 0x00, 0x9D, 0xE5, 0x0B, 0x20, 0xA0, 0xE1,
    0x1C, 0x10, 0x8D, 0xE2, 0x35, 0xFF, 0x2F, 0xE1, 0x00, 0x00, 0x50, 0xE3, 0x0C, 0x00, 0x00, 0xDA,
    0x1C, 0x30, 0x9D, 0xE5, 0x00, 0xB0, 0x8B, 0xE0, 0x25, 0x00, 0x53, 0xE3, 0xEB, 0xFF, 0xFF, 0x1A,
    0x06, 0x30, 0xA0, 0xE1, 0x0B, 0x10, 0xA0, 0xE1, 0x03, 0xA0, 0xA0, 0xE1, 0x00, 0x60, 0xE0, 0xE3,
    0x00, 0x50, 0xA0, 0xE3, 0x00, 0x70, 0xA0, 0xE3, 0x00, 0x80, 0xA0, 0xE3, 0x00, 0x30, 0xA0, 0xE3,
    0x0C, 0x00, 0x00, 0xEA, 0x06, 0xA0, 0xA0, 0xE1, 0xFD, 0x00, 0x00, 0xEA, 0x6A, 0x00, 0x52, 0xE3,
    0x27, 0x00, 0x00, 0x0A, 0x1E, 0x00, 0x00, 0x8A, 0x4C, 0x00, 0x52, 0xE3, 0x08, 0x70, 0x87, 0x03,
    0x01, 0x00, 0x00, 0x0A, 0x68, 0x00, 0x52, 0xE3, 0x23, 0x00, 0x00, 0x1A, 0x0B, 0x00, 0x53, 0xE3,
    0xF0, 0x00, 0x00, 0x0A, 0x0B, 0x10, 0xA0, 0xE1, 0xA4, 0x04, 0x9F, 0xE5, 0x00, 0x20, 0xD1, 0xE5,
    0xA0, 0xE4, 0x9F, 0xE5, 0x02, 0xC0, 0xD0, 0xE7, 0x83, 0x01, 0x83, 0xE0, 0x98, 0x34, 0x9F, 0xE5,
    0x01, 0xB0, 0x8B, 0xE2, 0x00, 0x30, 0x83, 0xE0, 0x00, 0x00, 0x8E, 0xE0, 0x0C, 0x00, 0xD0, 0xE7,
    0x0C, 0x30, 0xD3, 0xE7, 0x84, 0xC4, 0x9F, 0xE5, 0x01, 0x00, 0x40, 0xE2, 0x07, 0x00, 0x50, 0xE3,
    0xED, 0xFF, 0xFF, 0x8A, 0x00, 0x00, 0x80, 0xE0, 0xF0, 0x00, 0x9C, 0xE1, 0x00, 0xF1, 0x8F, 0xE0,
    0x00, 0xF0, 0x20, 0xE3, 0x0B, 0x10, 0xA0, 0xE1, 0xBC, 0x00, 0x00, 0xEA, 0x01, 0x10, 0x81, 0xE2,
    0xD0, 0x00, 0x00, 0xEA, 0x71, 0x00, 0x52, 0xE3, 0x05, 0x00, 0x00, 0x0A, 0x70, 0x00, 0x52, 0xE3,
    0x05, 0x00, 0x00, 0x9A, 0x74, 0x00, 0x52, 0xE3, 0xDF, 0xFF, 0xFF, 0x0A, 0x7A, 0x00, 0x52, 0xE3,
    0xDC, 0xFF, 0xFF, 0xEA, 0x20, 0x70, 0x87, 0xE3, 0xDB, 0xFF, 0xFF, 0xEA, 0x01, 0x20, 0xD1, 0xE5,
    0x6C, 0x00, 0x52, 0xE3, 0x20, 0x70, 0x87, 0x03, 0x02, 0xB0, 0x81, 0x02, 0x10, 0x70, 0x87, 0x13,
    0xD5, 0xFF, 0xFF, 0xEA, 0x61, 0x00, 0x52, 0xE3, 0x1F, 0x10, 0x04, 0xE2, 0x6F, 0x00, 0x00, 0x0A,
    0x09, 0x00, 0x00, 0x8A, 0x41, 0x20, 0x42, 0xE2, 0x72, 0x00, 0xEF, 0xE6, 0x17, 0x00, 0x50, 0xE3,
    0x1D, 0x00, 0x00, 0x8A, 0xF8, 0x03, 0x9F, 0xE5, 0x17, 0x00, 0x52, 0xE3, 0x1A, 0x00, 0x00, 0x8A,
    0x02, 0x20, 0xD0, 0xE7, 0x02, 0xF1, 0x8F, 0xE0, 0x00, 0xF0, 0x20, 0xE3, 0x63, 0x00, 0x52, 0xE3,
    0x12, 0x00, 0x00, 0x0A, 0x64, 0x20, 0x42, 0xE2, 0x72, 0x20, 0xEF, 0xE6, 0x14, 0x00, 0x52, 0xE3,
    0x11, 0x00, 0x00, 0x8A, 0x01, 0xE0, 0xA0, 0xE3, 0xC8, 0xC3, 0x9F, 0xE5, 0x1E, 0x02, 0xA0, 0xE1,
    0x1E, 0xC2, 0x1C, 0xE0, 0x04, 0x00, 0x00, 0x1A, 0x25, 0x0B, 0x10, 0xE3, 0x4A, 0x00, 0x00, 0x1A,
    0x0E, 0x00, 0x10, 0xE3, 0x55, 0x00, 0x00, 0x1A, 0x07, 0x00, 0x00, 0xEA, 0x10, 0x00, 0x17, 0xE3,
    0x27, 0x52, 0xA0, 0x01, 0x02, 0x50, 0x05, 0x02, 0x03, 0x00, 0x00, 0x0A, 0x05, 0x00, 0x00, 0xEA,
    0x10, 0x50, 0x17, 0xE2, 0x27, 0x00, 0x00, 0x1A, 0x33, 0x00, 0x00, 0xEA, 0x01, 0x00, 0x76, 0xE3,
    0x07, 0x00, 0x00, 0x0A, 0x02, 0x00, 0x00, 0xEA, 0x01, 0x00, 0x76, 0xE3, 0x01, 0x50, 0xA0, 0x13,
    0x0D, 0x00, 0x00, 0x0A, 0x58, 0x20, 0x9D, 0xE5, 0x01, 0x40, 0xA0, 0xE1, 0x06, 0x51, 0x82, 0xE7,
    0xA5, 0xFF, 0xFF, 0xEA, 0x60, 0xE3, 0x9F, 0xE5, 0x01, 0xC0, 0x45, 0xE2, 0x00, 0x20, 0x99, 0xE5,
    0x01, 0x40, 0x81, 0xE2, 0x81, 0x01, 0xA0, 0xE1, 0x05, 0x00, 0x5C, 0xE3, 0x24, 0x00, 0x00, 0x8A,
    0x0C, 0xC0, 0xDE, 0xE7, 0x0C, 0xF1, 0x8F, 0xE0, 0x00, 0xF0, 0x20, 0xE3, 0x00, 0x20, 0x99, 0xE5,
    0x00, 0x60, 0xE0, 0xE3, 0x04, 0x00, 0x82, 0xE2, 0x00, 0x00, 0x89, 0xE5, 0x00, 0x20, 0x92, 0xE5,
    0x54, 0x00, 0x9D, 0xE5, 0x01, 0x50, 0xA0, 0xE3, 0x01, 0x40, 0x81, 0xE2, 0x81, 0x21, 0x80, 0xE7,
    0x91, 0xFF, 0xFF, 0xEA, 0x07, 0x20, 0x82, 0xE2, 0x07, 0x20, 0xC2, 0xE3, 0x00, 0x7B, 0x92, 0xED,
    0x08, 0x10, 0x82, 0xE2, 0x54, 0x20, 0x9D, 0xE5, 0x00, 0x10, 0x89, 0xE5, 0x00, 0x20, 0x82, 0xE0,
    0x00, 0x7B, 0x82, 0xED, 0x88, 0xFF, 0xFF, 0xEA, 0x01, 0x00, 0x76, 0xE3, 0x06, 0x50, 0xA0, 0x13,
    0xDB, 0xFF, 0xFF, 0x1A, 0x00, 0x20, 0x99, 0xE5, 0x00, 0x60, 0xE0, 0xE3, 0x04, 0x00, 0x82, 0xE2,
    0x00, 0x00, 0x89, 0xE5, 0x00, 0x20, 0x92, 0xE5, 0x54, 0x00, 0x9D, 0xE5, 0x06, 0x50, 0xA0, 0xE3,
    0x01, 0x40, 0x81, 0xE2, 0x81, 0x21, 0x80, 0xE7, 0x7B, 0xFF, 0xFF, 0xEA, 0x01, 0x00, 0x76, 0xE3,
    0xCF, 0xFF, 0xFF, 0x1A, 0x00, 0x20, 0x99, 0xE5, 0x00, 0x60, 0xE0, 0xE3, 0x04, 0x00, 0x82, 0xE2,
    0x00, 0x00, 0x89, 0xE5, 0x00, 0x20, 0x92, 0xE5, 0x54, 0x00, 0x9D, 0xE5, 0x00, 0x50, 0xA0, 0xE3,
    0x01, 0x40, 0x81, 0xE2, 0x81, 0x21, 0x80, 0xE7, 0x6F, 0xFF, 0xFF, 0xEA, 0x01, 0x00, 0x76, 0xE3,
    0x03, 0x50, 0xA0, 0x13, 0xC2, 0xFF, 0xFF, 0x1A, 0x00, 0x20, 0x99, 0xE5, 0x00, 0x60, 0xE0, 0xE3,
    0x04, 0x00, 0x82, 0xE2, 0x00, 0x00, 0x89, 0xE5, 0x00, 0x20, 0x92, 0xE5, 0x54, 0x00, 0x9D, 0xE5,
    0x03, 0x50, 0xA0, 0xE3, 0x01, 0x40, 0x81, 0xE2, 0x81, 0x21, 0x80, 0xE7, 0x62, 0xFF, 0xFF, 0xEA,
    0x01, 0x00, 0x76, 0xE3, 0x04, 0x50, 0xA0, 0x13, 0xB5, 0xFF, 0xFF, 0x1A, 0x00, 0x20, 0x99, 0xE5,
    0x01, 0x40, 0x81, 0xE2, 0x07, 0x20, 0x82, 0xE2, 0x07, 0x20, 0xC2, 0xE3, 0x00, 0x7B, 0x92, 0xED,
    0x08, 0x00, 0x82, 0xE2, 0x54, 0x20, 0x9D, 0xE5, 0x00, 0x00, 0x89, 0xE5, 0x81, 0x11, 0x82, 0xE0,
    0x00, 0x7B, 0x81, 0xED, 0x00, 0x60, 0xE0, 0xE3, 0x04, 0x50, 0xA0, 0xE3, 0x52, 0xFF, 0xFF, 0xEA,
    0x07, 0x20, 0x82, 0xE2, 0x07, 0x20, 0xC2, 0xE3, 0x00, 0x7B, 0x92, 0xED, 0x08, 0x10, 0x82, 0xE2,
    0x54, 0x20, 0x9D, 0xE5, 0x00, 0x10, 0x89, 0xE5, 0x00, 0x00, 0x82, 0xE0, 0x00, 0x7B, 0x80, 0xED,
    0x49, 0xFF, 0xFF, 0xEA, 0x58, 0x20, 0x9D, 0xE5, 0x00, 0x20, 0x92, 0xE5, 0x01, 0x00, 0x72, 0xE3,
    0x05, 0x00, 0x00, 0x1A, 0x80, 0x20, 0xA0, 0xE3, 0x00, 0x10, 0xA0, 0xE3, 0x58, 0x00, 0x9D, 0xE5,
    0x14, 0x30, 0x8D, 0xE5, 0x60, 0xDA, 0xFF, 0xEB, 0x14, 0x30, 0x9D, 0xE5, 0x01, 0x60, 0x48, 0xE2,
    0x06, 0x00, 0x5A, 0xE1, 0x06, 0xA0, 0xA0, 0xB1, 0x3B, 0xFF, 0xFF, 0xEA, 0x58, 0x20, 0x9D, 0xE5,
    0x00, 0x20, 0x92, 0xE5, 0x01, 0x00, 0x72, 0xE3, 0x05, 0x00, 0x00, 0x1A, 0x80, 0x20, 0xA0, 0xE3,
    0x00, 0x10, 0xA0, 0xE3, 0x58, 0x00, 0x9D, 0xE5, 0x14, 0x30, 0x8D, 0xE5, 0x52, 0xDA, 0xFF, 0xEB,
    0x14, 0x30, 0x9D, 0xE5, 0x00, 0x20, 0xA0, 0xE3, 0x01, 0x80, 0x48, 0xE2, 0x58, 0x10, 0x9D, 0xE5,
    0x08, 0x00, 0x5A, 0xE1, 0x08, 0xA0, 0xA0, 0xB1, 0x08, 0x21, 0x81, 0xE7, 0x2A, 0xFF, 0xFF, 0xEA,
    0x00, 0x20, 0x99, 0xE5, 0x01, 0xB0, 0xA0, 0xE1, 0x04, 0x00, 0x82, 0xE2, 0x00, 0x00, 0x89, 0xE5,
    0x00, 0x20, 0x92, 0xE5, 0x54, 0x00, 0x9D, 0xE5, 0x84, 0x21, 0x80, 0xE7, 0x01, 0x40, 0x84, 0xE2,
    0x21, 0xFF, 0xFF, 0xEA, 0x0A, 0x00, 0xA0, 0xE3, 0x30, 0x80, 0x42, 0xE2, 0x01, 0x10, 0x81, 0xE2,
    0x00, 0x20, 0xD1, 0xE5, 0x01, 0xB0, 0xA0, 0xE1, 0x00, 0x00, 0x52, 0xE3, 0x1A, 0xFF, 0xFF, 0x0A,
    0x30, 0x20, 0x42, 0xE2, 0x09, 0x00, 0x52, 0xE3, 0x17, 0xFF, 0xFF, 0x8A, 0x90, 0x28, 0x28, 0xE0,
    0x01, 0x10, 0x81, 0xE2, 0xF5, 0xFF, 0xFF, 0xEA, 0x01, 0xB0, 0xA0, 0xE1, 0x00, 0x20, 0xDB, 0xE5,
    0x01, 0x10, 0x81, 0xE2, 0x30, 0x20, 0x42, 0xE2, 0x72, 0x20, 0xEF, 0xE6, 0x09, 0x00, 0x52, 0xE3,
    0xF8, 0xFF, 0xFF, 0x9A, 0x0C, 0xFF, 0xFF, 0xEA, 0x0A, 0x30, 0xA0, 0xE1, 0xDA, 0xFE, 0xFF, 0xEA,
    0x03, 0xA0, 0xA0, 0xE1, 0x04, 0x00, 0xA0, 0xE1, 0x00, 0x30, 0xDB, 0xE5, 0x0C, 0x20, 0x9D, 0xE5,
    0x00, 0x00, 0x53, 0xE3, 0x54, 0x30, 0x9D, 0xE5, 0x50, 0x60, 0x9D, 0xE5, 0x5C, 0x70, 0x9D, 0xE5,
    0xD8, 0xC0, 0x9F, 0xE5, 0x02, 0xA0, 0xA0, 0x11, 0x84, 0x21, 0x83, 0xE0, 0x0A, 0x00, 0x50, 0xE1,
    0x1D, 0x00, 0x00, 0xCA, 0x58, 0x30, 0x9D, 0xE5, 0x00, 0x11, 0x93, 0xE7, 0x00, 0x30, 0x99, 0xE5,
    0x01, 0x10, 0x41, 0xE2, 0x01, 0x00, 0x80, 0xE2, 0x05, 0x00, 0x51, 0xE3, 0x10, 0x00, 0x00, 0x8A,
    0x01, 0x10, 0xDC, 0xE7, 0x01, 0xF1, 0x8F, 0xE0, 0x00, 0xF0, 0x20, 0xE3, 0x07, 0x30, 0x83, 0xE2,
    0x07, 0x30, 0xC3, 0xE3, 0x00, 0x7B, 0x93, 0xED, 0x08, 0x10, 0x83, 0xE2, 0x00, 0x10, 0x89, 0xE5,
    0x00, 0x7B, 0x82, 0xED, 0x0A, 0x00, 0x00, 0xEA, 0x07, 0x30, 0x83, 0xE2, 0x07, 0x30, 0xC3, 0xE3,
    0x08, 0x10, 0x83, 0xE2, 0x00, 0x10, 0x89, 0xE5, 0x00, 0x7B, 0x93, 0xED, 0x00, 0x7B, 0x82, 0xED,
    0x03, 0x00, 0x00, 0xEA, 0x04, 0x10, 0x83, 0xE2, 0x00, 0x10, 0x89, 0xE5, 0x00, 0x30, 0x93, 0xE5,
    0x00, 0x30, 0x82, 0xE5, 0x08, 0x20, 0x82, 0xE2, 0xDF, 0xFF, 0xFF, 0xEA, 0x01, 0x20, 0x8A, 0xE2,
    0x02, 0x00, 0x54, 0xE1, 0x01, 0x30, 0x64, 0xE2, 0x00, 0x30, 0xA0, 0xC3, 0x0A, 0x30, 0x83, 0xD0,
    0x04, 0x30, 0x83, 0xE0, 0x00, 0x30, 0x86, 0xE5, 0x0C, 0x20, 0x9D, 0xE5, 0x54, 0x30, 0x9D, 0xE5,
    0x00, 0xB0, 0x87, 0xE5, 0x82, 0x01, 0x83, 0xE0, 0x2C, 0xD0, 0x8D, 0xE2, 0xF0, 0x8F, 0xBD, 0xE8,
    0x84, 0xA6, 0x11, 0x00, 0x0C, 0x92, 0x11, 0x00, 0x34, 0x91, 0x11, 0x00, 0xA0, 0x91, 0x11, 0x00,
    0x10, 0x94, 0x11, 0x00, 0x20, 0x94, 0x11, 0x00, 0x21, 0x08, 0x12, 0x00, 0x38, 0x94, 0x11, 0x00,
    0x3E, 0x94, 0x11, 0x00, 0xF0, 0x4F, 0x2D, 0xE9, 0x00, 0x80, 0xA0, 0xE1, 0xA9, 0xDF, 0x4D, 0xE2,
    0x20, 0x20, 0x8D, 0xE5, 0x01, 0xB0, 0xA0, 0xE1, 0x08, 0x20, 0xA0, 0xE3, 0x00, 0x10, 0xA0, 0xE3,
    0x60, 0x00, 0x8D, 0xE2, 0x44, 0x30, 0x8D, 0xE5, 0xDF, 0xD9, 0xFF, 0xEB, 0x00, 0x00, 0x58, 0xE3,
    0x04, 0x00, 0x00, 0x0A, 0x34, 0x30, 0x98, 0xE5, 0x00, 0x00, 0x53, 0xE3, 0x01, 0x00, 0x00, 0x1A,
    0x08, 0x00, 0xA0, 0xE1, 0xFA, 0xDE, 0xFF, 0xEB, 0x70, 0x30, 0x9B, 0xE5, 0x01, 0x00, 0x13, 0xE3,
    0x04, 0x00, 0x00, 0x1A, 0xBC, 0x30, 0xDB, 0xE1, 0x02, 0x0C, 0x13, 0xE3, 0x01, 0x00, 0x00, 0x1A,
    0x5C, 0x00, 0x8B, 0xE2, 0x39, 0x0B, 0x00, 0xEB, 0xBC, 0x30, 0xDB, 0xE1, 0x08, 0x00, 0x13, 0xE3,
    0x02, 0x00, 0x00, 0x0A, 0x10, 0x30, 0x9B, 0xE5, 0x00, 0x00, 0x53, 0xE3, 0x0F, 0x00, 0x00, 0x1A,
    0x0B, 0x10, 0xA0, 0xE1, 0x08, 0x00, 0xA0, 0xE1, 0xF6, 0xF5, 0xFF, 0xEB, 0x00, 0x00, 0x50, 0xE3,
    0x0A, 0x00, 0x00, 0x0A, 0x70, 0x30, 0x9B, 0xE5, 0x01, 0x00, 0x13, 0xE3, 0x04, 0x00, 0x00, 0x1A,
    0xBC, 0x30, 0xDB, 0xE1, 0x02, 0x0C, 0x13, 0xE3, 0x01, 0x00, 0x00, 0x1A, 0x5C, 0x00, 0x8B, 0xE2,
    0x2D, 0x0B, 0x00, 0xEB, 0x00, 0x30, 0xE0, 0xE3, 0x24, 0x30, 0x8D, 0xE5, 0x8A, 0x08, 0x00, 0xEA,
    0xFC, 0x30, 0xDB, 0xE1, 0x1A, 0x20, 0x03, 0xE2, 0x0A, 0x00, 0x52, 0xE3, 0x10, 0x00, 0x00, 0x1A,
    0xFE, 0x20, 0xDB, 0xE1, 0x00, 0x00, 0x52, 0xE3, 0x0D, 0x00, 0x00, 0xBA, 0x70, 0x20, 0x9B, 0xE5,
    0x01, 0x00, 0x12, 0xE3, 0x03, 0x00, 0x00, 0x1A, 0x02, 0x0C, 0x13, 0xE3, 0x01, 0x00, 0x00, 0x1A,
    0x5C, 0x00, 0x8B, 0xE2, 0x1C, 0x0B, 0x00, 0xEB, 0x0B, 0x10, 0xA0, 0xE1, 0x08, 0x00, 0xA0, 0xE1,
    0x44, 0x30, 0x9D, 0xE5, 0x20, 0x20, 0x9D, 0xE5, 0x7B, 0x08, 0x00, 0xEB, 0x24, 0x00, 0x8D, 0xE5,
    0x75, 0x08, 0x00, 0xEA, 0x00, 0x30, 0xA0, 0xE3, 0x7C, 0x20, 0x8D, 0xE2, 0x00, 0x10, 0xE0, 0xE3,
    0x18, 0xB0, 0x8D, 0xE5, 0x03, 0x90, 0xA0, 0xE1, 0x08, 0xA0, 0xA0, 0xE1, 0x02, 0xB0, 0xA0, 0xE1,
    0x70, 0x20, 0x8D, 0xE5, 0x78, 0x30, 0x8D, 0xE5, 0x74, 0x30, 0x8D, 0xE5, 0x54, 0x30, 0x8D, 0xE5,
    0x20, 0x11, 0x8D, 0xE5, 0x50, 0x30, 0x8D, 0xE5, 0x28, 0x30, 0x8D, 0xE5, 0x2C, 0x30, 0x8D, 0xE5,
    0x30, 0x30, 0x8D, 0xE5, 0x34, 0x30, 0x8D, 0xE5, 0x24, 0x30, 0x8D, 0xE5, 0x20, 0x40, 0x9D, 0xE5,
    0x60, 0x50, 0x8D, 0xE2, 0xB6, 0x09, 0x00, 0xEB, 0x30, 0x30, 0x90, 0xE5, 0xC0, 0x2F, 0x9F, 0xE5,
    0x00, 0x00, 0x53, 0xE3, 0x02, 0x30, 0xA0, 0x01, 0xCC, 0x61, 0x93, 0xE5, 0xE8, 0xEF, 0xFF, 0xEB,
    0x04, 0x20, 0xA0, 0xE1, 0x00, 0x30, 0xA0, 0xE1, 0x00, 0x50, 0x8D, 0xE5, 0x0A, 0x00, 0xA0, 0xE1,
    0x58, 0x10, 0x8D, 0xE2, 0x36, 0xFF, 0x2F, 0xE1, 0x00, 0x60, 0x50, 0xE2, 0x0B, 0x00, 0x00, 0x0A,
    0x05, 0x00, 0x00, 0xAA, 0x08, 0x20, 0xA0, 0xE3, 0x00, 0x10, 0xA0, 0xE3, 0x05, 0x00, 0xA0, 0xE1,
    0x7D, 0xD9, 0xFF, 0xEB, 0x01, 0x60, 0xA0, 0xE3, 0x02, 0x00, 0x00, 0xEA, 0x58, 0x30, 0x9D, 0xE5,
    0x25, 0x00, 0x53, 0xE3, 0x01, 0x00, 0x00, 0x0A, 0x06, 0x40, 0x84, 0xE0, 0xE4, 0xFF, 0xFF, 0xEA,
    0x20, 0x30, 0x9D, 0xE5, 0x03, 0x50, 0x54, 0xE0, 0x13, 0x00, 0x00, 0x0A, 0x28, 0x00, 0x8B, 0xE8,
    0x78, 0x30, 0x9D, 0xE5, 0x05, 0x30, 0x83, 0xE0, 0x78, 0x30, 0x8D, 0xE5, 0x74, 0x30, 0x9D, 0xE5,
    0x01, 0x30, 0x83, 0xE2, 0x07, 0x00, 0x53, 0xE3, 0x74, 0x30, 0x8D, 0xE5, 0x08, 0xB0, 0x8B, 0xD2,
    0x06, 0x00, 0x00, 0xDA, 0x0A, 0x00, 0xA0, 0xE1, 0x18, 0x10, 0x9D, 0xE5, 0x70, 0x20, 0x8D, 0xE2,
    0xCC, 0xEF, 0xFF, 0xEB, 0x00, 0x00, 0x50, 0xE3, 0x27, 0x08, 0x00, 0x1A, 0x7C, 0xB0, 0x8D, 0xE2,
    0x24, 0x30, 0x9D, 0xE5, 0x05, 0x30, 0x83, 0xE0, 0x24, 0x30, 0x8D, 0xE5, 0x00, 0x00, 0x56, 0xE3,
    0x09, 0x08, 0x00, 0x0A, 0x00, 0x30, 0xA0, 0xE3, 0x00, 0x10, 0xE0, 0xE3, 0x10, 0xB0, 0x8D, 0xE5,
    0x09, 0x60, 0xA0, 0xE1, 0x03, 0x80, 0xA0, 0xE1, 0x03, 0x50, 0xA0, 0xE1, 0x03, 0xB0, 0xA0, 0xE1,
    0x01, 0x20, 0x84, 0xE2, 0x4B, 0x30, 0xCD, 0xE5, 0x14, 0x10, 0x8D, 0xE5, 0x1C, 0x30, 0x8D, 0xE5,
    0x01, 0x70, 0xD2, 0xE4, 0xCC, 0x1E, 0x9F, 0xE5, 0x20, 0x30, 0x47, 0xE2, 0x5A, 0x00, 0x53, 0xE3,
    0xC2, 0x06, 0x00, 0x8A, 0x03, 0x30, 0x83, 0xE0, 0xF3, 0x30, 0x91, 0xE1, 0x03, 0xF1, 0x8F, 0xE0,
    0x00, 0xF0, 0x20, 0xE3, 0x1C, 0xB0, 0x8D, 0xE5, 0xB0, 0x3E, 0x9F, 0xE5, 0x10, 0xB0, 0x9D, 0xE5,
    0x20, 0x20, 0x8D, 0xE5, 0x5E, 0x05, 0x00, 0xEA, 0x0A, 0x00, 0xA0, 0xE1, 0x1C, 0x20, 0x8D, 0xE5,
    0xC0, 0xF5, 0xFF, 0xEB, 0x04, 0x30, 0x90, 0xE5, 0x03, 0x00, 0xA0, 0xE1, 0x34, 0x30, 0x8D, 0xE5,
    0xFD, 0xD7, 0xFF, 0xEB, 0x30, 0x00, 0x8D, 0xE5, 0x0A, 0x00, 0xA0, 0xE1, 0xB9, 0xF5, 0xFF, 0xEB,
    0x08, 0x30, 0x90, 0xE5, 0x2C, 0x30, 0x8D, 0xE5, 0xDC, 0x22, 0xCD, 0xE1, 0x00, 0x00, 0x53, 0xE3,
    0x00, 0x00, 0x52, 0x13, 0x1C, 0x20, 0x9D, 0xE5, 0xE0, 0xFF, 0xFF, 0x0A, 0x2C, 0x30, 0x9D, 0xE5,
    0x00, 0x30, 0xD3, 0xE5, 0x00, 0x00, 0x53, 0xE3, 0x01, 0x5B, 0x85, 0x13, 0xDB, 0xFF, 0xFF, 0xEA,
    0x4B, 0x30, 0xDD, 0xE5, 0x00, 0x00, 0x53, 0xE3, 0x20, 0x30, 0xA0, 0x03, 0x46, 0x00, 0x00, 0x0A,
    0xD6, 0xFF, 0xFF, 0xEA, 0x01, 0x50, 0x85, 0xE3, 0xD4, 0xFF, 0xFF, 0xEA, 0x00, 0x30, 0xD2, 0xE5,
    0x30, 0x10, 0x43, 0xE2, 0x09, 0x00, 0x51, 0xE3, 0x23, 0x00, 0x00, 0x8A, 0x00, 0x10, 0xA0, 0xE3,
    0x0A, 0x00, 0xA0, 0xE3, 0x01, 0x70, 0x82, 0xE2, 0x30, 0x30, 0x43, 0xE2, 0x90, 0x31, 0x21, 0xE0,
    0x01, 0x30, 0xD7, 0xE4, 0x30, 0xC0, 0x43, 0xE2, 0x09, 0x00, 0x5C, 0xE3, 0xF9, 0xFF, 0xFF, 0x9A,
    0x24, 0x00, 0x53, 0xE3, 0x01, 0x00, 0x00, 0x0A, 0x00, 0x80, 0xA0, 0xE3, 0xC3, 0xFF, 0xFF, 0xEA,
    0x20, 0x00, 0x51, 0xE3, 0xD8, 0x07, 0x00, 0xCA, 0x50, 0x30, 0x9D, 0xE5, 0x01, 0x10, 0x41, 0xE2,
    0x01, 0x00, 0x53, 0xE1, 0x2A, 0x3E, 0x8D, 0xC2, 0x81, 0x11, 0x83, 0xC0, 0x00, 0xB1, 0x11, 0xC5,
    0x15, 0x00, 0x00, 0xCA, 0x54, 0x30, 0x8D, 0xE2, 0x0C, 0x30, 0x8D, 0xE5, 0x12, 0x3E, 0x8D, 0xE2,
    0x08, 0x30, 0x8D, 0xE5, 0x1A, 0x3E, 0x8D, 0xE2, 0x04, 0x30, 0x8D, 0xE5, 0x50, 0x30, 0x8D, 0xE2,
    0x00, 0x30, 0x8D, 0xE5, 0x04, 0x20, 0xA0, 0xE1, 0x0A, 0x00, 0xA0, 0xE1, 0x44, 0x30, 0x8D, 0xE2,
    0x9F, 0xFD, 0xFF, 0xEB, 0x00, 0xB0, 0x90, 0xE5, 0x07, 0x00, 0x00, 0xEA, 0x50, 0x30, 0x9D, 0xE5,
    0x01, 0x00, 0x89, 0xE2, 0x09, 0x00, 0x53, 0xE1, 0x2A, 0x3E, 0x8D, 0xC2, 0x86, 0x31, 0x83, 0xC0,
    0x00, 0xB1, 0x13, 0xC5, 0x0D, 0x00, 0x00, 0xCA, 0x01, 0x00, 0x00, 0xEA, 0x07, 0x20, 0xA0, 0xE1,
    0x0B, 0x00, 0x00, 0xEA, 0x44, 0x10, 0x9D, 0xE5, 0x1F, 0x00, 0x53, 0xE3, 0x04, 0xB0, 0x91, 0xE4,
    0x44, 0x10, 0x8D, 0xC5, 0x05, 0x00, 0x00, 0xCA, 0x44, 0x10, 0x8D, 0xE5, 0x2A, 0x1E, 0x8D, 0xE2,
    0x01, 0xC0, 0x83, 0xE2, 0x83, 0x31, 0x81, 0xE0, 0x50, 0xC0, 0x8D, 0xE5, 0x00, 0xB1, 0x03, 0xE5,
    0x00, 0x90, 0xA0, 0xE1, 0x00, 0x00, 0x5B, 0xE3, 0x94, 0xFF, 0xFF, 0xAA, 0x00, 0xB0, 0x6B, 0xE2,
    0x04, 0x50, 0x85, 0xE3, 0x91, 0xFF, 0xFF, 0xEA, 0x2B, 0x30, 0xA0, 0xE3, 0x4B, 0x30, 0xCD, 0xE5,
    0x8E, 0xFF, 0xFF, 0xEA, 0x02, 0x30, 0xA0, 0xE1, 0x01, 0x70, 0xD3, 0xE4, 0x2A, 0x00, 0x57, 0xE3,
    0x44, 0x00, 0x00, 0x1A, 0x01, 0x00, 0xD2, 0xE5, 0x30, 0x10, 0x40, 0xE2, 0x09, 0x00, 0x51, 0xE3,
    0x22, 0x00, 0x00, 0x8A, 0x02, 0x70, 0x82, 0xE2, 0x00, 0x10, 0xA0, 0xE3, 0x0A, 0x20, 0xA0, 0xE3,
    0x30, 0x00, 0x40, 0xE2, 0x92, 0x01, 0x21, 0xE0, 0x01, 0x00, 0xD7, 0xE4, 0x30, 0xC0, 0x40, 0xE2,
    0x09, 0x00, 0x5C, 0xE3, 0xF9, 0xFF, 0xFF, 0x9A, 0x24, 0x00, 0x50, 0xE3, 0x03, 0x20, 0xA0, 0x11,
    0xB4, 0xFF, 0xFF, 0x1A, 0x20, 0x00, 0x51, 0xE3, 0x8F, 0x07, 0x00, 0xCA, 0x50, 0x30, 0x9D, 0xE5,
    0x01, 0x10, 0x41, 0xE2, 0x01, 0x00, 0x53, 0xE1, 0x2A, 0x3E, 0x8D, 0xC2, 0x81, 0x11, 0x83, 0xC0,
    0x00, 0x21, 0x11, 0xC5, 0x15, 0x00, 0x00, 0xCA, 0x54, 0x30, 0x8D, 0xE2, 0x0C, 0x30, 0x8D, 0xE5,
    0x12, 0x3E, 0x8D, 0xE2, 0x08, 0x30, 0x8D, 0xE5, 0x1A, 0x3E, 0x8D, 0xE2, 0x04, 0x30, 0x8D, 0xE5,
    0x50, 0x30, 0x8D, 0xE2, 0x04, 0x20, 0xA0, 0xE1, 0x00, 0x30, 0x8D, 0xE5, 0x0A, 0x00, 0xA0, 0xE1,
    0x44, 0x30, 0x8D, 0xE2, 0x56, 0xFD, 0xFF, 0xEB, 0x00, 0x20, 0x90, 0xE5, 0x07, 0x00, 0x00, 0xEA,
    0x50, 0x10, 0x9D, 0xE5, 0x01, 0x00, 0x89, 0xE2, 0x09, 0x00, 0x51, 0xE1, 0x2A, 0x2E, 0x8D, 0xC2,
    0x86, 0x21, 0x82, 0xC0, 0x00, 0x21, 0x12, 0xC5, 0x11, 0x00, 0x00, 0xCA, 0x02, 0x00, 0x00, 0xEA,
    0x07, 0x30, 0xA0, 0xE1, 0x09, 0x00, 0xA0, 0xE1, 0x0D, 0x00, 0x00, 0xEA, 0x44, 0x20, 0x9D, 0xE5,
    0x1F, 0x00, 0x51, 0xE3, 0x04, 0x10, 0x82, 0xC2, 0x44, 0x10, 0x8D, 0xC5, 0x00, 0x20, 0x92, 0xC5,
    0x07, 0x00, 0x00, 0xCA, 0x01, 0xC0, 0x81, 0xE2, 0x50, 0xC0, 0x8D, 0xE5, 0x04, 0xC0, 0x82, 0xE2,
    0x44, 0xC0, 0x8D, 0xE5, 0x00, 0x20, 0x92, 0xE5, 0x2A, 0xCE, 0x8D, 0xE2, 0x81, 0x11, 0x8C, 0xE0,
    0x00, 0x21, 0x01, 0xE5, 0xC2, 0x2F, 0x82, 0xE1, 0x14, 0x20, 0x8D, 0xE5, 0x00, 0x90, 0xA0, 0xE1,
    0x03, 0x20, 0xA0, 0xE1, 0x45, 0xFF, 0xFF, 0xEA, 0x00, 0x20, 0xA0, 0xE3, 0x0A, 0x00, 0xA0, 0xE3,
    0x30, 0x10, 0x47, 0xE2, 0x09, 0x00, 0x51, 0xE3, 0x90, 0x12, 0x22, 0x90, 0x01, 0x70, 0xD3, 0x94,
    0xFA, 0xFF, 0xFF, 0x9A, 0xC2, 0x2F, 0x82, 0xE1, 0x14, 0x20, 0x8D, 0xE5, 0x0B, 0x10, 0xA0, 0xE1,
    0x03, 0x20, 0xA0, 0xE1, 0x01, 0xB0, 0xA0, 0xE1, 0x39, 0xFF, 0xFF, 0xEA, 0x80, 0x50, 0x85, 0xE3,
    0x36, 0xFF, 0xFF, 0xEA, 0x00, 0x10, 0xA0, 0xE3, 0x0A, 0x30, 0xA0, 0xE3, 0x30, 0x70, 0x47, 0xE2,
    0x93, 0x71, 0x21, 0xE0, 0x01, 0x70, 0xD2, 0xE4, 0x30, 0x00, 0x47, 0xE2, 0x09, 0x00, 0x50, 0xE3,
    0xF9, 0xFF, 0xFF, 0x9A, 0x24, 0x00, 0x57, 0xE3, 0xF1, 0xFF, 0xFF, 0x1A, 0x20, 0x00, 0x51, 0xE3,
    0x41, 0x07, 0x00, 0xCA, 0x01, 0x80, 0xA0, 0xE3, 0x01, 0x60, 0x41, 0xE2, 0x27, 0xFF, 0xFF, 0xEA,
    0x00, 0x30, 0xD2, 0xE5, 0x68, 0x00, 0x53, 0xE3, 0x01, 0x20, 0x82, 0x02, 0x02, 0x5C, 0x85, 0x03,
    0x40, 0x50, 0x85, 0x13, 0x21, 0xFF, 0xFF, 0xEA, 0x00, 0x30, 0xD2, 0xE5, 0x6C, 0x00, 0x53, 0xE3,
    0x01, 0x20, 0x82, 0x02, 0x10, 0x50, 0x85, 0x13, 0x1C, 0xFF, 0xFF, 0x1A, 0x20, 0x50, 0x85, 0xE3,
    0x1A, 0xFF, 0xFF, 0xEA, 0x50, 0x30, 0x9D, 0xE5, 0x43, 0x00, 0x57, 0xE3, 0x1C, 0xB0, 0x8D, 0xE5,
    0x20, 0x20, 0x8D, 0xE5, 0x10, 0xB0, 0x9D, 0xE5, 0x14, 0x30, 0x8D, 0xE5, 0x01, 0x00, 0x00, 0x0A,
    0x10, 0x00, 0x15, 0xE3, 0x37, 0x00, 0x00, 0x0A, 0x08, 0x20, 0xA0, 0xE3, 0x00, 0x10, 0xA0, 0xE3,
    0x68, 0x00, 0x8D, 0xE2, 0x60, 0xD8, 0xFF, 0xEB, 0x00, 0x00, 0x58, 0xE3, 0x15, 0x00, 0x00, 0x0A,
    0x14, 0x30, 0x9D, 0xE5, 0x03, 0x00, 0x56, 0xE1, 0x2A, 0x3E, 0x8D, 0xB2, 0x86, 0x61, 0x83, 0xB0,
    0x00, 0x21, 0x16, 0xB5, 0x0D, 0x00, 0x00, 0xBA, 0x54, 0x30, 0x8D, 0xE2, 0x0C, 0x30, 0x8D, 0xE5,
    0x12, 0x3E, 0x8D, 0xE2, 0x08, 0x30, 0x8D, 0xE5, 0x1A, 0x3E, 0x8D, 0xE2, 0x04, 0x30, 0x8D, 0xE5,
    0x50, 0x30, 0x8D, 0xE2, 0x04, 0x20, 0xA0, 0xE1, 0x00, 0x30, 0x8D, 0xE5, 0x06, 0x10, 0xA0, 0xE1,
    0x0A, 0x00, 0xA0, 0xE1, 0x44, 0x30, 0x8D, 0xE2, 0xE9, 0xFC, 0xFF, 0xEB, 0x00, 0x20, 0x90, 0xE5,
    0x10, 0x90, 0x8D, 0xE5, 0x13, 0x00, 0x00, 0xEA, 0x01, 0x30, 0x89, 0xE2, 0x10, 0x30, 0x8D, 0xE5,
    0x14, 0x30, 0x9D, 0xE5, 0x03, 0x00, 0x59, 0xE1, 0x2A, 0x3E, 0x8D, 0xB2, 0x86, 0x61, 0x83, 0xB0,
    0x00, 0x21, 0x16, 0xB5, 0x0B, 0x00, 0x00, 0xBA, 0x14, 0x10, 0x9D, 0xE5, 0x44, 0x30, 0x9D, 0xE5,
    0x1F, 0x00, 0x51, 0xE3, 0x04, 0x20, 0x93, 0xE4, 0x01, 0x10, 0x81, 0xD2, 0x50, 0x10, 0x8D, 0xD5,
    0x14, 0x10, 0x9D, 0xD5, 0x44, 0x30, 0x8D, 0xD5, 0x2A, 0x3E, 0x8D, 0xD2, 0x81, 0x31, 0x83, 0xD0,
    0x00, 0x21, 0x03, 0xD5, 0x44, 0x30, 0x8D, 0xC5, 0x0A, 0x00, 0xA0, 0xE1, 0x68, 0x30, 0x8D, 0xE2,
    0xBC, 0x10, 0x8D, 0xE2, 0xE9, 0xED, 0xFF, 0xEB, 0x01, 0x00, 0x70, 0xE3, 0x14, 0x00, 0x8D, 0xE5,
    0x30, 0x00, 0x00, 0x1A, 0x3D, 0x03, 0x00, 0xEA, 0x00, 0x00, 0x58, 0xE3, 0x15, 0x00, 0x00, 0x0A,
    0x14, 0x30, 0x9D, 0xE5, 0x03, 0x00, 0x56, 0xE1, 0x2A, 0x3E, 0x8D, 0xB2, 0x86, 0x61, 0x83, 0xB0,
    0x00, 0x31, 0x56, 0xB5, 0x0D, 0x00, 0x00, 0xBA, 0x54, 0x30, 0x8D, 0xE2, 0x0C, 0x30, 0x8D, 0xE5,
    0x12, 0x3E, 0x8D, 0xE2, 0x08, 0x30, 0x8D, 0xE5, 0x1A, 0x3E, 0x8D, 0xE2, 0x04, 0x30, 0x8D, 0xE5,
    0x50, 0x30, 0x8D, 0xE2, 0x00, 0x30, 0x8D, 0xE5, 0x04, 0x20, 0xA0, 0xE1, 0x44, 0x30, 0x8D, 0xE2,
    0x06, 0x10, 0xA0, 0xE1, 0x0A, 0x00, 0xA0, 0xE1, 0xB5, 0xFC, 0xFF, 0xEB, 0x00, 0x30, 0xD0, 0xE5,
    0x10, 0x90, 0x8D, 0xE5, 0x14, 0x00, 0x00, 0xEA, 0x01, 0x30, 0x89, 0xE2, 0x10, 0x30, 0x8D, 0xE5,
    0x14, 0x30, 0x9D, 0xE5, 0x03, 0x00, 0x59, 0xE1, 0x2A, 0x3E, 0x8D, 0xB2, 0x86, 0x61, 0x83, 0xB0,
    0x00, 0x31, 0x56, 0xB5, 0x0C, 0x00, 0x00, 0xBA, 0x14, 0x00, 0x9D, 0xE5, 0x44, 0x20, 0x9D, 0xE5,
    0x1F, 0x00, 0x50, 0xE3, 0x04, 0x10, 0x92, 0xE4, 0x01, 0x00, 0x80, 0xD2, 0x50, 0x00, 0x8D, 0xD5,
    0x14, 0x00, 0x9D, 0xD5, 0x44, 0x20, 0x8D, 0xD5, 0x2A, 0x2E, 0x8D, 0xD2, 0x80, 0x21, 0x82, 0xD0,
    0x71, 0x30, 0xEF, 0xE6, 0x00, 0x11, 0x02, 0xD5, 0x44, 0x20, 0x8D, 0xC5, 0xBC, 0x30, 0xCD, 0xE5,
    0x01, 0x30, 0xA0, 0xE3, 0x14, 0x30, 0x8D, 0xE5, 0x00, 0x70, 0xA0, 0xE3, 0x4B, 0x70, 0xCD, 0xE5,
    0x79, 0x05, 0x00, 0xEA, 0x1C, 0xB0, 0x8D, 0xE5, 0x20, 0x20, 0x8D, 0xE5, 0x10, 0xB0, 0x9D, 0xE5,
    0x10, 0x50, 0x85, 0xE3, 0x02, 0x00, 0x00, 0xEA, 0x1C, 0xB0, 0x8D, 0xE5, 0x10, 0xB0, 0x9D, 0xE5,
    0x20, 0x20, 0x8D, 0xE5, 0x20, 0x00, 0x15, 0xE3, 0x50, 0x20, 0x9D, 0xE5, 0x33, 0x00, 0x00, 0x0A,
    0x00, 0x00, 0x58, 0xE3, 0x17, 0x00, 0x00, 0x0A, 0x02, 0x00, 0x56, 0xE1, 0x04, 0x00, 0x00, 0xAA,
    0x1A, 0x2E, 0x8D, 0xE2, 0x86, 0x31, 0x92, 0xE7, 0x86, 0x21, 0x82, 0xE0, 0x04, 0x10, 0x92, 0xE5,
    0x0E, 0x00, 0x00, 0xEA, 0x54, 0x30, 0x8D, 0xE2, 0x0C, 0x30, 0x8D, 0xE5, 0x12, 0x3E, 0x8D, 0xE2,
    0x08, 0x30, 0x8D, 0xE5, 0x1A, 0x3E, 0x8D, 0xE2, 0x04, 0x30, 0x8D, 0xE5, 0x50, 0x30, 0x8D, 0xE2,
    0x06, 0x10, 0xA0, 0xE1, 0x00, 0x30, 0x8D, 0xE5, 0x04, 0x20, 0xA0, 0xE1, 0x44, 0x30, 0x8D, 0xE2,
    0x0A, 0x00, 0xA0, 0xE1, 0x76, 0xFC, 0xFF, 0xEB, 0x00, 0x30, 0x90, 0xE5, 0x04, 0x10, 0x90, 0xE5,
    0x10, 0x90, 0x8D, 0xE5, 0x17, 0x00, 0x00, 0xEA, 0x01, 0x30, 0x89, 0xE2, 0x02, 0x00, 0x59, 0xE1,
    0x10, 0x30, 0x8D, 0xE5, 0x04, 0x00, 0x00, 0xAA, 0x1A, 0x2E, 0x8D, 0xE2, 0x86, 0x31, 0x92, 0xE7,
    0x86, 0x21, 0x82, 0xE0, 0x04, 0x10, 0x92, 0xE5, 0x0E, 0x00, 0x00, 0xEA, 0x44, 0x30, 0x9D, 0xE5,
    0x1F, 0x00, 0x52, 0xE3, 0x07, 0x30, 0x83, 0xE2, 0x07, 0x30, 0xC3, 0xE3, 0xD8, 0x00, 0xC3, 0xE0,
    0x44, 0x30, 0x8D, 0xD5, 0x00, 0x30, 0xA0, 0xD1, 0x44, 0x30, 0x8D, 0xC5, 0x00, 0x30, 0xA0, 0xC1,
    0x1A, 0x0E, 0x8D, 0xD2, 0x82, 0x31, 0x80, 0xD7, 0x01, 0xC0, 0x82, 0xD2, 0x82, 0x01, 0x80, 0xD0,
    0x50, 0xC0, 0x8D, 0xD5, 0x04, 0x10, 0x80, 0xD5, 0x03, 0x80, 0xA0, 0xE1, 0x83, 0x00, 0x00, 0xEA,
    0x10, 0x00, 0x15, 0xE3, 0x55, 0x00, 0x00, 0x1A, 0x40, 0x00, 0x15, 0xE3, 0x24, 0x00, 0x00, 0x0A,
    0x00, 0x00, 0x58, 0xE3, 0x15, 0x00, 0x00, 0x0A, 0x02, 0x00, 0x56, 0xE1, 0x04, 0x00, 0x00, 0xAA,
    0x2A, 0x3E, 0x8D, 0xE2, 0x86, 0x61, 0x83, 0xE0, 0x00, 0x31, 0x16, 0xE5, 0x73, 0x30, 0xBF, 0xE6,
    0x5F, 0x00, 0x00, 0xEA, 0x54, 0x30, 0x8D, 0xE2, 0x0C, 0x30, 0x8D, 0xE5, 0x12, 0x3E, 0x8D, 0xE2,
    0x08, 0x30, 0x8D, 0xE5, 0x1A, 0x3E, 0x8D, 0xE2, 0x04, 0x30, 0x8D, 0xE5, 0x50, 0x30, 0x8D, 0xE2,
    0x00, 0x30, 0x8D, 0xE5, 0x04, 0x20, 0xA0, 0xE1, 0x44, 0x30, 0x8D, 0xE2, 0x06, 0x10, 0xA0, 0xE1,
    0x0A, 0x00, 0xA0, 0xE1, 0x3E, 0xFC, 0xFF, 0xEB, 0xF0, 0x30, 0xD0, 0xE1, 0x50, 0x00, 0x00, 0xEA,
    0x01, 0x30, 0x89, 0xE2, 0x02, 0x00, 0x59, 0xE1, 0x10, 0x30, 0x8D, 0xE5, 0x04, 0x00, 0x00, 0xAA,
    0x2A, 0x3E, 0x8D, 0xE2, 0x86, 0x61, 0x83, 0xE0, 0x00, 0x31, 0x16, 0xE5, 0x73, 0x30, 0xBF, 0xE6,
    0x5C, 0x00, 0x00, 0xEA, 0x44, 0x10, 0x9D, 0xE5, 0x04, 0x00, 0x91, 0xE4, 0x70, 0x30, 0xBF, 0xE6,
    0x25, 0x00, 0x00, 0xEA, 0x02, 0x0C, 0x15, 0xE3, 0x2C, 0x00, 0x00, 0x0A, 0x00, 0x00, 0x58, 0xE3,
    0x15, 0x00, 0x00, 0x0A, 0x02, 0x00, 0x56, 0xE1, 0x04, 0x00, 0x00, 0xAA, 0x2A, 0x3E, 0x8D, 0xE2,
    0x86, 0x61, 0x83, 0xE0, 0x00, 0x31, 0x16, 0xE5, 0x73, 0x30, 0xAF, 0xE6, 0x38, 0x00, 0x00, 0xEA,
    0x54, 0x30, 0x8D, 0xE2, 0x0C, 0x30, 0x8D, 0xE5, 0x12, 0x3E, 0x8D, 0xE2, 0x08, 0x30, 0x8D, 0xE5,
    0x1A, 0x3E, 0x8D, 0xE2, 0x04, 0x30, 0x8D, 0xE5, 0x50, 0x30, 0x8D, 0xE2, 0x00, 0x30, 0x8D, 0xE5,
    0x04, 0x20, 0xA0, 0xE1, 0x44, 0x30, 0x8D, 0xE2, 0x06, 0x10, 0xA0, 0xE1, 0x0A, 0x00, 0xA0, 0xE1,
    0x17, 0xFC, 0xFF, 0xEB, 0xD0, 0x30, 0xD0, 0xE1, 0x29, 0x00, 0x00, 0xEA, 0x01, 0x30, 0x89, 0xE2,
    0x02, 0x00, 0x59, 0xE1, 0x10, 0x30, 0x8D, 0xE5, 0x04, 0x00, 0x00, 0xAA, 0x2A, 0x3E, 0x8D, 0xE2,
    0x86, 0x61, 0x83, 0xE0, 0x00, 0x31, 0x16, 0xE5, 0x73, 0x30, 0xAF, 0xE6, 0x35, 0x00, 0x00, 0xEA,
    0x44, 0x10, 0x9D, 0xE5, 0x04, 0x00, 0x91, 0xE4, 0x70, 0x30, 0xAF, 0xE6, 0x1F, 0x00, 0x52, 0xE3,
    0x2F, 0x00, 0x00, 0xCA, 0x44, 0x10, 0x8D, 0xE5, 0x2A, 0x1E, 0x8D, 0xE2, 0x01, 0xC0, 0x82, 0xE2,
    0x82, 0x21, 0x81, 0xE0, 0x50, 0xC0, 0x8D, 0xE5, 0x00, 0x01, 0x02, 0xE5, 0x29, 0x00, 0x00, 0xEA,
    0x00, 0x00, 0x58, 0xE3, 0x14, 0x00, 0x00, 0x0A, 0x02, 0x00, 0x56, 0xE1, 0x2A, 0x3E, 0x8D, 0xB2,
    0x86, 0x61, 0x83, 0xB0, 0x00, 0x31, 0x16, 0xB5, 0x0D, 0x00, 0x00, 0xBA, 0x54, 0x30, 0x8D, 0xE2,
    0x0C, 0x30, 0x8D, 0xE5, 0x12, 0x3E, 0x8D, 0xE2, 0x08, 0x30, 0x8D, 0xE5, 0x1A, 0x3E, 0x8D, 0xE2,
    0x04, 0x30, 0x8D, 0xE5, 0x50, 0x30, 0x8D, 0xE2, 0x00, 0x30, 0x8D, 0xE5, 0x04, 0x20, 0xA0, 0xE1,
    0x44, 0x30, 0x8D, 0xE2, 0x06, 0x10, 0xA0, 0xE1, 0x0A, 0x00, 0xA0, 0xE1, 0xEC, 0xFB, 0xFF, 0xEB,
    0x00, 0x30, 0x90, 0xE5, 0x10, 0x90, 0x8D, 0xE5, 0x12, 0x00, 0x00, 0xEA, 0x01, 0x30, 0x89, 0xE2,
    0x02, 0x00, 0x59, 0xE1, 0x10, 0x30, 0x8D, 0xE5, 0x2A, 0x3E, 0x8D, 0xB2, 0x86, 0x61, 0x83, 0xB0,
    0x00, 0x31, 0x16, 0xB5, 0x0B, 0x00, 0x00, 0xBA, 0x44, 0x10, 0x9D, 0xE5, 0x1F, 0x00, 0x52, 0xE3,
    0x04, 0x30, 0x91, 0xE4, 0x06, 0x00, 0x00, 0xCA, 0x44, 0x10, 0x8D, 0xE5, 0x2A, 0x1E, 0x8D, 0xE2,
    0x01, 0x00, 0x82, 0xE2, 0x82, 0x21, 0x81, 0xE0, 0x50, 0x00, 0x8D, 0xE5, 0x00, 0x31, 0x02, 0xE5,
    0x00, 0x00, 0x00, 0xEA, 0x44, 0x10, 0x8D, 0xE5, 0x03, 0x80, 0xA0, 0xE1, 0xC3, 0x1F, 0xA0, 0xE1,
    0x00, 0x00, 0x51, 0xE3, 0x28, 0x04, 0x00, 0xAA, 0x00, 0x30, 0x78, 0xE2, 0x03, 0x80, 0xA0, 0xE1,
    0x2D, 0x00, 0xA0, 0xE3, 0x01, 0x20, 0xA0, 0xE3, 0x00, 0x10, 0xE1, 0xE2, 0x1C, 0x04, 0x00, 0xEA,
    0x20, 0x00, 0x15, 0xE3, 0x10, 0xB0, 0x9D, 0xE5, 0x50, 0x30, 0x9D, 0xE5, 0x20, 0x20, 0x8D, 0xE5,
    0x2D, 0x00, 0x00, 0x0A, 0x00, 0x00, 0x58, 0xE3, 0x14, 0x00, 0x00, 0x0A, 0x03, 0x00, 0x56, 0xE1,
    0x2A, 0x3E, 0x8D, 0xB2, 0x86, 0x61, 0x83, 0xB0, 0x00, 0x21, 0x16, 0xB5, 0x0D, 0x00, 0x00, 0xBA,
    0x54, 0x30, 0x8D, 0xE2, 0x0C, 0x30, 0x8D, 0xE5, 0x12, 0x3E, 0x8D, 0xE2, 0x08, 0x30, 0x8D, 0xE5,
    0x1A, 0x3E, 0x8D, 0xE2, 0x04, 0x30, 0x8D, 0xE5, 0x50, 0x30, 0x8D, 0xE2, 0x04, 0x20, 0xA0, 0xE1,
    0x00, 0x30, 0x8D, 0xE5, 0x06, 0x10, 0xA0, 0xE1, 0x0A, 0x00, 0xA0, 0xE1, 0x44, 0x30, 0x8D, 0xE2,
    0xB3, 0xFB, 0xFF, 0xEB, 0x00, 0x20, 0x90, 0xE5, 0x09, 0x10, 0xA0, 0xE1, 0x11, 0x00, 0x00, 0xEA,
    0x03, 0x00, 0x59, 0xE1, 0x2A, 0x3E, 0x8D, 0xB2, 0x86, 0x61, 0x83, 0xB0, 0x00, 0x21, 0x16, 0xB5,
    0x01, 0x10, 0x89, 0xE2, 0x0B, 0x00, 0x00, 0xBA, 0x44, 0x20, 0x9D, 0xE5, 0x1F, 0x00, 0x53, 0xE3,
    0x04, 0x00, 0x82, 0xE2, 0x44, 0x00, 0x8D, 0xD5, 0x00, 0x20, 0x92, 0xD5, 0x2A, 0x0E, 0x8D, 0xD2,
    0x44, 0x00, 0x8D, 0xC5, 0x01, 0xC0, 0x83, 0xD2, 0x00, 0x20, 0x92, 0xC5, 0x83, 0x31, 0x80, 0xD0,
    0x50, 0xC0, 0x8D, 0xD5, 0x00, 0x21, 0x03, 0xD5, 0x24, 0x30, 0x9D, 0xE5, 0x24, 0x00, 0x9D, 0xE5,
    0xC3, 0x3F, 0xA0, 0xE1, 0x09, 0x00, 0x82, 0xE8, 0x88, 0x00, 0x00, 0xEA, 0x10, 0x00, 0x15, 0xE3,
    0x5B, 0x00, 0x00, 0x1A, 0x40, 0x00, 0x15, 0xE3, 0x2B, 0x00, 0x00, 0x0A, 0x00, 0x00, 0x58, 0xE3,
    0x14, 0x00, 0x00, 0x0A, 0x03, 0x00, 0x56, 0xE1, 0x2A, 0x3E, 0x8D, 0xB2, 0x86, 0x61, 0x83, 0xB0,
    0x00, 0x21, 0x16, 0xB5, 0x0D, 0x00, 0x00, 0xBA, 0x54, 0x30, 0x8D, 0xE2, 0x0C, 0x30, 0x8D, 0xE5,
    0x12, 0x3E, 0x8D, 0xE2, 0x08, 0x30, 0x8D, 0xE5, 0x1A, 0x3E, 0x8D, 0xE2, 0x04, 0x30, 0x8D, 0xE5,
    0x50, 0x30, 0x8D, 0xE2, 0x04, 0x20, 0xA0, 0xE1, 0x00, 0x30, 0x8D, 0xE5, 0x06, 0x10, 0xA0, 0xE1,
    0x0A, 0x00, 0xA0, 0xE1, 0x44, 0x30, 0x8D, 0xE2, 0x81, 0xFB, 0xFF, 0xEB, 0x00, 0x20, 0x90, 0xE5,
    0x09, 0x10, 0xA0, 0xE1, 0x11, 0x00, 0x00, 0xEA, 0x03, 0x00, 0x59, 0xE1, 0x2A, 0x3E, 0x8D, 0xB2,
    0x86, 0x61, 0x83, 0xB0, 0x00, 0x21, 0x16, 0xB5, 0x01, 0x10, 0x89, 0xE2, 0x0B, 0x00, 0x00, 0xBA,
    0x44, 0x20, 0x9D, 0xE5, 0x1F, 0x00, 0x53, 0xE3, 0x04, 0x00, 0x82, 0xE2, 0x44, 0x00, 0x8D, 0xD5,
    0x00, 0x20, 0x92, 0xD5, 0x2A, 0x0E, 0x8D, 0xD2, 0x44, 0x00, 0x8D, 0xC5, 0x01, 0xC0, 0x83, 0xD2,
    0x00, 0x20, 0x92, 0xC5, 0x83, 0x31, 0x80, 0xD0, 0x50, 0xC0, 0x8D, 0xD5, 0x00, 0x21, 0x03, 0xD5,
    0x24, 0x30, 0x9D, 0xE5, 0xB0, 0x30, 0xC2, 0xE1, 0x58, 0x00, 0x00, 0xEA, 0x02, 0x0C, 0x15, 0xE3,
    0x2B, 0x00, 0x00, 0x0A, 0x00, 0x00, 0x58, 0xE3, 0x14, 0x00, 0x00, 0x0A, 0x03, 0x00, 0x56, 0xE1,
    0x2A, 0x3E, 0x8D, 0xB2, 0x86, 0x61, 0x83, 0xB0, 0x00, 0x21, 0x16, 0xB5, 0x0D, 0x00, 0x00, 0xBA,
    0x54, 0x30, 0x8D, 0xE2, 0x0C, 0x30, 0x8D, 0xE5, 0x12, 0x3E, 0x8D, 0xE2, 0x08, 0x30, 0x8D, 0xE5,
    0x1A, 0x3E, 0x8D, 0xE2, 0x04, 0x30, 0x8D, 0xE5, 0x50, 0x30, 0x8D, 0xE2, 0x04, 0x20, 0xA0, 0xE1,
    0x00, 0x30, 0x8D, 0xE5, 0x06, 0x10, 0xA0, 0xE1, 0x0A, 0x00, 0xA0, 0xE1, 0x44, 0x30, 0x8D, 0xE2,
    0x53, 0xFB, 0xFF, 0xEB, 0x00, 0x20, 0x90, 0xE5, 0x09, 0x10, 0xA0, 0xE1, 0x11, 0x00, 0x00, 0xEA,
    0x03, 0x00, 0x59, 0xE1, 0x2A, 0x3E, 0x8D, 0xB2, 0x86, 0x61, 0x83, 0xB0, 0x00, 0x21, 0x16, 0xB5,
    0x01, 0x10, 0x89, 0xE2, 0x0B, 0x00, 0x00, 0xBA, 0x44, 0x20, 0x9D, 0xE5, 0x1F, 0x00, 0x53, 0xE3,
    0x04, 0x00, 0x82, 0xE2, 0x44, 0x00, 0x8D, 0xD5, 0x00, 0x20, 0x92, 0xD5, 0x2A, 0x0E, 0x8D, 0xD2,
    0x44, 0x00, 0x8D, 0xC5, 0x01, 0xC0, 0x83, 0xD2, 0x00, 0x20, 0x92, 0xC5, 0x83, 0x31, 0x80, 0xD0,
    0x50, 0xC0, 0x8D, 0xD5, 0x00, 0x21, 0x03, 0xD5, 0x24, 0x30, 0x9D, 0xE5, 0x00, 0x30, 0xC2, 0xE5,
    0x2A, 0x00, 0x00, 0xEA, 0x00, 0x00, 0x58, 0xE3, 0x14, 0x00, 0x00, 0x0A, 0x03, 0x00, 0x56, 0xE1,
    0x2A, 0x3E, 0x8D, 0xB2, 0x86, 0x61, 0x83, 0xB0, 0x00, 0x21, 0x16, 0xB5, 0x0D, 0x00, 0x00, 0xBA,
    0x54, 0x30, 0x8D, 0xE2, 0x0C, 0x30, 0x8D, 0xE5, 0x12, 0x3E, 0x8D, 0xE2, 0x08, 0x30, 0x8D, 0xE5,
    0x1A, 0x3E, 0x8D, 0xE2, 0x04, 0x30, 0x8D, 0xE5, 0x50, 0x30, 0x8D, 0xE2, 0x04, 0x20, 0xA0, 0xE1,
    0x00, 0x30, 0x8D, 0xE5, 0x06, 0x10, 0xA0, 0xE1, 0x0A, 0x00, 0xA0, 0xE1, 0x44, 0x30, 0x8D, 0xE2,
    0x27, 0xFB, 0xFF, 0xEB, 0x00, 0x20, 0x90, 0xE5, 0x09, 0x10, 0xA0, 0xE1, 0x11, 0x00, 0x00, 0xEA,
    0x03, 0x00, 0x59, 0xE1, 0x2A, 0x3E, 0x8D, 0xB2, 0x86, 0x61, 0x83, 0xB0, 0x00, 0x21, 0x16, 0xB5,
    0x01, 0x10, 0x89, 0xE2, 0x0B, 0x00, 0x00, 0xBA, 0x44, 0x20, 0x9D, 0xE5, 0x1F, 0x00, 0x53, 0xE3,
    0x04, 0x00, 0x82, 0xE2, 0x01, 0xC0, 0x83, 0xD2, 0x44, 0x00, 0x8D, 0xD5, 0x50, 0xC0, 0x8D, 0xD5,
    0x00, 0x20, 0x92, 0xD5, 0x2A, 0x0E, 0x8D, 0xD2, 0x44, 0x00, 0x8D, 0xC5, 0x83, 0x31, 0x80, 0xD0,
    0x00, 0x20, 0x92, 0xC5, 0x00, 0x21, 0x03, 0xD5, 0x24, 0x30, 0x9D, 0xE5, 0x00, 0x30, 0x82, 0xE5,
    0x01, 0x90, 0xA0, 0xE1, 0xDC, 0xFC, 0xFF, 0xEA, 0x1C, 0xB0, 0x8D, 0xE5, 0x20, 0x20, 0x8D, 0xE5,
    0x10, 0xB0, 0x9D, 0xE5, 0x10, 0x50, 0x85, 0xE3, 0x02, 0x00, 0x00, 0xEA, 0x1C, 0xB0, 0x8D, 0xE5,
    0x10, 0xB0, 0x9D, 0xE5, 0x20, 0x20, 0x8D, 0xE5, 0x20, 0x00, 0x15, 0xE3, 0x50, 0x20, 0x9D, 0xE5,
    0x32, 0x00, 0x00, 0x0A, 0x00, 0x00, 0x58, 0xE3, 0x17, 0x00, 0x00, 0x0A, 0x02, 0x00, 0x56, 0xE1,
    0x04, 0x00, 0x00, 0xAA, 0x1A, 0x3E, 0x8D, 0xE2, 0x86, 0x21, 0x83, 0xE0, 0x86, 0x81, 0x93, 0xE7,
    0x04, 0x10, 0x92, 0xE5, 0x0E, 0x00, 0x00, 0xEA, 0x54, 0x30, 0x8D, 0xE2, 0x0C, 0x30, 0x8D, 0xE5,
    0x12, 0x3E, 0x8D, 0xE2, 0x08, 0x30, 0x8D, 0xE5, 0x1A, 0x3E, 0x8D, 0xE2, 0x04, 0x30, 0x8D, 0xE5,
    0x50, 0x30, 0x8D, 0xE2, 0x06, 0x10, 0xA0, 0xE1, 0x00, 0x30, 0x8D, 0xE5, 0x04, 0x20, 0xA0, 0xE1,
    0x0A, 0x00, 0xA0, 0xE1, 0x44, 0x30, 0x8D, 0xE2, 0xED, 0xFA, 0xFF, 0xEB, 0x00, 0x80, 0x90, 0xE5,
    0x04, 0x10, 0x90, 0xE5, 0x10, 0x90, 0x8D, 0xE5, 0xAA, 0x00, 0x00, 0xEA, 0x01, 0x30, 0x89, 0xE2,
    0x02, 0x00, 0x59, 0xE1, 0x10, 0x30, 0x8D, 0xE5, 0x04, 0x00, 0x00, 0xAA, 0x1A, 0x3E, 0x8D, 0xE2,
    0x86, 0x21, 0x83, 0xE0, 0x86, 0x81, 0x93, 0xE7, 0x04, 0x10, 0x92, 0xE5, 0xA1, 0x00, 0x00, 0xEA,
    0x44, 0x00, 0x9D, 0xE5, 0x1F, 0x00, 0x52, 0xE3, 0x07, 0x00, 0x80, 0xE2, 0x07, 0x00, 0xC0, 0xE3,
    0x00, 0x80, 0x90, 0xE5, 0x04, 0x10, 0x90, 0xE5, 0x08, 0x00, 0x80, 0xE2, 0x01, 0xC0, 0x82, 0xD2,
    0x44, 0x00, 0x8D, 0xD5, 0x1A, 0x0E, 0x8D, 0xD2, 0x50, 0xC0, 0x8D, 0xD5, 0x82, 0xC1, 0x80, 0xD0,
    0x82, 0x81, 0x80, 0xD7, 0x44, 0x00, 0x8D, 0xC5, 0x04, 0x10, 0x8C, 0xD5, 0x91, 0x00, 0x00, 0xEA,
    0x10, 0x00, 0x15, 0xE3, 0x0D, 0x00, 0x00, 0x0A, 0x00, 0x00, 0x58, 0xE3, 0x61, 0x00, 0x00, 0x1A,
    0x01, 0x30, 0x89, 0xE2, 0x02, 0x00, 0x59, 0xE1, 0x10, 0x30, 0x8D, 0xE5, 0x76, 0x00, 0x00, 0xBA,
    0x44, 0x10, 0x9D, 0xE5, 0x1F, 0x00, 0x52, 0xE3, 0x04, 0x30, 0x91, 0xE4, 0x01, 0x00, 0x82, 0xD2,
    0x50, 0x00, 0x8D, 0xD5, 0x44, 0x10, 0x8D, 0xD5, 0x7D, 0x00, 0x00, 0xDA, 0x51, 0x00, 0x00, 0xEA,
    0x40, 0x00, 0x15, 0xE3, 0x24, 0x00, 0x00, 0x0A, 0x00, 0x00, 0x58, 0xE3, 0x15, 0x00, 0x00, 0x0A,
    0x02, 0x00, 0x56, 0xE1, 0x04, 0x00, 0x00, 0xAA, 0x2A, 0x3E, 0x8D, 0xE2, 0x86, 0x61, 0x83, 0xE0,
    0x00, 0x31, 0x16, 0xE5, 0x73, 0x30, 0xFF, 0xE6, 0x5D, 0x00, 0x00, 0xEA, 0x54, 0x30, 0x8D, 0xE2,
    0x0C, 0x30, 0x8D, 0xE5, 0x12, 0x3E, 0x8D, 0xE2, 0x08, 0x30, 0x8D, 0xE5, 0x1A, 0x3E, 0x8D, 0xE2,
    0x04, 0x30, 0x8D, 0xE5, 0x50, 0x30, 0x8D, 0xE2, 0x00, 0x30, 0x8D, 0xE5, 0x04, 0x20, 0xA0, 0xE1,
    0x44, 0x30, 0x8D, 0xE2, 0x06, 0x10, 0xA0, 0xE1, 0x0A, 0x00, 0xA0, 0xE1, 0xA8, 0xFA, 0xFF, 0xEB,
    0xB0, 0x30, 0xD0, 0xE1, 0x4E, 0x00, 0x00, 0xEA, 0x01, 0x30, 0x89, 0xE2, 0x02, 0x00, 0x59, 0xE1,
    0x10, 0x30, 0x8D, 0xE5, 0x04, 0x00, 0x00, 0xAA, 0x2A, 0x3E, 0x8D, 0xE2, 0x86, 0x61, 0x83, 0xE0,
    0x00, 0x31, 0x16, 0xE5, 0x73, 0x30, 0xFF, 0xE6, 0x5C, 0x00, 0x00, 0xEA, 0x44, 0x10, 0x9D, 0xE5,
    0x04, 0x00, 0x91, 0xE4, 0x70, 0x30, 0xFF, 0xE6, 0x21, 0x00, 0x00, 0xEA, 0x02, 0x0C, 0x15, 0xE3,
    0x2A, 0x00, 0x00, 0x0A, 0x00, 0x00, 0x58, 0xE3, 0x13, 0x00, 0x00, 0x0A, 0x02, 0x00, 0x56, 0xE1,
    0x2A, 0x3E, 0x8D, 0xB2, 0x86, 0x61, 0x83, 0xB0, 0x00, 0x31, 0x56, 0xB5, 0x38, 0x00, 0x00, 0xBA,
    0x54, 0x30, 0x8D, 0xE2, 0x0C, 0x30, 0x8D, 0xE5, 0x12, 0x3E, 0x8D, 0xE2, 0x08, 0x30, 0x8D, 0xE5,
    0x1A, 0x3E, 0x8D, 0xE2, 0x04, 0x30, 0x8D, 0xE5, 0x50, 0x30, 0x8D, 0xE2, 0x00, 0x30, 0x8D, 0xE5,
    0x04, 0x20, 0xA0, 0xE1, 0x44, 0x30, 0x8D, 0xE2, 0x06, 0x10, 0xA0, 0xE1, 0x0A, 0x00, 0xA0, 0xE1,
    0x83, 0xFA, 0xFF, 0xEB, 0x00, 0x30, 0xD0, 0xE5, 0x29, 0x00, 0x00, 0xEA, 0x01, 0x30, 0x89, 0xE2,
    0x02, 0x00, 0x59, 0xE1, 0x10, 0x30, 0x8D, 0xE5, 0x2A, 0x3E, 0x8D, 0xB2, 0x86, 0x61, 0x83, 0xB0,
    0x00, 0x31, 0x56, 0xB5, 0x39, 0x00, 0x00, 0xBA, 0x44, 0x10, 0x9D, 0xE5, 0x04, 0x00, 0x91, 0xE4,
    0x70, 0x30, 0xEF, 0xE6, 0x1F, 0x00, 0x52, 0xE3, 0x06, 0x00, 0x00, 0xCA, 0x44, 0x10, 0x8D, 0xE5,
    0x2A, 0x1E, 0x8D, 0xE2, 0x01, 0xC0, 0x82, 0xE2, 0x82, 0x21, 0x81, 0xE0, 0x50, 0xC0, 0x8D, 0xE5,
    0x00, 0x01, 0x02, 0xE5, 0x2D, 0x00, 0x00, 0xEA, 0x44, 0x10, 0x8D, 0xE5, 0x2B, 0x00, 0x00, 0xEA,
    0x00, 0x00, 0x58, 0xE3, 0x14, 0x00, 0x00, 0x0A, 0x02, 0x00, 0x56, 0xE1, 0x2A, 0x3E, 0x8D, 0xB2,
    0x86, 0x61, 0x83, 0xB0, 0x00, 0x31, 0x16, 0xB5, 0x0D, 0x00, 0x00, 0xBA, 0x54, 0x30, 0x8D, 0xE2,
    0x0C, 0x30, 0x8D, 0xE5, 0x12, 0x3E, 0x8D, 0xE2, 0x08, 0x30, 0x8D, 0xE5, 0x1A, 0x3E, 0x8D, 0xE2,
    0x04, 0x30, 0x8D, 0xE5, 0x50, 0x30, 0x8D, 0xE2, 0x00, 0x30, 0x8D, 0xE5, 0x04, 0x20, 0xA0, 0xE1,
    0x44, 0x30, 0x8D, 0xE2, 0x06, 0x10, 0xA0, 0xE1, 0x0A, 0x00, 0xA0, 0xE1, 0x58, 0xFA, 0xFF, 0xEB,
    0x00, 0x30, 0x90, 0xE5, 0x10, 0x90, 0x8D, 0xE5, 0x14, 0x00, 0x00, 0xEA, 0x01, 0x30, 0x89, 0xE2,
    0x02, 0x00, 0x59, 0xE1, 0x10, 0x30, 0x8D, 0xE5, 0x03, 0x00, 0x00, 0xAA, 0x2A, 0x3E, 0x8D, 0xE2,
    0x86, 0x61, 0x83, 0xE0, 0x00, 0x31, 0x16, 0xE5, 0x0C, 0x00, 0x00, 0xEA, 0x44, 0x30, 0x9D, 0xE5,
    0x1F, 0x00, 0x52, 0xE3, 0x04, 0x10, 0x83, 0xE2, 0x44, 0x10, 0x8D, 0xC5, 0x00, 0x30, 0x93, 0xC5,
    0x06, 0x00, 0x00, 0xCA, 0x01, 0x00, 0x82, 0xE2, 0x50, 0x00, 0x8D, 0xE5, 0x00, 0x30, 0x93, 0xE5,
    0x44, 0x10, 0x8D, 0xE5, 0x2A, 0x1E, 0x8D, 0xE2, 0x82, 0x21, 0x81, 0xE0, 0x00, 0x31, 0x02, 0xE5,
    0x03, 0x80, 0xA0, 0xE1, 0x00, 0x10, 0xA0, 0xE3, 0x00, 0x20, 0xA0, 0xE3, 0x01, 0x5B, 0xC5, 0xE3,
    0x8A, 0x02, 0x00, 0xEA, 0x84, 0xA6, 0x11, 0x00, 0x44, 0x94, 0x11, 0x00, 0x30, 0x78, 0x00, 0x00,
    0x32, 0x90, 0x11, 0x00, 0x54, 0x90, 0x11, 0x00, 0x43, 0x90, 0x11, 0x00, 0x0C, 0x95, 0x11, 0x00,
    0xFC, 0x94, 0x11, 0x00, 0x00, 0x00, 0x58, 0xE3, 0x1C, 0xB0, 0x8D, 0xE5, 0x20, 0x20, 0x8D, 0xE5,
    0x10, 0xB0, 0x9D, 0xE5, 0x50, 0x20, 0x9D, 0xE5, 0x14, 0x00, 0x00, 0x0A, 0x02, 0x00, 0x56, 0xE1,
    0x2A, 0x3E, 0x8D, 0xB2, 0x86, 0x61, 0x83, 0xB0, 0x00, 0x31, 0x16, 0xB5, 0x0D, 0x00, 0x00, 0xBA,
    0x54, 0x30, 0x8D, 0xE2, 0x0C, 0x30, 0x8D, 0xE5, 0x12, 0x3E, 0x8D, 0xE2, 0x08, 0x30, 0x8D, 0xE5,
    0x1A, 0x3E, 0x8D, 0xE2, 0x04, 0x30, 0x8D, 0xE5, 0x50, 0x30, 0x8D, 0xE2, 0x00, 0x30, 0x8D, 0xE5,
    0x04, 0x20, 0xA0, 0xE1, 0x44, 0x30, 0x8D, 0xE2, 0x06, 0x10, 0xA0, 0xE1, 0x0A, 0x00, 0xA0, 0xE1,
    0x1B, 0xFA, 0xFF, 0xEB, 0x00, 0x30, 0x90, 0xE5, 0x10, 0x90, 0x8D, 0xE5, 0x12, 0x00, 0x00, 0xEA,
    0x01, 0x30, 0x89, 0xE2, 0x02, 0x00, 0x59, 0xE1, 0x10, 0x30, 0x8D, 0xE5, 0x2A, 0x3E, 0x8D, 0xB2,
    0x86, 0x61, 0x83, 0xB0, 0x00, 0x31, 0x16, 0xB5, 0x0B, 0x00, 0x00, 0xBA, 0x44, 0x30, 0x9D, 0xE5,
    0x1F, 0x00, 0x52, 0xE3, 0x04, 0x10, 0x83, 0xE2, 0x44, 0x10, 0x8D, 0xD5, 0x00, 0x30, 0x93, 0xD5,
    0x2A, 0x1E, 0x8D, 0xD2, 0x44, 0x10, 0x8D, 0xC5, 0x01, 0x00, 0x82, 0xD2, 0x00, 0x30, 0x93, 0xC5,
    0x82, 0x21, 0x81, 0xD0, 0x50, 0x00, 0x8D, 0xD5, 0x00, 0x31, 0x02, 0xD5, 0x03, 0x80, 0xA0, 0xE1,
    0xDC, 0x20, 0x1F, 0xE5, 0xDC, 0x30, 0x1F, 0xE5, 0x00, 0x10, 0xA0, 0xE3, 0x02, 0x50, 0x85, 0xE3,
    0xBC, 0x24, 0xCD, 0xE1, 0x28, 0x30, 0x8D, 0xE5, 0x4B, 0x02, 0x00, 0xEA, 0x00, 0x00, 0x58, 0xE3,
    0x1C, 0xB0, 0x8D, 0xE5, 0x50, 0x30, 0x9D, 0xE5, 0x10, 0xB0, 0x9D, 0xE5, 0x20, 0x20, 0x8D, 0xE5,
    0x14, 0x00, 0x00, 0x0A, 0x03, 0x00, 0x56, 0xE1, 0x2A, 0x3E, 0x8D, 0xB2, 0x86, 0x61, 0x83, 0xB0,
    0x00, 0x61, 0x16, 0xB5, 0x0D, 0x00, 0x00, 0xBA, 0x54, 0x30, 0x8D, 0xE2, 0x0C, 0x30, 0x8D, 0xE5,
    0x12, 0x3E, 0x8D, 0xE2, 0x08, 0x30, 0x8D, 0xE5, 0x1A, 0x3E, 0x8D, 0xE2, 0x04, 0x30, 0x8D, 0xE5,
    0x50, 0x30, 0x8D, 0xE2, 0x06, 0x10, 0xA0, 0xE1, 0x00, 0x30, 0x8D, 0xE5, 0x04, 0x20, 0xA0, 0xE1,
    0x0A, 0x00, 0xA0, 0xE1, 0x44, 0x30, 0x8D, 0xE2, 0xE5, 0xF9, 0xFF, 0xEB, 0x00, 0x60, 0x90, 0xE5,
    0x10, 0x90, 0x8D, 0xE5, 0x12, 0x00, 0x00, 0xEA, 0x03, 0x00, 0x59, 0xE1, 0x2A, 0x3E, 0x8D, 0xB2,
    0x01, 0x20, 0x89, 0xE2, 0x86, 0x61, 0x83, 0xB0, 0x00, 0x61, 0x16, 0xB5, 0x10, 0x20, 0x8D, 0xE5,
    0x0B, 0x00, 0x00, 0xBA, 0x44, 0x20, 0x9D, 0xE5, 0x1F, 0x00, 0x53, 0xE3, 0x04, 0x10, 0x82, 0xE2,
    0x44, 0x10, 0x8D, 0xD5, 0x00, 0x60, 0x92, 0xD5, 0x44, 0x10, 0x8D, 0xC5, 0x2A, 0x2E, 0x8D, 0xD2,
    0x01, 0x00, 0x83, 0xD2, 0x00, 0x60, 0x92, 0xC5, 0x83, 0x31, 0x82, 0xD0, 0x50, 0x00, 0x8D, 0xD5,
    0x00, 0x61, 0x03, 0xD5, 0x00, 0x30, 0xA0, 0xE3, 0x03, 0x00, 0x56, 0xE1, 0x4B, 0x30, 0xCD, 0xE5,
    0x07, 0x00, 0x00, 0x1A, 0x14, 0x30, 0x9D, 0xE5, 0x06, 0x70, 0xA0, 0xE1, 0x06, 0x00, 0x53, 0xE3,
    0x06, 0x30, 0xA0, 0x23, 0x06, 0x80, 0xA0, 0xE1, 0x14, 0x30, 0x8D, 0xE5, 0xD0, 0x61, 0x1F, 0xE5,
    0xA7, 0x02, 0x00, 0xEA, 0x53, 0x00, 0x57, 0xE3, 0x01, 0x00, 0x00, 0x0A, 0x10, 0x80, 0x15, 0xE2,
    0x56, 0x00, 0x00, 0x0A, 0x68, 0x80, 0x8D, 0xE2, 0x08, 0x20, 0xA0, 0xE3, 0x00, 0x10, 0xA0, 0xE3,
    0x08, 0x00, 0xA0, 0xE1, 0x5C, 0x60, 0x8D, 0xE5, 0x1B, 0xD5, 0xFF, 0xEB, 0x14, 0x30, 0x9D, 0xE5,
    0x00, 0x00, 0x53, 0xE3, 0x15, 0x00, 0x00, 0xBA, 0x00, 0x70, 0xA0, 0xE3, 0x07, 0x90, 0xA0, 0xE1,
    0x5C, 0x30, 0x9D, 0xE5, 0x07, 0x20, 0x93, 0xE7, 0x00, 0x00, 0x52, 0xE3, 0x09, 0x00, 0x00, 0x0A,
    0x08, 0x30, 0xA0, 0xE1, 0x0A, 0x00, 0xA0, 0xE1, 0xBC, 0x10, 0x8D, 0xE2, 0xC7, 0xEA, 0xFF, 0xEB,
    0x01, 0x00, 0x70, 0xE3, 0x1D, 0x00, 0x00, 0x0A, 0x14, 0x30, 0x9D, 0xE5, 0x00, 0x00, 0x89, 0xE0,
    0x03, 0x00, 0x50, 0xE1, 0x01, 0x00, 0x00, 0xDA, 0x14, 0x90, 0x8D, 0xE5, 0x0D, 0x00, 0x00, 0xEA,
    0x04, 0x70, 0x87, 0xE2, 0x0B, 0x00, 0x00, 0x0A, 0x00, 0x90, 0xA0, 0xE1, 0xEB, 0xFF, 0xFF, 0xEA,
    0x00, 0x30, 0xA0, 0xE3, 0x0A, 0x00, 0xA0, 0xE1, 0x03, 0x10, 0xA0, 0xE1, 0x00, 0x80, 0x8D, 0xE5,
    0x5C, 0x20, 0x8D, 0xE2, 0x21, 0xF1, 0xFF, 0xEB, 0x01, 0x00, 0x70, 0xE3, 0x14, 0x00, 0x8D, 0xE5,
    0x0A, 0x00, 0x00, 0x0A, 0x5C, 0x60, 0x8D, 0xE5, 0x14, 0x30, 0x9D, 0xE5, 0x00, 0x00, 0x53, 0xE3,
    0x28, 0x00, 0x00, 0x0A, 0x63, 0x00, 0x53, 0xE3, 0x09, 0x00, 0x00, 0xDA, 0x0A, 0x00, 0xA0, 0xE1,
    0x01, 0x10, 0x83, 0xE2, 0xE5, 0xD5, 0xFF, 0xEB, 0x00, 0x60, 0x50, 0xE2, 0x07, 0x00, 0x00, 0x1A,
    0x18, 0xB0, 0x9D, 0xE5, 0xBC, 0x30, 0xDB, 0xE1, 0x40, 0x30, 0x83, 0xE3, 0xBC, 0x30, 0xCB, 0xE1,
    0xAE, 0x03, 0x00, 0xEA, 0x00, 0x70, 0xA0, 0xE3, 0xBC, 0x60, 0x8D, 0xE2, 0x00, 0x00, 0x00, 0xEA,
    0x06, 0x70, 0xA0, 0xE1, 0x68, 0x80, 0x8D, 0xE2, 0x08, 0x20, 0xA0, 0xE3, 0x00, 0x10, 0xA0, 0xE3,
    0x08, 0x00, 0xA0, 0xE1, 0xE0, 0xD4, 0xFF, 0xEB, 0x14, 0x30, 0x9D, 0xE5, 0x06, 0x10, 0xA0, 0xE1,
    0x0A, 0x00, 0xA0, 0xE1, 0x00, 0x80, 0x8D, 0xE5, 0x5C, 0x20, 0x8D, 0xE2, 0xFF, 0xF0, 0xFF, 0xEB,
    0x14, 0x30, 0x9D, 0xE5, 0x00, 0x00, 0x53, 0xE1, 0x06, 0x00, 0x00, 0x0A, 0x18, 0xB0, 0x9D, 0xE5,
    0x07, 0x10, 0xA0, 0xE1, 0xBC, 0x30, 0xDB, 0xE1, 0x0A, 0x80, 0xA0, 0xE1, 0x40, 0x30, 0x83, 0xE3,
    0xBC, 0x30, 0xCB, 0xE1, 0x8F, 0x03, 0x00, 0xEA, 0x00, 0x80, 0xA0, 0xE3, 0x14, 0x30, 0x9D, 0xE5,
    0x03, 0x80, 0xC6, 0xE7, 0x4E, 0x02, 0x00, 0xEA, 0x14, 0x80, 0x9D, 0xE5, 0x3D, 0x02, 0x00, 0xEA,
    0x14, 0x30, 0x9D, 0xE5, 0x00, 0x00, 0x53, 0xE3, 0x07, 0x00, 0x00, 0xBA, 0x03, 0x20, 0xA0, 0xE1,
    0x08, 0x10, 0xA0, 0xE1, 0x06, 0x00, 0xA0, 0xE1, 0xAE, 0xF0, 0xFF, 0xEB, 0x00, 0x70, 0x50, 0xE2,
    0x06, 0x30, 0x47, 0x10, 0x32, 0x02, 0x00, 0x1A, 0x41, 0x02, 0x00, 0xEA, 0x06, 0x00, 0xA0, 0xE1,
    0x7D, 0xD3, 0xFF, 0xEB, 0x14, 0x00, 0x8D, 0xE5, 0x2E, 0x02, 0x00, 0xEA, 0x1C, 0xB0, 0x8D, 0xE5,
    0x20, 0x20, 0x8D, 0xE5, 0x10, 0xB0, 0x9D, 0xE5, 0x10, 0x50, 0x85, 0xE3, 0x02, 0x00, 0x00, 0xEA,
    0x1C, 0xB0, 0x8D, 0xE5, 0x10, 0xB0, 0x9D, 0xE5, 0x20, 0x20, 0x8D, 0xE5, 0x20, 0x00, 0x15, 0xE3,
    0x50, 0x20, 0x9D, 0xE5, 0x32, 0x00, 0x00, 0x0A, 0x00, 0x00, 0x58, 0xE3, 0x17, 0x00, 0x00, 0x0A,
    0x02, 0x00, 0x56, 0xE1, 0x04, 0x00, 0x00, 0xAA, 0x1A, 0x3E, 0x8D, 0xE2, 0x86, 0x21, 0x83, 0xE0,
    0x86, 0x81, 0x93, 0xE7, 0x04, 0x10, 0x92, 0xE5, 0x0E, 0x00, 0x00, 0xEA, 0x54, 0x30, 0x8D, 0xE2,
    0x0C, 0x30, 0x8D, 0xE5, 0x12, 0x3E, 0x8D, 0xE2, 0x08, 0x30, 0x8D, 0xE5, 0x1A, 0x3E, 0x8D, 0xE2,
    0x04, 0x30, 0x8D, 0xE5, 0x50, 0x30, 0x8D, 0xE2, 0x06, 0x10, 0xA0, 0xE1, 0x00, 0x30, 0x8D, 0xE5,
    0x04, 0x20, 0xA0, 0xE1, 0x0A, 0x00, 0xA0, 0xE1, 0x44, 0x30, 0x8D, 0xE2, 0x38, 0xF9, 0xFF, 0xEB,
    0x00, 0x80, 0x90, 0xE5, 0x04, 0x10, 0x90, 0xE5, 0x10, 0x90, 0x8D, 0xE5, 0xAA, 0x00, 0x00, 0xEA,
    0x01, 0x30, 0x89, 0xE2, 0x02, 0x00, 0x59, 0xE1, 0x10, 0x30, 0x8D, 0xE5, 0x04, 0x00, 0x00, 0xAA,
    0x1A, 0x3E, 0x8D, 0xE2, 0x86, 0x21, 0x83, 0xE0, 0x86, 0x81, 0x93, 0xE7, 0x04, 0x10, 0x92, 0xE5,
    0xA1, 0x00, 0x00, 0xEA, 0x44, 0x00, 0x9D, 0xE5, 0x1F, 0x00, 0x52, 0xE3, 0x07, 0x00, 0x80, 0xE2,
    0x07, 0x00, 0xC0, 0xE3, 0x00, 0x80, 0x90, 0xE5, 0x04, 0x10, 0x90, 0xE5, 0x08, 0x00, 0x80, 0xE2,
    0x01, 0xC0, 0x82, 0xD2, 0x44, 0x00, 0x8D, 0xD5, 0x1A, 0x0E, 0x8D, 0xD2, 0x50, 0xC0, 0x8D, 0xD5,
    0x82, 0xC1, 0x80, 0xD0, 0x82, 0x81, 0x80, 0xD7, 0x44, 0x00, 0x8D, 0xC5, 0x04, 0x10, 0x8C, 0xD5,
    0x91, 0x00, 0x00, 0xEA, 0x10, 0x00, 0x15, 0xE3, 0x0D, 0x00, 0x00, 0x0A, 0x00, 0x00, 0x58, 0xE3,
    0x61, 0x00, 0x00, 0x1A, 0x01, 0x30, 0x89, 0xE2, 0x02, 0x00, 0x59, 0xE1, 0x10, 0x30, 0x8D, 0xE5,
    0x76, 0x00, 0x00, 0xBA, 0x44, 0x10, 0x9D, 0xE5, 0x1F, 0x00, 0x52, 0xE3, 0x04, 0x30, 0x91, 0xE4,
    0x01, 0x00, 0x82, 0xD2, 0x50, 0x00, 0x8D, 0xD5, 0x44, 0x10, 0x8D, 0xD5, 0x7D, 0x00, 0x00, 0xDA,
    0x51, 0x00, 0x00, 0xEA, 0x40, 0x00, 0x15, 0xE3, 0x24, 0x00, 0x00, 0x0A, 0x00, 0x00, 0x58, 0xE3,
    0x15, 0x00, 0x00, 0x0A, 0x02, 0x00, 0x56, 0xE1, 0x04, 0x00, 0x00, 0xAA, 0x2A, 0x3E, 0x8D, 0xE2,
    0x86, 0x61, 0x83, 0xE0, 0x00, 0x31, 0x16, 0xE5, 0x73, 0x30, 0xFF, 0xE6, 0x5D, 0x00, 0x00, 0xEA,
    0x54, 0x30, 0x8D, 0xE2, 0x0C, 0x30, 0x8D, 0xE5, 0x12, 0x3E, 0x8D, 0xE2, 0x08, 0x30, 0x8D, 0xE5,
    0x1A, 0x3E, 0x8D, 0xE2, 0x04, 0x30, 0x8D, 0xE5, 0x50, 0x30, 0x8D, 0xE2, 0x00, 0x30, 0x8D, 0xE5,
    0x04, 0x20, 0xA0, 0xE1, 0x44, 0x30, 0x8D, 0xE2, 0x06, 0x10, 0xA0, 0xE1, 0x0A, 0x00, 0xA0, 0xE1,
    0xF3, 0xF8, 0xFF, 0xEB, 0xB0, 0x30, 0xD0, 0xE1, 0x4E, 0x00, 0x00, 0xEA, 0x01, 0x30, 0x89, 0xE2,
    0x02, 0x00, 0x59, 0xE1, 0x10, 0x30, 0x8D, 0xE5, 0x04, 0x00, 0x00, 0xAA, 0x2A, 0x3E, 0x8D, 0xE2,
    0x86, 0x61, 0x83, 0xE0, 0x00, 0x31, 0x16, 0xE5, 0x73, 0x30, 0xFF, 0xE6, 0x5C, 0x00, 0x00, 0xEA,
    0x44, 0x10, 0x9D, 0xE5, 0x04, 0x00, 0x91, 0xE4, 0x70, 0x30, 0xFF, 0xE6, 0x21, 0x00, 0x00, 0xEA,
    0x02, 0x0C, 0x15, 0xE3, 0x2A, 0x00, 0x00, 0x0A, 0x00, 0x00, 0x58, 0xE3, 0x13, 0x00, 0x00, 0x0A,
    0x02, 0x00, 0x56, 0xE1, 0x2A, 0x3E, 0x8D, 0xB2, 0x86, 0x61, 0x83, 0xB0, 0x00, 0x31, 0x56, 0xB5,
    0x38, 0x00, 0x00, 0xBA, 0x54, 0x30, 0x8D, 0xE2, 0x0C, 0x30, 0x8D, 0xE5, 0x12, 0x3E, 0x8D, 0xE2,
    0x08, 0x30, 0x8D, 0xE5, 0x1A, 0x3E, 0x8D, 0xE2, 0x04, 0x30, 0x8D, 0xE5, 0x50, 0x30, 0x8D, 0xE2,
    0x00, 0x30, 0x8D, 0xE5, 0x04, 0x20, 0xA0, 0xE1, 0x44, 0x30, 0x8D, 0xE2, 0x06, 0x10, 0xA0, 0xE1,
    0x0A, 0x00, 0xA0, 0xE1, 0xCE, 0xF8, 0xFF, 0xEB, 0x00, 0x30, 0xD0, 0xE5, 0x29, 0x00, 0x00, 0xEA,
    0x01, 0x30, 0x89, 0xE2, 0x02, 0x00, 0x59, 0xE1, 0x10, 0x30, 0x8D, 0xE5, 0x2A, 0x3E, 0x8D, 0xB2,
    0x86, 0x61, 0x83, 0xB0, 0x00, 0x31, 0x56, 0xB5, 0x39, 0x00, 0x00, 0xBA, 0x44, 0x10, 0x9D, 0xE5,
    0x04, 0x00, 0x91, 0xE4, 0x70, 0x30, 0xEF, 0xE6, 0x1F, 0x00, 0x52, 0xE3, 0x06, 0x00, 0x00, 0xCA,
    0x44, 0x10, 0x8D, 0xE5, 0x2A, 0x1E, 0x8D, 0xE2, 0x01, 0xC0, 0x82, 0xE2, 0x82, 0x21, 0x81, 0xE0,
    0x50, 0xC0, 0x8D, 0xE5, 0x00, 0x01, 0x02, 0xE5, 0x2D, 0x00, 0x00, 0xEA, 0x44, 0x10, 0x8D, 0xE5,
    0x2B, 0x00, 0x00, 0xEA, 0x00, 0x00, 0x58, 0xE3, 0x14, 0x00, 0x00, 0x0A, 0x02, 0x00, 0x56, 0xE1,
    0x2A, 0x3E, 0x8D, 0xB2, 0x86, 0x61, 0x83, 0xB0, 0x00, 0x31, 0x16, 0xB5, 0x0D, 0x00, 0x00, 0xBA,
    0x54, 0x30, 0x8D, 0xE2, 0x0C, 0x30, 0x8D, 0xE5, 0x12, 0x3E, 0x8D, 0xE2, 0x08, 0x30, 0x8D, 0xE5,
    0x1A, 0x3E, 0x8D, 0xE2, 0x04, 0x30, 0x8D, 0xE5, 0x50, 0x30, 0x8D, 0xE2, 0x00, 0x30, 0x8D, 0xE5,
    0x04, 0x20, 0xA0, 0xE1, 0x44, 0x30, 0x8D, 0xE2, 0x06, 0x10, 0xA0, 0xE1, 0x0A, 0x00, 0xA0, 0xE1,
    0xA3, 0xF8, 0xFF, 0xEB, 0x00, 0x30, 0x90, 0xE5, 0x10, 0x90, 0x8D, 0xE5, 0x14, 0x00, 0x00, 0xEA,
    0x01, 0x30, 0x89, 0xE2, 0x02, 0x00, 0x59, 0xE1, 0x10, 0x30, 0x8D, 0xE5, 0x03, 0x00, 0x00, 0xAA,
    0x2A, 0x3E, 0x8D, 0xE2, 0x86, 0x61, 0x83, 0xE0, 0x00, 0x31, 0x16, 0xE5, 0x0C, 0x00, 0x00, 0xEA,
    0x44, 0x30, 0x9D, 0xE5, 0x1F, 0x00, 0x52, 0xE3, 0x04, 0x10, 0x83, 0xE2, 0x44, 0x10, 0x8D, 0xC5,
    0x00, 0x30, 0x93, 0xC5, 0x06, 0x00, 0x00, 0xCA, 0x01, 0x00, 0x82, 0xE2, 0x50, 0x00, 0x8D, 0xE5,
    0x00, 0x30, 0x93, 0xE5, 0x44, 0x10, 0x8D, 0xE5, 0x2A, 0x1E, 0x8D, 0xE2, 0x82, 0x21, 0x81, 0xE0,
    0x00, 0x31, 0x02, 0xE5, 0x03, 0x80, 0xA0, 0xE1, 0x00, 0x10, 0xA0, 0xE3, 0x01, 0x20, 0xA0, 0xE3,
    0xD6, 0x00, 0x00, 0xEA, 0x1C, 0xB0, 0x8D, 0xE5, 0xC8, 0x36, 0x1F, 0xE5, 0x10, 0xB0, 0x9D, 0xE5,
    0x20, 0x20, 0x8D, 0xE5, 0x20, 0x00, 0x15, 0xE3, 0x50, 0x20, 0x9D, 0xE5, 0x28, 0x30, 0x8D, 0xE5,
    0x32, 0x00, 0x00, 0x0A, 0x00, 0x00, 0x58, 0xE3, 0x17, 0x00, 0x00, 0x0A, 0x02, 0x00, 0x56, 0xE1,
    0x04, 0x00, 0x00, 0xAA, 0x1A, 0x3E, 0x8D, 0xE2, 0x86, 0x21, 0x83, 0xE0, 0x86, 0x81, 0x93, 0xE7,
    0x04, 0x10, 0x92, 0xE5, 0x0E, 0x00, 0x00, 0xEA, 0x54, 0x30, 0x8D, 0xE2, 0x0C, 0x30, 0x8D, 0xE5,
    0x12, 0x3E, 0x8D, 0xE2, 0x08, 0x30, 0x8D, 0xE5, 0x1A, 0x3E, 0x8D, 0xE2, 0x04, 0x30, 0x8D, 0xE5,
    0x50, 0x30, 0x8D, 0xE2, 0x06, 0x10, 0xA0, 0xE1, 0x00, 0x30, 0x8D, 0xE5, 0x04, 0x20, 0xA0, 0xE1,
    0x0A, 0x00, 0xA0, 0xE1, 0x44, 0x30, 0x8D, 0xE2, 0x69, 0xF8, 0xFF, 0xEB, 0x00, 0x80, 0x90, 0xE5,
    0x04, 0x10, 0x90, 0xE5, 0x10, 0x90, 0x8D, 0xE5, 0xAA, 0x00, 0x00, 0xEA, 0x01, 0x30, 0x89, 0xE2,
    0x02, 0x00, 0x59, 0xE1, 0x10, 0x30, 0x8D, 0xE5, 0x04, 0x00, 0x00, 0xAA, 0x1A, 0x3E, 0x8D, 0xE2,
    0x86, 0x21, 0x83, 0xE0, 0x86, 0x81, 0x93, 0xE7, 0x04, 0x10, 0x92, 0xE5, 0xA1, 0x00, 0x00, 0xEA,
    0x44, 0x00, 0x9D, 0xE5, 0x1F, 0x00, 0x52, 0xE3, 0x07, 0x00, 0x80, 0xE2, 0x07, 0x00, 0xC0, 0xE3,
    0x00, 0x80, 0x90, 0xE5, 0x04, 0x10, 0x90, 0xE5, 0x08, 0x00, 0x80, 0xE2, 0x01, 0xC0, 0x82, 0xD2,
    0x44, 0x00, 0x8D, 0xD5, 0x1A, 0x0E, 0x8D, 0xD2, 0x50, 0xC0, 0x8D, 0xD5, 0x82, 0xC1, 0x80, 0xD0,
    0x82, 0x81, 0x80, 0xD7, 0x44, 0x00, 0x8D, 0xC5, 0x04, 0x10, 0x8C, 0xD5, 0x91, 0x00, 0x00, 0xEA,
    0x10, 0x00, 0x15, 0xE3, 0x0D, 0x00, 0x00, 0x0A, 0x00, 0x00, 0x58, 0xE3, 0x61, 0x00, 0x00, 0x1A,
    0x01, 0x30, 0x89, 0xE2, 0x02, 0x00, 0x59, 0xE1, 0x10, 0x30, 0x8D, 0xE5, 0x76, 0x00, 0x00, 0xBA,
    0x44, 0x10, 0x9D, 0xE5, 0x1F, 0x00, 0x52, 0xE3, 0x04, 0x30, 0x91, 0xE4, 0x01, 0x00, 0x82, 0xD2,
    0x50, 0x00, 0x8D, 0xD5, 0x44, 0x10, 0x8D, 0xD5, 0x7D, 0x00, 0x00, 0xDA, 0x51, 0x00, 0x00, 0xEA,
    0x40, 0x00, 0x15, 0xE3, 0x24, 0x00, 0x00, 0x0A, 0x00, 0x00, 0x58, 0xE3, 0x15, 0x00, 0x00, 0x0A,
    0x02, 0x00, 0x56, 0xE1, 0x04, 0x00, 0x00, 0xAA, 0x2A, 0x3E, 0x8D, 0xE2, 0x86, 0x61, 0x83, 0xE0,
    0x00, 0x31, 0x16, 0xE5, 0x73, 0x30, 0xFF, 0xE6, 0x5D, 0x00, 0x00, 0xEA, 0x54, 0x30, 0x8D, 0xE2,
    0x0C, 0x30, 0x8D, 0xE5, 0x12, 0x3E, 0x8D, 0xE2, 0x08, 0x30, 0x8D, 0xE5, 0x1A, 0x3E, 0x8D, 0xE2,
    0x04, 0x30, 0x8D, 0xE5, 0x50, 0x30, 0x8D, 0xE2, 0x00, 0x30, 0x8D, 0xE5, 0x04, 0x20, 0xA0, 0xE1,
    0x44, 0x30, 0x8D, 0xE2, 0x06, 0x10, 0xA0, 0xE1, 0x0A, 0x00, 0xA0, 0xE1, 0x24, 0xF8, 0xFF, 0xEB,
    0xB0, 0x30, 0xD0, 0xE1, 0x4E, 0x00, 0x00, 0xEA, 0x01, 0x30, 0x89, 0xE2, 0x02, 0x00, 0x59, 0xE1,
    0x10, 0x30, 0x8D, 0xE5, 0x04, 0x00, 0x00, 0xAA, 0x2A, 0x3E, 0x8D, 0xE2, 0x86, 0x61, 0x83, 0xE0,
    0x00, 0x31, 0x16, 0xE5, 0x73, 0x30, 0xFF, 0xE6, 0x5C, 0x00, 0x00, 0xEA, 0x44, 0x10, 0x9D, 0xE5,
    0x04, 0x00, 0x91, 0xE4, 0x70, 0x30, 0xFF, 0xE6, 0x21, 0x00, 0x00, 0xEA, 0x02, 0x0C, 0x15, 0xE3,
    0x2A, 0x00, 0x00, 0x0A, 0x00, 0x00, 0x58, 0xE3, 0x13, 0x00, 0x00, 0x0A, 0x02, 0x00, 0x56, 0xE1,
    0x2A, 0x3E, 0x8D, 0xB2, 0x86, 0x61, 0x83, 0xB0, 0x00, 0x31, 0x56, 0xB5, 0x38, 0x00, 0x00, 0xBA,
    0x54, 0x30, 0x8D, 0xE2, 0x0C, 0x30, 0x8D, 0xE5, 0x12, 0x3E, 0x8D, 0xE2, 0x08, 0x30, 0x8D, 0xE5,
    0x1A, 0x3E, 0x8D, 0xE2, 0x04, 0x30, 0x8D, 0xE5, 0x50, 0x30, 0x8D, 0xE2, 0x00, 0x30, 0x8D, 0xE5,
    0x04, 0x20, 0xA0, 0xE1, 0x44, 0x30, 0x8D, 0xE2, 0x06, 0x10, 0xA0, 0xE1, 0x0A, 0x00, 0xA0, 0xE1,
    0xFF, 0xF7, 0xFF, 0xEB, 0x00, 0x30, 0xD0, 0xE5, 0x29, 0x00, 0x00, 0xEA, 0x01, 0x30, 0x89, 0xE2,
    0x02, 0x00, 0x59, 0xE1, 0x10, 0x30, 0x8D, 0xE5, 0x2A, 0x3E, 0x8D, 0xB2, 0x86, 0x61, 0x83, 0xB0,
    0x00, 0x31, 0x56, 0xB5, 0x39, 0x00, 0x00, 0xBA, 0x44, 0x10, 0x9D, 0xE5, 0x04, 0x00, 0x91, 0xE4,
    0x70, 0x30, 0xEF, 0xE6, 0x1F, 0x00, 0x52, 0xE3, 0x06, 0x00, 0x00, 0xCA, 0x44, 0x10, 0x8D, 0xE5,
    0x2A, 0x1E, 0x8D, 0xE2, 0x01, 0xC0, 0x82, 0xE2, 0x82, 0x21, 0x81, 0xE0, 0x50, 0xC0, 0x8D, 0xE5,
    0x00, 0x01, 0x02, 0xE5, 0x2D, 0x00, 0x00, 0xEA, 0x44, 0x10, 0x8D, 0xE5, 0x2B, 0x00, 0x00, 0xEA,
    0x00, 0x00, 0x58, 0xE3, 0x14, 0x00, 0x00, 0x0A, 0x02, 0x00, 0x56, 0xE1, 0x2A, 0x3E, 0x8D, 0xB2,
    0x86, 0x61, 0x83, 0xB0, 0x00, 0x31, 0x16, 0xB5, 0x0D, 0x00, 0x00, 0xBA, 0x54, 0x30, 0x8D, 0xE2,
    0x0C, 0x30, 0x8D, 0xE5, 0x12, 0x3E, 0x8D, 0xE2, 0x08, 0x30, 0x8D, 0xE5, 0x1A, 0x3E, 0x8D, 0xE2,
    0x04, 0x30, 0x8D, 0xE5, 0x50, 0x30, 0x8D, 0xE2, 0x00, 0x30, 0x8D, 0xE5, 0x04, 0x20, 0xA0, 0xE1,
    0x44, 0x30, 0x8D, 0xE2, 0x06, 0x10, 0xA0, 0xE1, 0x0A, 0x00, 0xA0, 0xE1, 0xD4, 0xF7, 0xFF, 0xEB,
    0x00, 0x30, 0x90, 0xE5, 0x10, 0x90, 0x8D, 0xE5, 0x14, 0x00, 0x00, 0xEA, 0x01, 0x30, 0x89, 0xE2,
    0x02, 0x00, 0x59, 0xE1, 0x10, 0x30, 0x8D, 0xE5, 0x03, 0x00, 0x00, 0xAA, 0x2A, 0x3E, 0x8D, 0xE2,
    0x86, 0x61, 0x83, 0xE0, 0x00, 0x31, 0x16, 0xE5, 0x0C, 0x00, 0x00, 0xEA, 0x44, 0x30, 0x9D, 0xE5,
    0x1F, 0x00, 0x52, 0xE3, 0x04, 0x10, 0x83, 0xE2, 0x44, 0x10, 0x8D, 0xC5, 0x00, 0x30, 0x93, 0xC5,
    0x06, 0x00, 0x00, 0xCA, 0x01, 0x00, 0x82, 0xE2, 0x50, 0x00, 0x8D, 0xE5, 0x00, 0x30, 0x93, 0xE5,
    0x44, 0x10, 0x8D, 0xE5, 0x2A, 0x1E, 0x8D, 0xE2, 0x82, 0x21, 0x81, 0xE0, 0x00, 0x31, 0x02, 0xE5,
    0x03, 0x80, 0xA0, 0xE1, 0x00, 0x10, 0xA0, 0xE3, 0x01, 0x20, 0x98, 0xE1, 0x00, 0x20, 0xA0, 0x03,
    0x01, 0x20, 0x05, 0x12, 0x00, 0x00, 0x52, 0xE3, 0x30, 0x20, 0xA0, 0x13, 0x02, 0x50, 0x85, 0x13,
    0x4C, 0x20, 0xCD, 0x15, 0x4D, 0x70, 0xCD, 0x15, 0x01, 0x5B, 0xC5, 0xE3, 0x02, 0x20, 0xA0, 0xE3,
    0x00, 0x00, 0xA0, 0xE3, 0x14, 0x30, 0x9D, 0xE5, 0x4B, 0x00, 0xCD, 0xE5, 0x00, 0x00, 0x53, 0xE3,
    0x05, 0xC0, 0xA0, 0xA1, 0x05, 0x00, 0x00, 0xAA, 0x0C, 0x00, 0x00, 0xEA, 0x14, 0x30, 0x9D, 0xE5,
    0x00, 0x00, 0x53, 0xE3, 0x05, 0xC0, 0xA0, 0xA1, 0x01, 0x20, 0xA0, 0xA3, 0x1D, 0x00, 0x00, 0xBA,
    0x14, 0x30, 0x9D, 0xE5, 0x01, 0x00, 0x88, 0xE1, 0x00, 0x00, 0x50, 0xE3, 0x00, 0x00, 0x53, 0x03,
    0x80, 0x50, 0xC5, 0xE3, 0x01, 0x00, 0xA0, 0x13, 0x00, 0x00, 0xA0, 0x03, 0x5E, 0x00, 0x00, 0x0A,
    0x01, 0x00, 0x52, 0xE3, 0x13, 0x00, 0x00, 0x0A, 0x02, 0x00, 0x52, 0xE3, 0x12, 0x6E, 0x8D, 0xE2,
    0x4F, 0x00, 0x00, 0x0A, 0x07, 0x20, 0x08, 0xE2, 0xA8, 0x81, 0xA0, 0xE1, 0x81, 0x8E, 0x88, 0xE1,
    0xA1, 0x11, 0xA0, 0xE1, 0x30, 0x20, 0x82, 0xE2, 0x01, 0x30, 0x98, 0xE1, 0x06, 0x00, 0xA0, 0xE1,
    0x01, 0x20, 0x66, 0xE5, 0xF6, 0xFF, 0xFF, 0x1A, 0x30, 0x00, 0x52, 0xE3, 0x00, 0x30, 0xA0, 0x03,
    0x01, 0x30, 0x05, 0x12, 0x00, 0x00, 0x53, 0xE3, 0x30, 0x30, 0xA0, 0x13, 0x01, 0x30, 0x46, 0x15,
    0x02, 0x60, 0x40, 0x12, 0x57, 0x00, 0x00, 0xEA, 0x0A, 0x00, 0x58, 0xE3, 0x00, 0x20, 0xD1, 0xE2,
    0x30, 0x30, 0x88, 0x32, 0x1F, 0x31, 0xCD, 0x35, 0x4B, 0x00, 0x00, 0x3A, 0x00, 0x70, 0xA0, 0xE3,
    0x01, 0x40, 0xA0, 0xE1, 0x01, 0x3B, 0x05, 0xE2, 0x12, 0x9E, 0x8D, 0xE2, 0x3C, 0x30, 0x8D, 0xE5,
    0x38, 0x50, 0x8D, 0xE5, 0x0A, 0x20, 0xA0, 0xE3, 0x00, 0x30, 0xA0, 0xE3, 0x08, 0x00, 0xA0, 0xE1,
    0x04, 0x10, 0xA0, 0xE1, 0x79, 0xA7, 0xFF, 0xEB, 0x30, 0x20, 0x82, 0xE2, 0x01, 0x20, 0x49, 0xE5,
    0x3C, 0x20, 0x9D, 0xE5, 0x00, 0x30, 0xA0, 0xE1, 0x00, 0x00, 0x52, 0xE3, 0x01, 0x50, 0xA0, 0xE1,
    0x01, 0x60, 0x49, 0xE2, 0x01, 0x70, 0x87, 0xE2, 0x1E, 0x00, 0x00, 0x0A, 0x2C, 0x20, 0x9D, 0xE5,
    0x00, 0x20, 0xD2, 0xE5, 0xFF, 0x10, 0x52, 0xE2, 0x01, 0x10, 0xA0, 0x13, 0x07, 0x00, 0x52, 0xE1,
    0x00, 0x10, 0xA0, 0x13, 0x00, 0x00, 0x51, 0xE3, 0x16, 0x00, 0x00, 0x0A, 0x0A, 0x00, 0x58, 0xE3,
    0x00, 0x40, 0xD4, 0xE2, 0x32, 0x00, 0x00, 0x3A, 0x30, 0x30, 0x9D, 0xE5, 0x40, 0x00, 0x8D, 0xE5,
    0x03, 0x60, 0x46, 0xE0, 0x03, 0x20, 0xA0, 0xE1, 0x06, 0x00, 0xA0, 0xE1, 0x34, 0x10, 0x9D, 0xE5,
    0x1D, 0xD8, 0xFF, 0xEB, 0x2C, 0x30, 0x9D, 0xE5, 0x01, 0x70, 0xD3, 0xE5, 0x00, 0x00, 0x57, 0xE3,
    0x06, 0x00, 0x00, 0x0A, 0x2C, 0x20, 0x9D, 0xE5, 0x05, 0x40, 0xA0, 0xE1, 0x01, 0x20, 0x82, 0xE2,
    0x00, 0x70, 0xA0, 0xE3, 0x40, 0x80, 0x9D, 0xE5, 0x2C, 0x20, 0x8D, 0xE5, 0x06, 0x00, 0x00, 0xEA,
    0x40, 0x80, 0x9D, 0xE5, 0x03, 0x00, 0x00, 0xEA, 0x0A, 0x00, 0x58, 0xE3, 0x00, 0x40, 0xD4, 0xE2,
    0x1B, 0x00, 0x00, 0x3A, 0x03, 0x80, 0xA0, 0xE1, 0x05, 0x40, 0xA0, 0xE1, 0x06, 0x90, 0xA0, 0xE1,
    0xCB, 0xFF, 0xFF, 0xEA, 0x28, 0x20, 0x9D, 0xE5, 0x0F, 0x30, 0x08, 0xE2, 0x03, 0x30, 0xD2, 0xE7,
    0x28, 0x82, 0xA0, 0xE1, 0x01, 0x8E, 0x88, 0xE1, 0x21, 0x12, 0xA0, 0xE1, 0x01, 0x30, 0x66, 0xE5,
    0x01, 0x30, 0x98, 0xE1, 0xF6, 0xFF, 0xFF, 0x1A, 0x0E, 0x00, 0x00, 0xEA, 0x00, 0x00, 0x52, 0xE3,
    0x08, 0x00, 0x00, 0x1A, 0x01, 0x30, 0x1C, 0xE2, 0x14, 0x30, 0x8D, 0xE5, 0x06, 0x00, 0x00, 0x0A,
    0x30, 0x30, 0xA0, 0xE3, 0x14, 0x20, 0x8D, 0xE5, 0x1F, 0x31, 0xCD, 0xE5, 0x47, 0x6F, 0x8D, 0xE2,
    0x03, 0x60, 0x86, 0xE2, 0x03, 0x00, 0x00, 0xEA, 0x14, 0x00, 0x8D, 0xE5, 0x12, 0x6E, 0x8D, 0xE2,
    0x00, 0x00, 0x00, 0xEA, 0x38, 0x50, 0x9D, 0xE5, 0x12, 0x3E, 0x8D, 0xE2, 0x14, 0x80, 0x9D, 0xE5,
    0x06, 0x30, 0x43, 0xE0, 0x14, 0x30, 0x8D, 0xE5, 0x00, 0x70, 0xA0, 0xE3, 0x0C, 0x00, 0x00, 0xEA,
    0x00, 0x00, 0x57, 0xE3, 0x1C, 0xB0, 0x8D, 0xE5, 0x20, 0x20, 0x8D, 0xE5, 0x10, 0xB0, 0x9D, 0xE5,
    0x31, 0x01, 0x00, 0x0A, 0x01, 0x30, 0xA0, 0xE3, 0xBC, 0x70, 0xCD, 0xE5, 0x00, 0x70, 0xA0, 0xE3,
    0x10, 0x90, 0x8D, 0xE5, 0x4B, 0x70, 0xCD, 0xE5, 0x14, 0x30, 0x8D, 0xE5, 0x07, 0x80, 0xA0, 0xE1,
    0xBC, 0x60, 0x8D, 0xE2, 0x14, 0x30, 0x9D, 0xE5, 0x03, 0x00, 0x58, 0xE1, 0x03, 0x90, 0xA0, 0xB1,
    0x08, 0x90, 0xA0, 0xA1, 0x4B, 0x30, 0xDD, 0xE5, 0x00, 0x00, 0x53, 0xE3, 0x01, 0x90, 0x89, 0x12,
    0x02, 0x40, 0x15, 0xE2, 0x02, 0x90, 0x89, 0x12, 0x84, 0x30, 0x15, 0xE2, 0x38, 0x30, 0x8D, 0xE5,
    0x38, 0x00, 0x00, 0x1A, 0x1C, 0x30, 0x9D, 0xE5, 0x09, 0x30, 0x43, 0xE0, 0x00, 0x00, 0x53, 0xE3,
    0x34, 0x00, 0x00, 0xDA, 0x07, 0x20, 0xA0, 0xE1, 0x06, 0x70, 0xA0, 0xE1, 0x04, 0x60, 0xA0, 0xE1,
    0x03, 0x40, 0xA0, 0xE1, 0x0B, 0x30, 0xA0, 0xE1, 0x02, 0xB0, 0xA0, 0xE1, 0x74, 0x10, 0x9D, 0xE5,
    0x10, 0x00, 0x54, 0xE3, 0x78, 0x20, 0x9D, 0xE5, 0x01, 0x10, 0x81, 0xE2, 0x08, 0x00, 0x83, 0xE2,
    0x12, 0x00, 0x00, 0xDA, 0xE0, 0xCC, 0x1F, 0xE5, 0x07, 0x00, 0x51, 0xE3, 0x00, 0xC0, 0x83, 0xE5,
    0x10, 0xC0, 0xA0, 0xE3, 0x0C, 0x20, 0x82, 0xE0, 0x04, 0xC0, 0x83, 0xE5, 0x78, 0x20, 0x8D, 0xE5,
    0x74, 0x10, 0x8D, 0xE5, 0x06, 0x00, 0x00, 0xDA, 0x0A, 0x00, 0xA0, 0xE1, 0x18, 0x10, 0x9D, 0xE5,
    0x70, 0x20, 0x8D, 0xE2, 0xBB, 0xE8, 0xFF, 0xEB, 0x00, 0x00, 0x50, 0xE3, 0x0C, 0x01, 0x00, 0x1A,
    0x7C, 0x00, 0x8D, 0xE2, 0x00, 0x30, 0xA0, 0xE1, 0x10, 0x40, 0x44, 0xE2, 0xE6, 0xFF, 0xFF, 0xEA,
    0x0B, 0xC0, 0xA0, 0xE1, 0x03, 0xB0, 0xA0, 0xE1, 0x04, 0x30, 0xA0, 0xE1, 0x06, 0x40, 0xA0, 0xE1,
    0x07, 0x60, 0xA0, 0xE1, 0x0C, 0x70, 0xA0, 0xE1, 0x44, 0xCD, 0x1F, 0xE5, 0x04, 0x30, 0x8B, 0xE5,
    0x07, 0x00, 0x51, 0xE3, 0x02, 0x30, 0x83, 0xE0, 0x00, 0xC0, 0x8B, 0xE5, 0x78, 0x30, 0x8D, 0xE5,
    0x00, 0xB0, 0xA0, 0xD1, 0x74, 0x10, 0x8D, 0xE5, 0x06, 0x00, 0x00, 0xDA, 0x0A, 0x00, 0xA0, 0xE1,
    0x18, 0x10, 0x9D, 0xE5, 0x70, 0x20, 0x8D, 0xE2, 0xA2, 0xE8, 0xFF, 0xEB, 0x00, 0x00, 0x50, 0xE3,
    0xF5, 0x00, 0x00, 0x1A, 0x7C, 0xB0, 0x8D, 0xE2, 0x4B, 0x30, 0xDD, 0xE5, 0x00, 0x00, 0x53, 0xE3,
    0x13, 0x00, 0x00, 0x0A, 0x4B, 0x20, 0x8D, 0xE2, 0x00, 0x20, 0x8B, 0xE5, 0x01, 0x20, 0xA0, 0xE3,
    0x74, 0x30, 0x9D, 0xE5, 0x04, 0x20, 0x8B, 0xE5, 0x78, 0x20, 0x9D, 0xE5, 0x01, 0x30, 0x83, 0xE2,
    0x01, 0x20, 0x82, 0xE2, 0x07, 0x00, 0x53, 0xE3, 0x78, 0x20, 0x8D, 0xE5, 0x74, 0x30, 0x8D, 0xE5,
    0x08, 0xB0, 0x8B, 0xD2, 0x06, 0x00, 0x00, 0xDA, 0x0A, 0x00, 0xA0, 0xE1, 0x18, 0x10, 0x9D, 0xE5,
    0x70, 0x20, 0x8D, 0xE2, 0x8B, 0xE8, 0xFF, 0xEB, 0x00, 0x00, 0x50, 0xE3, 0xDE, 0x00, 0x00, 0x1A,
    0x7C, 0xB0, 0x8D, 0xE2, 0x00, 0x00, 0x54, 0xE3, 0x13, 0x00, 0x00, 0x0A, 0x4C, 0x20, 0x8D, 0xE2,
    0x00, 0x20, 0x8B, 0xE5, 0x02, 0x20, 0xA0, 0xE3, 0x74, 0x30, 0x9D, 0xE5, 0x04, 0x20, 0x8B, 0xE5,
    0x78, 0x20, 0x9D, 0xE5, 0x01, 0x30, 0x83, 0xE2, 0x02, 0x20, 0x82, 0xE2, 0x07, 0x00, 0x53, 0xE3,
    0x78, 0x20, 0x8D, 0xE5, 0x74, 0x30, 0x8D, 0xE5, 0x08, 0xB0, 0x8B, 0xD2, 0x06, 0x00, 0x00, 0xDA,
    0x0A, 0x00, 0xA0, 0xE1, 0x18, 0x10, 0x9D, 0xE5, 0x70, 0x20, 0x8D, 0xE2, 0x75, 0xE8, 0xFF, 0xEB,
    0x00, 0x00, 0x50, 0xE3, 0xC8, 0x00, 0x00, 0x1A, 0x7C, 0xB0, 0x8D, 0xE2, 0x38, 0x30, 0x9D, 0xE5,
    0x80, 0x00, 0x53, 0xE3, 0x32, 0x00, 0x00, 0x1A, 0x1C, 0x30, 0x9D, 0xE5, 0x09, 0xC0, 0x43, 0xE0,
    0x00, 0x00, 0x5C, 0xE3, 0x2E, 0x00, 0x00, 0xDA, 0x0B, 0x00, 0xA0, 0xE1, 0x10, 0x40, 0xA0, 0xE3,
    0x07, 0xB0, 0xA0, 0xE1, 0x06, 0x70, 0xA0, 0xE1, 0x05, 0x60, 0xA0, 0xE1, 0x0C, 0x50, 0xA0, 0xE1,
    0xD4, 0x27, 0xCD, 0xE1, 0x10, 0x00, 0x55, 0xE3, 0x01, 0x20, 0x82, 0xE2, 0x08, 0x10, 0x80, 0xE2,
    0x10, 0x00, 0x00, 0xDA, 0x7C, 0xCE, 0x1F, 0xE5, 0x10, 0x30, 0x83, 0xE2, 0x07, 0x00, 0x52, 0xE3,
    0xF4, 0x27, 0xCD, 0xE1, 0x00, 0xC0, 0x80, 0xE5, 0x04, 0x40, 0x80, 0xE5, 0x06, 0x00, 0x00, 0xDA,
    0x0A, 0x00, 0xA0, 0xE1, 0x18, 0x10, 0x9D, 0xE5, 0x70, 0x20, 0x8D, 0xE2, 0x55, 0xE8, 0xFF, 0xEB,
    0x00, 0x00, 0x50, 0xE3, 0xA6, 0x00, 0x00, 0x1A, 0x7C, 0x10, 0x8D, 0xE2, 0x01, 0x00, 0xA0, 0xE1,
    0x10, 0x50, 0x45, 0xE2, 0xE9, 0xFF, 0xFF, 0xEA, 0x05, 0xC0, 0xA0, 0xE1, 0x06, 0x50, 0xA0, 0xE1,
    0x07, 0x60, 0xA0, 0xE1, 0x0B, 0x70, 0xA0, 0xE1, 0x00, 0xB0, 0xA0, 0xE1, 0xD4, 0x0E, 0x1F, 0xE5,
    0x0C, 0x30, 0x83, 0xE0, 0x07, 0x00, 0x52, 0xE3, 0x01, 0x10, 0x8B, 0xE8, 0xF4, 0x27, 0xCD, 0xE1,
    0x01, 0xB0, 0xA0, 0xD1, 0x06, 0x00, 0x00, 0xDA, 0x0A, 0x00, 0xA0, 0xE1, 0x18, 0x10, 0x9D, 0xE5,
    0x70, 0x20, 0x8D, 0xE2, 0x3F, 0xE8, 0xFF, 0xEB, 0x00, 0x00, 0x50, 0xE3, 0x92, 0x00, 0x00, 0x1A,
    0x7C, 0xB0, 0x8D, 0xE2, 0x14, 0x30, 0x9D, 0xE5, 0x03, 0x80, 0x48, 0xE0, 0x00, 0x00, 0x58, 0xE3,
    0x10, 0x40, 0xA0, 0xC3, 0x22, 0x00, 0x00, 0xDA, 0xD4, 0x27, 0xCD, 0xE1, 0x24, 0x0F, 0x1F, 0xE5,
    0x10, 0x00, 0x58, 0xE3, 0x01, 0x20, 0x82, 0xE2, 0x08, 0x10, 0x8B, 0xE2, 0x00, 0x00, 0x8B, 0xE5,
    0x0E, 0x00, 0x00, 0xDA, 0x10, 0x30, 0x83, 0xE2, 0x07, 0x00, 0x52, 0xE3, 0xF4, 0x27, 0xCD, 0xE1,
    0x04, 0x40, 0x8B, 0xE5, 0x06, 0x00, 0x00, 0xDA, 0x0A, 0x00, 0xA0, 0xE1, 0x18, 0x10, 0x9D, 0xE5,
    0x70, 0x20, 0x8D, 0xE2, 0x27, 0xE8, 0xFF, 0xEB, 0x00, 0x00, 0x50, 0xE3, 0x7A, 0x00, 0x00, 0x1A,
    0x7C, 0x10, 0x8D, 0xE2, 0x01, 0xB0, 0xA0, 0xE1, 0x10, 0x80, 0x48, 0xE2, 0xE9, 0xFF, 0xFF, 0xEA,
    0x08, 0x30, 0x83, 0xE0, 0x07, 0x00, 0x52, 0xE3, 0x04, 0x80, 0x8B, 0xE5, 0xF4, 0x27, 0xCD, 0xE1,
    0x01, 0xB0, 0xA0, 0xD1, 0x06, 0x00, 0x00, 0xDA, 0x0A, 0x00, 0xA0, 0xE1, 0x18, 0x10, 0x9D, 0xE5,
    0x70, 0x20, 0x8D, 0xE2, 0x17, 0xE8, 0xFF, 0xEB, 0x00, 0x00, 0x50, 0xE3, 0x6A, 0x00, 0x00, 0x1A,
    0x7C, 0xB0, 0x8D, 0xE2, 0x14, 0x30, 0x9D, 0xE5, 0x14, 0x20, 0x9D, 0xE5, 0x04, 0x30, 0x8B, 0xE5,
    0x78, 0x30, 0x9D, 0xE5, 0x00, 0x60, 0x8B, 0xE5, 0x02, 0x30, 0x83, 0xE0, 0x78, 0x30, 0x8D, 0xE5,
    0x74, 0x30, 0x9D, 0xE5, 0x01, 0x30, 0x83, 0xE2, 0x07, 0x00, 0x53, 0xE3, 0x74, 0x30, 0x8D, 0xE5,
    0x08, 0x20, 0x8B, 0xD2, 0x06, 0x00, 0x00, 0xDA, 0x0A, 0x00, 0xA0, 0xE1, 0x18, 0x10, 0x9D, 0xE5,
    0x70, 0x20, 0x8D, 0xE2, 0x03, 0xE8, 0xFF, 0xEB, 0x00, 0x00, 0x50, 0xE3, 0x56, 0x00, 0x00, 0x1A,
    0x7C, 0x20, 0x8D, 0xE2, 0x04, 0x00, 0x15, 0xE3, 0x09, 0x00, 0x00, 0x1A, 0x24, 0x30, 0x9D, 0xE5,
    0x1C, 0x20, 0x9D, 0xE5, 0x09, 0x00, 0x52, 0xE1, 0x02, 0x30, 0x83, 0xA0, 0x09, 0x30, 0x83, 0xB0,
    0x24, 0x30, 0x8D, 0xE5, 0x78, 0x30, 0x9D, 0xE5, 0x00, 0x00, 0x53, 0xE3, 0x2F, 0x00, 0x00, 0x0A,
    0x28, 0x00, 0x00, 0xEA, 0x1C, 0x30, 0x9D, 0xE5, 0x09, 0x80, 0x43, 0xE0, 0x00, 0x00, 0x58, 0xE3,
    0x10, 0x60, 0xA0, 0xC3, 0x6C, 0x51, 0x9F, 0xC5, 0xEF, 0xFF, 0xFF, 0xDA, 0x74, 0x10, 0x9D, 0xE5,
    0x10, 0x00, 0x58, 0xE3, 0x78, 0x30, 0x9D, 0xE5, 0x01, 0x10, 0x81, 0xE2, 0x00, 0x50, 0x82, 0xE5,
    0x0F, 0x00, 0x00, 0xDA, 0x10, 0x30, 0x83, 0xE2, 0x07, 0x00, 0x51, 0xE3, 0x04, 0x60, 0x82, 0xE5,
    0x78, 0x30, 0x8D, 0xE5, 0x74, 0x10, 0x8D, 0xE5, 0x08, 0x20, 0x82, 0xD2, 0x06, 0x00, 0x00, 0xDA,
    0x0A, 0x00, 0xA0, 0xE1, 0x18, 0x10, 0x9D, 0xE5, 0x70, 0x20, 0x8D, 0xE2, 0xDD, 0xE7, 0xFF, 0xEB,
    0x00, 0x00, 0x50, 0xE3, 0x30, 0x00, 0x00, 0x1A, 0x7C, 0x20, 0x8D, 0xE2, 0x10, 0x80, 0x48, 0xE2,
    0xE9, 0xFF, 0xFF, 0xEA, 0x08, 0x30, 0x83, 0xE0, 0x07, 0x00, 0x51, 0xE3, 0x04, 0x80, 0x82, 0xE5,
    0x78, 0x30, 0x8D, 0xE5, 0x74, 0x10, 0x8D, 0xE5, 0xD3, 0xFF, 0xFF, 0xDA, 0x0A, 0x00, 0xA0, 0xE1,
    0x18, 0x10, 0x9D, 0xE5, 0x70, 0x20, 0x8D, 0xE2, 0xCE, 0xE7, 0xFF, 0xEB, 0x00, 0x00, 0x50, 0xE3,
    0xCD, 0xFF, 0xFF, 0x0A, 0x20, 0x00, 0x00, 0xEA, 0x0A, 0x00, 0xA0, 0xE1, 0x18, 0x10, 0x9D, 0xE5,
    0x70, 0x20, 0x8D, 0xE2, 0xC7, 0xE7, 0xFF, 0xEB, 0x00, 0x00, 0x50, 0xE3, 0x1A, 0x00, 0x00, 0x1A,
    0x00, 0x30, 0xA0, 0xE3, 0x03, 0x00, 0x57, 0xE1, 0x74, 0x30, 0x8D, 0xE5, 0x02, 0x00, 0x00, 0x1A,
    0x10, 0x90, 0x9D, 0xE5, 0x7C, 0xB0, 0x8D, 0xE2, 0xC3, 0xF7, 0xFF, 0xEA, 0x07, 0x10, 0xA0, 0xE1,
    0x0A, 0x00, 0xA0, 0xE1, 0x99, 0xD4, 0xFF, 0xEB, 0xF8, 0xFF, 0xFF, 0xEA, 0x78, 0x30, 0x9D, 0xE5,
    0x18, 0xB0, 0x9D, 0xE5, 0x00, 0x00, 0x53, 0xE3, 0x02, 0x00, 0x00, 0x1A, 0x00, 0x30, 0xA0, 0xE3,
    0x74, 0x30, 0x8D, 0xE5, 0x11, 0x00, 0x00, 0xEA, 0x0B, 0x10, 0xA0, 0xE1, 0x0A, 0x00, 0xA0, 0xE1,
    0x70, 0x20, 0x8D, 0xE2, 0xAF, 0xE7, 0xFF, 0xEB, 0x00, 0x00, 0x50, 0xE3, 0xF6, 0xFF, 0xFF, 0x0A,
    0x0A, 0x00, 0x00, 0xEA, 0x0B, 0x10, 0xA0, 0xE1, 0x00, 0x00, 0x00, 0xEA, 0x07, 0x10, 0xA0, 0xE1,
    0x0A, 0x80, 0xA0, 0xE1, 0x18, 0xB0, 0x9D, 0xE5, 0x00, 0x00, 0x51, 0xE3, 0x03, 0x00, 0x00, 0x0A,
    0x08, 0x00, 0xA0, 0xE1, 0x81, 0xD4, 0xFF, 0xEB, 0x00, 0x00, 0x00, 0xEA, 0x18, 0xB0, 0x9D, 0xE5,
    0x70, 0x30, 0x9B, 0xE5, 0x01, 0x00, 0x13, 0xE3, 0x04, 0x00, 0x00, 0x1A, 0xBC, 0x30, 0xDB, 0xE1,
    0x02, 0x0C, 0x13, 0xE3, 0x01, 0x00, 0x00, 0x1A, 0x5C, 0x00, 0x8B, 0xE2, 0xA2, 0x02, 0x00, 0xEB,
    0xBC, 0x30, 0xDB, 0xE1, 0x40, 0x00, 0x13, 0xE3, 0x71, 0xF7, 0xFF, 0x1A, 0x24, 0x00, 0x9D, 0xE5,
    0xA9, 0xDF, 0x8D, 0xE2, 0xF0, 0x8F, 0xBD, 0xE8, 0x0C, 0x95, 0x11, 0x00, 0xF0, 0x41, 0x2D, 0xE9,
    0x01, 0x40, 0xA0, 0xE1, 0xBC, 0x10, 0xD1, 0xE1, 0x47, 0xDE, 0x4D, 0xE2, 0x08, 0xD0, 0x4D, 0xE2,
    0x02, 0x10, 0xC1, 0xE3, 0xBC, 0x10, 0xCD, 0xE1, 0x70, 0x10, 0x94, 0xE5, 0x00, 0x80, 0xA0, 0xE1,
    0x70, 0x10, 0x8D, 0xE5, 0xBE, 0x10, 0xD4, 0xE1, 0xBE, 0x10, 0xCD, 0xE1, 0x1C, 0x10, 0x94, 0xE5,
    0x1C, 0x10, 0x8D, 0xE5, 0x24, 0x10, 0x94, 0xE5, 0x24, 0x10, 0x8D, 0xE5, 0x78, 0x10, 0x8D, 0xE2,
    0x00, 0x10, 0x8D, 0xE5, 0x10, 0x10, 0x8D, 0xE5, 0x01, 0x1B, 0xA0, 0xE3, 0x08, 0x10, 0x8D, 0xE5,
    0x14, 0x10, 0x8D, 0xE5, 0x00, 0x10, 0xA0, 0xE3, 0x18, 0x10, 0x8D, 0xE5, 0x5C, 0x10, 0x8D, 0xE5,
    0x60, 0x10, 0x8D, 0xE5, 0x64, 0x10, 0x8D, 0xE5, 0x0D, 0x10, 0xA0, 0xE1, 0x24, 0xF7, 0xFF, 0xEB,
    0x00, 0x50, 0x50, 0xE2, 0x04, 0x00, 0x00, 0xBA, 0x0D, 0x10, 0xA0, 0xE1, 0x08, 0x00, 0xA0, 0xE1,
    0xCD, 0xD1, 0xFF, 0xEB, 0x00, 0x00, 0x50, 0xE3, 0x00, 0x50, 0xE0, 0x13, 0x05, 0x00, 0xA0, 0xE1,
    0xBC, 0x30, 0xDD, 0xE1, 0x40, 0x00, 0x13, 0xE3, 0xBC, 0x30, 0xD4, 0x11, 0x40, 0x30, 0x83, 0x13,
    0xBC, 0x30, 0xC4, 0x11, 0x47, 0xDE, 0x8D, 0xE2, 0x08, 0xD0, 0x8D, 0xE2, 0xF0, 0x81, 0xBD, 0xE8,
    0x1F, 0x00, 0x51, 0xE3, 0x00, 0x30, 0xA0, 0xE1, 0x1F, 0x00, 0x00, 0x8A, 0x04, 0xE0, 0x2D, 0xE5,
    0xF8, 0xC1, 0x90, 0xE5, 0x01, 0x20, 0xA0, 0xE1, 0x00, 0x00, 0x5C, 0xE3, 0x0C, 0xD0, 0x4D, 0xE2,
    0x10, 0x00, 0x00, 0x0A, 0x01, 0x11, 0x9C, 0xE7, 0x00, 0x00, 0x51, 0xE3, 0x0D, 0x00, 0x00, 0x0A,
    0x01, 0x00, 0x51, 0xE3, 0x08, 0x00, 0x00, 0x0A, 0x01, 0x00, 0x71, 0xE3, 0x16, 0x20, 0xA0, 0x03,
    0x01, 0x00, 0xA0, 0x03, 0x00, 0x20, 0x83, 0x05, 0x04, 0x00, 0x00, 0x0A, 0x00, 0x30, 0xA0, 0xE3,
    0x02, 0x00, 0xA0, 0xE1, 0x02, 0x31, 0x8C, 0xE7, 0x31, 0xFF, 0x2F, 0xE1, 0x00, 0x00, 0xA0, 0xE3,
    0x0C, 0xD0, 0x8D, 0xE2, 0x04, 0xF0, 0x9D, 0xE4, 0x03, 0x00, 0xA0, 0xE1, 0x04, 0x20, 0x8D, 0xE5,
    0x00, 0x30, 0x8D, 0xE5, 0x01, 0x01, 0x00, 0xEB, 0x00, 0x10, 0xA0, 0xE1, 0x05, 0x00, 0x9D, 0xE8,
    0x0C, 0xD0, 0x8D, 0xE2, 0x04, 0xE0, 0x9D, 0xE4, 0xC9, 0x01, 0x00, 0xEA, 0x16, 0x20, 0xA0, 0xE3,
    0x00, 0x00, 0xE0, 0xE3, 0x00, 0x20, 0x83, 0xE5, 0x1E, 0xFF, 0x2F, 0xE1, 0x04, 0xE0, 0x2D, 0xE5,
    0x0C, 0xD0, 0x4D, 0xE2, 0x04, 0x00, 0x8D, 0xE5, 0xF9, 0x00, 0x00, 0xEB, 0x04, 0x10, 0x9D, 0xE5,
    0x0C, 0xD0, 0x8D, 0xE2, 0x04, 0xE0, 0x9D, 0xE4, 0xD0, 0xFF, 0xFF, 0xEA, 0x14, 0x30, 0x9F, 0xE5,
    0x00, 0x00, 0x53, 0xE3, 0x02, 0x00, 0x00, 0x0A, 0x10, 0x40, 0x2D, 0xE9, 0x1E, 0xBB, 0xFF, 0xEB,
    0xFE, 0xFF, 0xFF, 0xEA, 0xFE, 0xFF, 0xFF, 0xEA, 0xBC, 0x59, 0x10, 0x00, 0x70, 0x40, 0x2D, 0xE9,
    0x00, 0x40, 0xA0, 0xE1, 0xEA, 0x00, 0x00, 0xEB, 0x01, 0x1B, 0xA0, 0xE3, 0x00, 0x50, 0xA0, 0xE1,
    0x04, 0x00, 0xA0, 0xE1, 0x1E, 0xD7, 0xFF, 0xEB, 0x01, 0x0B, 0x50, 0xE3, 0x5B, 0x30, 0xA0, 0x03,
    0x00, 0x30, 0x85, 0x05, 0x3F, 0x00, 0x00, 0x0A, 0x3A, 0x10, 0xA0, 0xE3, 0x04, 0x00, 0xA0, 0xE1,
    0x26, 0xF3, 0xFF, 0xEB, 0x00, 0x00, 0x50, 0xE3, 0x01, 0x2B, 0xA0, 0xE3, 0x33, 0x00, 0x00, 0x0A,
    0x04, 0x10, 0xA0, 0xE1, 0xE4, 0x00, 0x9F, 0xE5, 0x13, 0xD6, 0xFF, 0xEB, 0x04, 0x00, 0xA0, 0xE1,
    0x3A, 0x10, 0xA0, 0xE3, 0x1D, 0xF3, 0xFF, 0xEB, 0x01, 0x40, 0x80, 0xE2, 0x3A, 0x10, 0xA0, 0xE3,
    0xC8, 0x00, 0x9F, 0xE5, 0x19, 0xF3, 0xFF, 0xEB, 0x00, 0x00, 0x50, 0xE3, 0xBC, 0x00, 0x9F, 0x05,
    0x01, 0x00, 0x80, 0x12, 0x00, 0x30, 0xD0, 0xE5, 0x2F, 0x00, 0x53, 0xE3, 0x27, 0x00, 0x00, 0x1A,
    0x01, 0x3B, 0xA0, 0xE3, 0x04, 0x20, 0xA0, 0xE1, 0x05, 0x00, 0xA0, 0xE1, 0x9C, 0x10, 0x9F, 0xE5,
    0x29, 0x00, 0x00, 0xEB, 0x01, 0x00, 0x70, 0xE3, 0x22, 0x00, 0x00, 0x0A, 0x8C, 0x00, 0x9F, 0xE5,
    0x30, 0x01, 0x00, 0xEB, 0x00, 0x40, 0x50, 0xE2, 0x13, 0x30, 0xA0, 0xB3, 0x00, 0x30, 0x85, 0xB5,
    0x1C, 0x00, 0x00, 0xBA, 0x78, 0x30, 0x9F, 0xE5, 0x04, 0x21, 0x93, 0xE7, 0x58, 0x20, 0x92, 0xE5,
    0xFC, 0x21, 0x85, 0xE5, 0x04, 0x31, 0x93, 0xE7, 0x2C, 0x30, 0x93, 0xE5, 0x00, 0x00, 0x53, 0xE3,
    0x58, 0x30, 0xA0, 0x03, 0x00, 0x30, 0x85, 0x05, 0x12, 0x00, 0x00, 0x0A, 0x05, 0x00, 0xA0, 0xE1,
    0x48, 0x10, 0x9F, 0xE5, 0x33, 0xFF, 0x2F, 0xE1, 0x01, 0x00, 0x70, 0xE3, 0x0D, 0x00, 0x00, 0x0A,
    0x04, 0x00, 0xA0, 0xE1, 0x15, 0x01, 0x00, 0xEB, 0x01, 0x2B, 0xA0, 0xE3, 0x2C, 0x10, 0x9F, 0xE5,
    0x30, 0x00, 0x9F, 0xE5, 0xE4, 0xD5, 0xFF, 0xEB, 0x00, 0x00, 0xA0, 0xE3, 0x70, 0x80, 0xBD, 0xE8,
    0x20, 0x10, 0x9F, 0xE5, 0x14, 0x00, 0x9F, 0xE5, 0xDF, 0xD5, 0xFF, 0xEB, 0xCE, 0xFF, 0xFF, 0xEA,
    0x02, 0x30, 0xA0, 0xE3, 0x00, 0x30, 0x85, 0xE5, 0x00, 0x00, 0xE0, 0xE3, 0x70, 0x80, 0xBD, 0xE8,
    0xB8, 0xDB, 0x11, 0x00, 0xFC, 0xBC, 0x11, 0x00, 0xD8, 0xA8, 0x11, 0x00, 0xF0, 0x4F, 0x2D, 0xE9,
    0x0C, 0xD0, 0x4D, 0xE2, 0x00, 0x10, 0x8D, 0xE5, 0x04, 0x00, 0x8D, 0xE5, 0x01, 0x00, 0xA0, 0xE1,
    0x03, 0x10, 0xA0, 0xE1, 0x03, 0x90, 0xA0, 0xE1, 0x02, 0x40, 0xA0, 0xE1, 0xCC, 0xD6, 0xFF, 0xEB,
    0x00, 0x00, 0x59, 0xE1, 0x59, 0x00, 0x00, 0xDA, 0x00, 0x20, 0x9D, 0xE5, 0x00, 0x00, 0x50, 0xE3,
    0x00, 0x70, 0xA0, 0xE1, 0x00, 0x60, 0x82, 0xE0, 0x4E, 0x00, 0x00, 0x1A, 0x00, 0xB0, 0xD4, 0xE5,
    0x2F, 0x00, 0x5B, 0xE3, 0x06, 0x00, 0x00, 0x1A, 0x0B, 0x10, 0xA0, 0xE1, 0x00, 0x00, 0x9D, 0xE5,
    0xCE, 0xF2, 0xFF, 0xEB, 0x00, 0x30, 0xA0, 0xE3, 0x01, 0x30, 0xC0, 0xE5, 0x00, 0xB0, 0xD4, 0xE5,
    0x01, 0x60, 0x80, 0xE2, 0x00, 0x80, 0xA0, 0xE3, 0x21, 0x00, 0x00, 0xEA, 0x2F, 0x10, 0xA0, 0xE3,
    0x04, 0x00, 0xA0, 0xE1, 0xC5, 0xF2, 0xFF, 0xEB, 0x00, 0x00, 0x50, 0xE3, 0x01, 0x50, 0x80, 0x12,
    0x2D, 0x00, 0x00, 0x0A, 0x04, 0xA0, 0x55, 0xE0, 0x30, 0x00, 0x00, 0x0A, 0x2E, 0x00, 0x5B, 0xE3,
    0x24, 0x00, 0x00, 0x0A, 0x00, 0x30, 0xD4, 0xE5, 0x2E, 0x00, 0x53, 0xE3, 0x18, 0x00, 0x00, 0x1A,
    0x01, 0x30, 0xD4, 0xE5, 0x2E, 0x30, 0x53, 0xE2, 0x15, 0x00, 0x00, 0x1A, 0x02, 0x10, 0xD4, 0xE5,
    0x00, 0x00, 0x51, 0xE3, 0x2F, 0x00, 0x51, 0x13, 0x11, 0x00, 0x00, 0x1A, 0x01, 0x20, 0x56, 0xE5,
    0x00, 0x40, 0x9D, 0xE5, 0x2F, 0x00, 0x52, 0xE3, 0x01, 0x30, 0x46, 0x05, 0x2F, 0x10, 0xA0, 0xE3,
    0x04, 0x00, 0xA0, 0xE1, 0xDC, 0x01, 0x00, 0xEB, 0x00, 0x00, 0x50, 0xE3, 0x36, 0x00, 0x00, 0x0A,
    0x04, 0x70, 0x40, 0xE0, 0x01, 0x60, 0x80, 0xE2, 0x05, 0x40, 0xA0, 0xE1, 0x00, 0x80, 0xC6, 0xE5,
    0x00, 0xB0, 0xD4, 0xE5, 0x2F, 0x00, 0x5B, 0xE3, 0xDB, 0xFF, 0xFF, 0x1A, 0x01, 0x40, 0x84, 0xE2,
    0xFA, 0xFF, 0xFF, 0xEA, 0x0A, 0x70, 0x87, 0xE0, 0x07, 0x00, 0x59, 0xE1, 0x1F, 0x00, 0x00, 0xDA,
    0x06, 0x00, 0xA0, 0xE1, 0x0A, 0x20, 0xA0, 0xE1, 0x04, 0x10, 0xA0, 0xE1, 0x8E, 0xD5, 0xFF, 0xEB,
    0x0A, 0x60, 0x86, 0xE0, 0xEF, 0xFF, 0xFF, 0xEA, 0x01, 0x30, 0xD4, 0xE5, 0x00, 0x00, 0x53, 0xE3,
    0x2F, 0x00, 0x53, 0x13, 0xEB, 0xFF, 0xFF, 0x0A, 0xD5, 0xFF, 0xFF, 0xEA, 0x04, 0x00, 0xA0, 0xE1,
    0xE5, 0xCE, 0xFF, 0xEB, 0x00, 0x50, 0x84, 0xE0, 0x04, 0xA0, 0x55, 0xE0, 0xCE, 0xFF, 0xFF, 0x1A,
    0x00, 0x00, 0x9D, 0xE5, 0xE0, 0xCE, 0xFF, 0xEB, 0x02, 0x00, 0x50, 0xE3, 0x02, 0x00, 0x00, 0x9A,
    0x01, 0x30, 0x56, 0xE5, 0x2F, 0x00, 0x53, 0xE3, 0x0F, 0x00, 0x00, 0x0A, 0x0A, 0x00, 0xA0, 0xE1,
    0x0C, 0xD0, 0x8D, 0xE2, 0xF0, 0x8F, 0xBD, 0xE8, 0x01, 0x30, 0x56, 0xE5, 0x2F, 0x00, 0x53, 0xE3,
    0x2F, 0x30, 0xA0, 0x13, 0x01, 0x60, 0x86, 0x12, 0x00, 0x30, 0xC2, 0x17, 0xAA, 0xFF, 0xFF, 0xEA,
    0x5B, 0x30, 0xA0, 0xE3, 0x00, 0xA0, 0xE0, 0xE3, 0x0A, 0x00, 0xA0, 0xE1, 0x04, 0x20, 0x9D, 0xE5,
    0x00, 0x30, 0x82, 0xE5, 0x0C, 0xD0, 0x8D, 0xE2, 0xF0, 0x8F, 0xBD, 0xE8, 0x02, 0x30, 0x56, 0xE5,
    0x3A, 0x00, 0x53, 0xE3, 0x01, 0xA0, 0x46, 0x15, 0xEB, 0xFF, 0xFF, 0xEA, 0x02, 0x30, 0xA0, 0xE3,
    0xF3, 0xFF, 0xFF, 0xEA, 0x01, 0x00, 0x71, 0xE3, 0x21, 0x00, 0x00, 0x0A, 0x10, 0x40, 0x2D, 0xE9,
    0x00, 0x40, 0xA0, 0xE1, 0x08, 0xD0, 0x4D, 0xE2, 0x01, 0x00, 0xA0, 0xE1, 0x04, 0x20, 0x8D, 0xE5,
    0x2E, 0x00, 0x00, 0xEB, 0x00, 0x30, 0x50, 0xE2, 0x04, 0x20, 0x9D, 0xE5, 0x14, 0x00, 0x00, 0x0A,
    0x00, 0x00, 0x93, 0xE5, 0x60, 0x10, 0x9F, 0xE5, 0x00, 0xC1, 0x91, 0xE7, 0x1C, 0xE0, 0x9C, 0xE5,
    0x00, 0x00, 0x5E, 0xE3, 0x09, 0x00, 0x00, 0x0A, 0x58, 0xC0, 0x9C, 0xE5, 0xFC, 0xC1, 0x84, 0xE5,
    0x00, 0x11, 0x91, 0xE7, 0x04, 0x00, 0xA0, 0xE1, 0x1C, 0xE0, 0x91, 0xE5, 0x08, 0x10, 0x93, 0xE5,
    0x0E, 0x30, 0xA0, 0xE1, 0x08, 0xD0, 0x8D, 0xE2, 0x10, 0x40, 0xBD, 0xE8, 0x13, 0xFF, 0x2F, 0xE1,
    0x58, 0x30, 0xA0, 0xE3, 0x00, 0x30, 0x84, 0xE5, 0x00, 0x00, 0xE0, 0xE3, 0x08, 0xD0, 0x8D, 0xE2,
    0x10, 0x80, 0xBD, 0xE8, 0xE1, 0xCF, 0xFF, 0xEB, 0x09, 0x30, 0xA0, 0xE3, 0x00, 0x30, 0x80, 0xE5,
    0xF8, 0xFF, 0xFF, 0xEA, 0x00, 0x00, 0xE0, 0xE3, 0x1E, 0xFF, 0x2F, 0xE1, 0xFC, 0xBC, 0x11, 0x00,
    0x00, 0x30, 0xA0, 0xE1, 0x58, 0x20, 0xA0, 0xE3, 0x00, 0x00, 0xE0, 0xE3, 0x00, 0x20, 0x83, 0xE5,
    0x1E, 0xFF, 0x2F, 0xE1, 0x1C, 0x30, 0x9F, 0xE5, 0x00, 0x00, 0x53, 0xE3, 0x02, 0x00, 0x00, 0x0A,
    0x10, 0x40, 0x2D, 0xE9, 0x18, 0xBA, 0xFF, 0xEB, 0x10, 0x80, 0xBD, 0xE8, 0x08, 0x30, 0x9F, 0xE5,
    0x00, 0x00, 0x93, 0xE5, 0x1E, 0xFF, 0x2F, 0xE1, 0x7C, 0x59, 0x10, 0x00, 0x64, 0xA0, 0x11, 0x00,
    0x01, 0x0B, 0x50, 0xE3, 0x0E, 0x00, 0x00, 0x2A, 0x04, 0xE0, 0x2D, 0xE5, 0x0C, 0xD0, 0x4D, 0xE2,
    0x04, 0x00, 0x8D, 0xE5, 0x34, 0x00, 0x9F, 0xE5, 0x22, 0x01, 0x00, 0xEB, 0x04, 0x30, 0x9D, 0xE5,
    0x2C, 0x20, 0x9F, 0xE5, 0x24, 0x00, 0x9F, 0xE5, 0x03, 0x31, 0x92, 0xE7, 0x04, 0x30, 0x8D, 0xE5,
    0x23, 0x01, 0x00, 0xEB, 0x04, 0x30, 0x9D, 0xE5, 0x03, 0x00, 0xA0, 0xE1, 0x0C, 0xD0, 0x8D, 0xE2,
    0x04, 0xF0, 0x9D, 0xE4, 0x00, 0x30, 0xA0, 0xE3, 0x03, 0x00, 0xA0, 0xE1, 0x1E, 0xFF, 0x2F, 0xE1,
    0xB8, 0xDF, 0x11, 0x00, 0xD8, 0xAC, 0x11, 0x00, 0x01, 0x0B, 0x51, 0xE3, 0x09, 0x30, 0xA0, 0x23,
    0xF0, 0x40, 0x2D, 0xE9, 0x0C, 0xD0, 0x4D, 0xE2, 0x00, 0x30, 0x80, 0x25, 0x35, 0x00, 0x00, 0x2A,
    0x00, 0x70, 0xA0, 0xE1, 0xD4, 0x00, 0x9F, 0xE5, 0x04, 0x10, 0x8D, 0xE5, 0x09, 0x01, 0x00, 0xEB,
    0xCC, 0x30, 0x9F, 0xE5, 0x04, 0x10, 0x9D, 0xE5, 0x01, 0x41, 0x93, 0xE7, 0x00, 0x00, 0x54, 0xE3,
    0x28, 0x00, 0x00, 0x0A, 0x00, 0x50, 0xA0, 0xE3, 0x04, 0x60, 0x94, 0xE5, 0xAC, 0x00, 0x9F, 0xE5,
    0x01, 0x60, 0x46, 0xE2, 0x04, 0x60, 0x84, 0xE5, 0x01, 0x51, 0x83, 0xE7, 0x04, 0x01, 0x00, 0xEB,
    0x05, 0x00, 0x56, 0xE1, 0x19, 0x00, 0x00, 0x1A, 0x00, 0x20, 0x94, 0xE5, 0x94, 0x30, 0x9F, 0xE5,
    0x02, 0x11, 0x93, 0xE7, 0x0C, 0x50, 0x91, 0xE5, 0x00, 0x00, 0x55, 0xE3, 0x07, 0x00, 0x00, 0x0A,
    0x58, 0x10, 0x91, 0xE5, 0x07, 0x00, 0xA0, 0xE1, 0xFC, 0x11, 0x87, 0xE5, 0x02, 0x31, 0x93, 0xE7,
    0x08, 0x10, 0x94, 0xE5, 0x0C, 0x30, 0x93, 0xE5, 0x33, 0xFF, 0x2F, 0xE1, 0x00, 0x50, 0xA0, 0xE1,
    0x64, 0x30, 0x9F, 0xE5, 0x64, 0x10, 0x9F, 0xE5, 0x64, 0x20, 0x9F, 0xE5, 0x03, 0x00, 0x54, 0xE1,
    0x01, 0x00, 0x54, 0x11, 0x01, 0x30, 0xA0, 0x13, 0x00, 0x30, 0xA0, 0x03, 0x02, 0x00, 0x54, 0xE1,
    0x00, 0x30, 0xA0, 0x03, 0x01, 0x30, 0x03, 0x12, 0x00, 0x00, 0x53, 0xE3, 0x02, 0x00, 0x00, 0x1A,
    0x05, 0x00, 0xA0, 0xE1, 0x0C, 0xD0, 0x8D, 0xE2, 0xF0, 0x80, 0xBD, 0xE8, 0x04, 0x00, 0xA0, 0xE1,
    0x26, 0xD5, 0xFF, 0xEB, 0xF9, 0xFF, 0xFF, 0xEA, 0x10, 0x00, 0x9F, 0xE5, 0xE0, 0x00, 0x00, 0xEB,
    0x09, 0x30, 0xA0, 0xE3, 0x00, 0x30, 0x87, 0xE5, 0x00, 0x50, 0xE0, 0xE3, 0xF3, 0xFF, 0xFF, 0xEA,
    0xB8, 0xDF, 0x11, 0x00, 0xD8, 0xAC, 0x11, 0x00, 0xFC, 0xBC, 0x11, 0x00, 0xE4, 0xBC, 0x11, 0x00,
    0xF0, 0xBC, 0x11, 0x00, 0xD8, 0xBC, 0x11, 0x00, 0x03, 0x00, 0xA0, 0xE1, 0x1E, 0xFF, 0x2F, 0xE1,
    0x03, 0x30, 0x40, 0xE2, 0x20, 0x00, 0x53, 0xE3, 0x04, 0x30, 0x9F, 0x95, 0x00, 0x00, 0x83, 0x95,
    0x1E, 0xFF, 0x2F, 0xE1, 0x88, 0xBD, 0x11, 0x00, 0xF0, 0x41, 0x2D, 0xE9, 0x3A, 0x10, 0xA0, 0xE3,
    0x00, 0x80, 0xA0, 0xE1, 0xD5, 0xF1, 0xFF, 0xEB, 0x00, 0x00, 0x50, 0xE3, 0x19, 0x00, 0x00, 0x0A,
    0x00, 0x40, 0xA0, 0xE3, 0x6C, 0x50, 0x9F, 0xE5, 0x08, 0x70, 0x40, 0xE0, 0x02, 0x00, 0x00, 0xEA,
    0x01, 0x40, 0x84, 0xE2, 0x23, 0x00, 0x54, 0xE3, 0x0F, 0x00, 0x00, 0x0A, 0x04, 0x30, 0xB5, 0xE5,
    0x00, 0x00, 0x53, 0xE3, 0xF9, 0xFF, 0xFF, 0x0A, 0x00, 0x60, 0x93, 0xE5, 0x06, 0x00, 0xA0, 0xE1,
    0x19, 0xCE, 0xFF, 0xEB, 0x00, 0x00, 0x57, 0xE1, 0xF4, 0xFF, 0xFF, 0x1A, 0x07, 0x20, 0xA0, 0xE1,
    0x08, 0x10, 0xA0, 0xE1, 0x06, 0x00, 0xA0, 0xE1, 0xC0, 0xD5, 0xFF, 0xEB, 0x00, 0x00, 0x50, 0xE3,
    0xEE, 0xFF, 0xFF, 0x1A, 0x04, 0x00, 0xA0, 0xE1, 0xF0, 0x81, 0xBD, 0xE8, 0x00, 0x40, 0xE0, 0xE3,
    0x04, 0x00, 0xA0, 0xE1, 0xF0, 0x81, 0xBD, 0xE8, 0x0C, 0x30, 0x9F, 0xE5, 0x00, 0x40, 0x93, 0xE5,
    0x04, 0x00, 0xA0, 0xE1, 0xF0, 0x81, 0xBD, 0xE8, 0xF8, 0xBC, 0x11, 0x00, 0x88, 0xBD, 0x11, 0x00,
    0x10, 0x40, 0x2D, 0xE9, 0xD7, 0xFF, 0xFF, 0xEB, 0x01, 0x00, 0x70, 0xE3, 0x00, 0x30, 0xA0, 0x13,
    0x08, 0x20, 0x9F, 0x15, 0x00, 0x31, 0x82, 0x17, 0x03, 0x00, 0xA0, 0x11, 0x10, 0x80, 0xBD, 0xE8,
    0xFC, 0xBC, 0x11, 0x00, 0xF0, 0x41, 0x2D, 0xE9, 0x00, 0x80, 0xA0, 0xE1, 0x03, 0x40, 0xA0, 0xE3,
    0x6C, 0x70, 0x9F, 0xE5, 0x10, 0x00, 0x00, 0xEA, 0x00, 0x60, 0x93, 0xE5, 0x00, 0x50, 0x98, 0xE5,
    0x06, 0x00, 0xA0, 0xE1, 0x05, 0x10, 0xA0, 0xE1, 0xEA, 0xA3, 0xFF, 0xEB, 0x00, 0x00, 0x50, 0xE3,
    0x06, 0x00, 0x00, 0x1A, 0x06, 0x00, 0xA0, 0xE1, 0xEF, 0xCD, 0xFF, 0xEB, 0x00, 0x60, 0xA0, 0xE1,
    0x05, 0x00, 0xA0, 0xE1, 0xEC, 0xCD, 0xFF, 0xEB, 0x00, 0x00, 0x56, 0xE1, 0x05, 0x00, 0x00, 0x0A,
    0x01, 0x40, 0x84, 0xE2, 0x23, 0x00, 0x54, 0xE3, 0x06, 0x00, 0x00, 0x0A, 0x04, 0x30, 0xB7, 0xE5,
    0x00, 0x00, 0x53, 0xE3, 0xEB, 0xFF, 0xFF, 0x1A, 0x18, 0x30, 0x9F, 0xE5, 0x04, 0x00, 0xA0, 0xE1,
    0x04, 0x81, 0x83, 0xE7, 0xF0, 0x81, 0xBD, 0xE8, 0x00, 0x40, 0xE0, 0xE3, 0x04, 0x00, 0xA0, 0xE1,
    0xF0, 0x81, 0xBD, 0xE8, 0x04, 0xBD, 0x11, 0x00, 0xFC, 0xBC, 0x11, 0x00, 0x10, 0x40, 0x2D, 0xE9,
    0xAC, 0xFF, 0xFF, 0xEB, 0x22, 0x00, 0x50, 0xE3, 0x08, 0x30, 0x9F, 0x95, 0x00, 0x01, 0x93, 0x97,
    0x00, 0x00, 0xA0, 0x83, 0x10, 0x80, 0xBD, 0xE8, 0xFC, 0xBC, 0x11, 0x00, 0x00, 0x00, 0xA0, 0xE3,
    0x1E, 0xFF, 0x2F, 0xE1, 0x00, 0x30, 0xA0, 0xE1, 0x58, 0x20, 0xA0, 0xE3, 0x00, 0x00, 0xE0, 0xE3,
    0x00, 0x20, 0x83, 0xE5, 0x1E, 0xFF, 0x2F, 0xE1, 0xF0, 0x41, 0x2D, 0xE9, 0x01, 0x00, 0x71, 0xE3,
    0x18, 0x50, 0x9D, 0xE5, 0x1C, 0x00, 0x00, 0x0A, 0x00, 0x40, 0xA0, 0xE1, 0x01, 0x00, 0xA0, 0xE1,
    0x03, 0x70, 0xA0, 0xE1, 0x02, 0x60, 0xA0, 0xE1, 0x34, 0xFF, 0xFF, 0xEB, 0x00, 0x30, 0x50, 0xE2,
    0x09, 0x30, 0xA0, 0x03, 0x00, 0x30, 0x84, 0x05, 0x13, 0x00, 0x00, 0x0A, 0x00, 0x10, 0x93, 0xE5,
    0x50, 0x20, 0x9F, 0xE5, 0x01, 0x01, 0x92, 0xE7, 0x18, 0xC0, 0x90, 0xE5, 0x00, 0x00, 0x5C, 0xE3,
    0x0B, 0x00, 0x00, 0x0A, 0x58, 0x00, 0x90, 0xE5, 0xFC, 0x01, 0x84, 0xE5, 0x01, 0xC1, 0x92, 0xE7,
    0x08, 0x10, 0x93, 0xE5, 0x18, 0x50, 0x8D, 0xE5, 0x18, 0xE0, 0x9C, 0xE5, 0x06, 0x20, 0xA0, 0xE1,
    0x07, 0x30, 0xA0, 0xE1, 0x04, 0x00, 0xA0, 0xE1, 0x0E, 0xC0, 0xA0, 0xE1, 0xF0, 0x41, 0xBD, 0xE8,
    0x1C, 0xFF, 0x2F, 0xE1, 0x58, 0x30, 0xA0, 0xE3, 0x00, 0x30, 0x84, 0xE5, 0x00, 0x00, 0xE0, 0xE3,
    0x00, 0x10, 0xE0, 0xE3, 0xF0, 0x81, 0xBD, 0xE8, 0xFC, 0xBC, 0x11, 0x00, 0x01, 0x00, 0x71, 0xE3,
    0x1F, 0x00, 0x00, 0x0A, 0x30, 0x40, 0x2D, 0xE9, 0x00, 0x40, 0xA0, 0xE1, 0x0C, 0xD0, 0x4D, 0xE2,
    0x01, 0x00, 0xA0, 0xE1, 0xF0, 0x20, 0xCD, 0xE1, 0x10, 0xFF, 0xFF, 0xEB, 0xD0, 0x20, 0xCD, 0xE1,
    0x00, 0x10, 0x50, 0xE2, 0x09, 0x30, 0xA0, 0x03, 0x00, 0x30, 0x84, 0x05, 0x11, 0x00, 0x00, 0x0A,
    0x00, 0xC0, 0x91, 0xE5, 0x50, 0x00, 0x9F, 0xE5, 0x0C, 0xE1, 0x90, 0xE7, 0x14, 0x50, 0x9E, 0xE5,
    0x00, 0x00, 0x55, 0xE3, 0x09, 0x00, 0x00, 0x0A, 0x58, 0xE0, 0x9E, 0xE5, 0xFC, 0xE1, 0x84, 0xE5,
    0x0C, 0xC1, 0x90, 0xE7, 0x04, 0x00, 0xA0, 0xE1, 0x14, 0xE0, 0x9C, 0xE5, 0x08, 0x10, 0x91, 0xE5,
    0x0E, 0xC0, 0xA0, 0xE1, 0x0C, 0xD0, 0x8D, 0xE2, 0x30, 0x40, 0xBD, 0xE8, 0x1C, 0xFF, 0x2F, 0xE1,
    0x58, 0x30, 0xA0, 0xE3, 0x00, 0x30, 0x84, 0xE5, 0x00, 0x00, 0xE0, 0xE3, 0x0C, 0xD0, 0x8D, 0xE2,
    0x30, 0x80, 0xBD, 0xE8, 0x00, 0x00, 0xE0, 0xE3, 0x1E, 0xFF, 0x2F, 0xE1, 0xFC, 0xBC, 0x11, 0x00,
    0x60, 0xC0, 0x9F, 0xE5, 0x04, 0xE0, 0x2D, 0xE5, 0x00, 0x30, 0x9C, 0xE5, 0x00, 0x00, 0x53, 0xE3,
    0x0C, 0x00, 0x00, 0x0A, 0x50, 0x20, 0x9F, 0xE5, 0x01, 0x10, 0x83, 0xE0, 0x00, 0x20, 0x92, 0xE5,
    0x0D, 0xE0, 0xA0, 0xE1, 0x00, 0x00, 0x52, 0xE3, 0x0D, 0x20, 0xA0, 0x01, 0x02, 0x00, 0x51, 0xE1,
    0x0C, 0x20, 0xA0, 0x83, 0x00, 0x30, 0xE0, 0x83, 0x00, 0x20, 0x80, 0x85, 0x00, 0x10, 0x8C, 0x95,
    0x03, 0x00, 0xA0, 0xE1, 0x04, 0xF0, 0x9D, 0xE4, 0x20, 0x30, 0x9F, 0xE5, 0x00, 0x30, 0x93, 0xE5,
    0x00, 0x00, 0x53, 0xE3, 0x18, 0x20, 0x9F, 0x05, 0x00, 0x30, 0x8C, 0x15, 0x02, 0x30, 0xA0, 0x01,
    0x00, 0x20, 0x8C, 0x05, 0xEA, 0xFF, 0xFF, 0xEA, 0xC4, 0xDF, 0x11, 0x00, 0xC0, 0xDF, 0x11, 0x00,
    0xBC, 0xDF, 0x11, 0x00, 0xD0, 0xEB, 0x11, 0x00, 0x10, 0x30, 0x9F, 0xE5, 0x00, 0x00, 0x53, 0xE3,
    0x1E, 0xFF, 0x2F, 0x01, 0x10, 0x40, 0x2D, 0xE9, 0xEF, 0xB8, 0xFF, 0xEB, 0x10, 0x80, 0xBD, 0xE8,
    0xAC, 0x59, 0x10, 0x00, 0x10, 0x30, 0x9F, 0xE5, 0x00, 0x00, 0x53, 0xE3, 0x1E, 0xFF, 0x2F, 0x01,
    0x10, 0x40, 0x2D, 0xE9, 0xE9, 0xB8, 0xFF, 0xEB, 0x10, 0x80, 0xBD, 0xE8, 0xB0, 0x59, 0x10, 0x00,
    0x10, 0x30, 0x9F, 0xE5, 0x00, 0x00, 0x53, 0xE3, 0x1E, 0xFF, 0x2F, 0x01, 0x10, 0x40, 0x2D, 0xE9,
    0xE3, 0xB8, 0xFF, 0xEB, 0x10, 0x80, 0xBD, 0xE8, 0xB4, 0x59, 0x10, 0x00, 0x10, 0x30, 0x9F, 0xE5,
    0x00, 0x00, 0x53, 0xE3, 0x1E, 0xFF, 0x2F, 0x01, 0x10, 0x40, 0x2D, 0xE9, 0xDD, 0xB8, 0xFF, 0xEB,
    0x10, 0x80, 0xBD, 0xE8, 0xB8, 0x59, 0x10, 0x00, 0x01, 0x00, 0x71, 0xE3, 0x1F, 0x00, 0x00, 0x0A,
    0x30, 0x40, 0x2D, 0xE9, 0x00, 0x40, 0xA0, 0xE1, 0x0C, 0xD0, 0x4D, 0xE2, 0x01, 0x00, 0xA0, 0xE1,
    0xF0, 0x20, 0xCD, 0xE1, 0xB1, 0xFE, 0xFF, 0xEB, 0xD0, 0x20, 0xCD, 0xE1, 0x00, 0x10, 0x50, 0xE2,
    0x09, 0x30, 0xA0, 0x03, 0x00, 0x30, 0x84, 0x05, 0x11, 0x00, 0x00, 0x0A, 0x00, 0xC0, 0x91, 0xE5,
    0x50, 0x00, 0x9F, 0xE5, 0x0C, 0xE1, 0x90, 0xE7, 0x10, 0x50, 0x9E, 0xE5, 0x00, 0x00, 0x55, 0xE3,
    0x09, 0x00, 0x00, 0x0A, 0x58, 0xE0, 0x9E, 0xE5, 0xFC, 0xE1, 0x84, 0xE5, 0x0C, 0xC1, 0x90, 0xE7,
    0x04, 0x00, 0xA0, 0xE1, 0x10, 0xE0, 0x9C, 0xE5, 0x08, 0x10, 0x91, 0xE5, 0x0E, 0xC0, 0xA0, 0xE1,
    0x0C, 0xD0, 0x8D, 0xE2, 0x30, 0x40, 0xBD, 0xE8, 0x1C, 0xFF, 0x2F, 0xE1, 0x58, 0x30, 0xA0, 0xE3,
    0x00, 0x30, 0x84, 0xE5, 0x00, 0x00, 0xE0, 0xE3, 0x0C, 0xD0, 0x8D, 0xE2, 0x30, 0x80, 0xBD, 0xE8,
    0x00, 0x00, 0xE0, 0xE3, 0x1E, 0xFF, 0x2F, 0xE1, 0xFC, 0xBC, 0x11, 0x00, 0x70, 0x40, 0x2D, 0xE9,
    0xFF, 0x40, 0x11, 0xE2, 0x00, 0x30, 0xA0, 0x11, 0x00, 0x50, 0xA0, 0x13, 0x02, 0x00, 0x00, 0x1A,
    0x08, 0x00, 0x00, 0xEA, 0x00, 0x50, 0xA0, 0xE1, 0x01, 0x30, 0x80, 0xE2, 0x04, 0x10, 0xA0, 0xE1,
    0x03, 0x00, 0xA0, 0xE1, 0xC5, 0xF0, 0xFF, 0xEB, 0x00, 0x00, 0x50, 0xE3, 0xF8, 0xFF, 0xFF, 0x1A,
    0x05, 0x00, 0xA0, 0xE1, 0x70, 0x80, 0xBD, 0xE8, 0x04, 0x10, 0xA0, 0xE1, 0x70, 0x40, 0xBD, 0xE8,
    0xBE, 0xF0, 0xFF, 0xEA, 0x0D, 0xC0, 0xA0, 0xE1, 0xF8, 0xDF, 0x2D, 0xE9, 0x04, 0xB0, 0x4C, 0xE2,
    0x28, 0xD0, 0x4B, 0xE2, 0xF0, 0x6F, 0x9D, 0xE8, 0x1E, 0xFF, 0x2F, 0xE1, 0x00, 0x00, 0x00, 0x00,
    0x00, 0x00, 0x00, 0x00, 0x00, 0x00, 0x00, 0x00, 0x00, 0x00, 0x00, 0x00, 0x00, 0x00, 0x00, 0x00,
    0x00, 0x00, 0x00, 0x00, 0x00, 0x00, 0x00, 0x00, 0x00, 0x00, 0x00, 0x00, 0x00, 0x00, 0x00, 0x00,
    0x00, 0x00, 0x00, 0x00, 0x00, 0x00, 0x00, 0x00, 0x00, 0x00, 0x00, 0x00, 0x00, 0x00, 0x00, 0x00,
    0x00, 0x00, 0x00, 0x00, 0x00, 0x00, 0x00, 0x00, 0x00, 0x00, 0x00, 0x00, 0x00, 0x00, 0x00, 0x00,
    0x00, 0x00, 0x00, 0x00, 0x00, 0x00, 0x00, 0x00, 0x00, 0x00, 0x00, 0x00, 0x00, 0x00, 0x00, 0x00,
    0x00, 0x00, 0x00, 0x00, 0x00, 0x00, 0x00, 0x00, 0x00, 0x00, 0x00, 0x00, 0x00, 0x00, 0x00, 0x00,
    0x00, 0x00, 0x00, 0x00, 0x00, 0x00, 0x00, 0x00, 0x00, 0x00, 0x00, 0x00, 0x00, 0x00, 0x00, 0x00,
    0x00, 0x00, 0x00, 0x00, 0x00, 0x00, 0x00, 0x00, 0x00, 0x00, 0x00, 0x00, 0x00, 0x00, 0x00, 0x00,
    0x00, 0x00, 0x00, 0x00, 0x00, 0x00, 0x00, 0x00, 0x00, 0x00, 0x00, 0x00, 0x00, 0x00, 0x00, 0x00,
    0x00, 0x00, 0x00, 0x00, 0x00, 0x00, 0x00, 0x00, 0x00, 0x00, 0x00, 0x00, 0x00, 0x00, 0x00, 0x00,
    0x00, 0x00, 0x00, 0x00, 0x00, 0x00, 0x00, 0x00, 0x00, 0x00, 0x00, 0x00, 0x00, 0x00, 0x00, 0x00,
    0x00, 0x00, 0x00, 0x00, 0x00, 0x00, 0x00, 0x00, 0x00, 0x00, 0x00, 0x00, 0x00, 0x00, 0x00, 0x00,
    0x00, 0x00, 0x00, 0x00, 0x00, 0x00, 0x00, 0x00, 0x00, 0x00, 0x00, 0x00, 0x00, 0x00, 0x00, 0x00,
    0x00, 0x00, 0x00, 0x00, 0x00, 0x00, 0x00, 0x00, 0x00, 0x00, 0x00, 0x00, 0x00, 0x00, 0x00, 0x00,
    0x00, 0x00, 0x00, 0x00, 0x00, 0x00, 0x00, 0x00, 0x00, 0x00, 0x00, 0x00, 0x00, 0x00, 0x00, 0x00,
    0x00, 0x00, 0x00, 0x00, 0x00, 0x00, 0x00, 0x00, 0x00, 0x00, 0x00, 0x00, 0x00, 0x00, 0x00, 0x00,
    0x00, 0x00, 0x00, 0x00, 0x00, 0x00, 0x00, 0x00, 0x00, 0x00, 0x00, 0x00, 0x00, 0x00, 0x00, 0x00,
    0x00, 0x00, 0x00, 0x00, 0x00, 0x00, 0x00, 0x00, 0x00, 0x00, 0x00, 0x00, 0x00, 0x00, 0x00, 0x00,
    0x00, 0x00, 0x00, 0x00, 0x00, 0x00, 0x00, 0x00, 0x00, 0x00, 0x00, 0x00, 0x00, 0x00, 0x00, 0x00,
    0x00, 0x00, 0x00, 0x00, 0x00, 0x00, 0x00, 0x00, 0x00, 0x00, 0x00, 0x00, 0x00, 0x00, 0x00, 0x00,
    0x00, 0x00, 0x00, 0x00, 0x00, 0x00, 0x00, 0x00, 0x00, 0x00, 0x00, 0x00, 0x00, 0x00, 0x00, 0x00,
    0x00, 0x00, 0x00, 0x00, 0x00, 0x00, 0x00, 0x00, 0x00, 0x00, 0x00, 0x00, 0x00, 0x00, 0x00, 0x00,
    0x00, 0x00, 0x00, 0x00, 0x00, 0x00, 0x00, 0x00, 0x00, 0x00, 0x00, 0x00, 0x00, 0x00, 0x00, 0x00,
    0x00, 0x00, 0x00, 0x00, 0x00, 0x00, 0x00, 0x00, 0x00, 0x00, 0x00, 0x00, 0x00, 0x00, 0x00, 0x00,
    0x00, 0x00, 0x00, 0x00, 0x00, 0x00, 0x00, 0x00, 0x00, 0x00, 0x00, 0x00, 0x00, 0x00, 0x00, 0x00,
    0x00, 0x00, 0x00, 0x00, 0x00, 0x00, 0x00, 0x00, 0x00, 0x00, 0x00, 0x00, 0x00, 0x00, 0x00, 0x00,
    0x00, 0x00, 0x00, 0x00, 0x00, 0x00, 0x00, 0x00, 0x00, 0x00, 0x00, 0x00, 0x00, 0x00, 0x00, 0x00,
    0x00, 0x00, 0x00, 0x00, 0x00, 0x00, 0x00, 0x00, 0x00, 0x00, 0x00, 0x00, 0x00, 0x00, 0x00, 0x00,
    0x00, 0x00, 0x00, 0x00, 0x00, 0x00, 0x00, 0x00, 0x00, 0x00, 0x00, 0x00, 0x00, 0x00, 0x00, 0x00,
    0x00, 0x00, 0x00, 0x00, 0x00, 0x00, 0x00, 0x00, 0x00, 0x00, 0x00, 0x00, 0x00, 0x00, 0x00, 0x00,
    0x00, 0x00, 0x00, 0x00, 0x00, 0x00, 0x00, 0x00, 0x00, 0x00, 0x00, 0x00, 0x00, 0x00, 0x00, 0x00,
    0x00, 0x00, 0x00, 0x00, 0x00, 0x00, 0x00, 0x00, 0x00, 0x00, 0x00, 0x00, 0x00, 0x00, 0x00, 0x00,
    0x00, 0x00, 0x00, 0x00, 0x00, 0x00, 0x00, 0x00, 0x00, 0x00, 0x00, 0x00, 0x00, 0x00, 0x00, 0x00,
    0x00, 0x00, 0x00, 0x00, 0x00, 0x00, 0x00, 0x00, 0x00, 0x00, 0x00, 0x00, 0x00, 0x00, 0x00, 0x00,
    0x00, 0x00, 0x00, 0x00, 0x00, 0x00, 0x00, 0x00, 0x00, 0x00, 0x00, 0x00, 0x00, 0x00, 0x00, 0x00,
    0x00, 0x00, 0x00, 0x00, 0x00, 0x00, 0x00, 0x00, 0x00, 0x00, 0x00, 0x00, 0x00, 0x00, 0x00, 0x00,
    0x00, 0x00, 0x00, 0x00, 0x00, 0x00, 0x00, 0x00, 0x00, 0x00, 0x00, 0x00, 0x00, 0x00, 0x00, 0x00,
    0x00, 0x00, 0x00, 0x00, 0x00, 0x00, 0x00, 0x00, 0x00, 0x00, 0x00, 0x00, 0x00, 0x00, 0x00, 0x00,
    0x00, 0x00, 0x00, 0x00, 0x00, 0x00, 0x00, 0x00, 0x00, 0x00, 0x00, 0x00, 0x00, 0x00, 0x00, 0x00,
    0x00, 0x00, 0x00, 0x00, 0x00, 0x00, 0x00, 0x00, 0x00, 0x00, 0x00, 0x00, 0x00, 0x00, 0x00, 0x00,
    0x00, 0x00, 0x00, 0x00, 0x00, 0x00, 0x00, 0x00, 0x00, 0x00, 0x00, 0x00, 0x00, 0x00, 0x00, 0x00,
    0x00, 0x00, 0x00, 0x00, 0x00, 0x00, 0x00, 0x00, 0x00, 0x00, 0x00, 0x00, 0x00, 0x00, 0x00, 0x00,
    0x00, 0x00, 0x00, 0x00, 0x00, 0x00, 0x00, 0x00, 0x00, 0x00, 0x00, 0x00, 0x00, 0x00, 0x00, 0x00,
    0x00, 0x00, 0x00, 0x00, 0x00, 0x00, 0x00, 0x00, 0x00, 0x00, 0x00, 0x00, 0x00, 0x00, 0x00, 0x00,
    0x00, 0x00, 0x00, 0x00, 0x00, 0x00, 0x00, 0x00, 0x00, 0x00, 0x00, 0x00, 0x00, 0x00, 0x00, 0x00,
    0x00, 0x00, 0x00, 0x00, 0x00, 0x00, 0x00, 0x00, 0x00, 0x00, 0x00, 0x00, 0x00, 0x00, 0x00, 0x00,
    0x00, 0x00, 0x00, 0x00, 0x00, 0x00, 0x00, 0x00, 0x00, 0x00, 0x00, 0x00, 0x00, 0x00, 0x00, 0x00,
    0x00, 0x00, 0x00, 0x00, 0x00, 0x00, 0x00, 0x00, 0x00, 0x00, 0x00, 0x00, 0x00, 0x00, 0x00, 0x00,
    0x00, 0x00, 0x00, 0x00, 0x00, 0x00, 0x00, 0x00, 0x00, 0x00, 0x00, 0x00, 0x00, 0x00, 0x00, 0x00,
    0x00, 0x00, 0x00, 0x00, 0x00, 0x00, 0x00, 0x00, 0x00, 0x00, 0x00, 0x00, 0x00, 0x00, 0x00, 0x00,
    0x00, 0x00, 0x00, 0x00, 0x00, 0x00, 0x00, 0x00, 0x00, 0x00, 0x00, 0x00, 0x00, 0x00, 0x00, 0x00,
    0x00, 0x00, 0x00, 0x00, 0x00, 0x00, 0x00, 0x00, 0x00, 0x00, 0x00, 0x00, 0x00, 0x00, 0x00, 0x00,
    0x00, 0x00, 0x00, 0x00, 0x00, 0x00, 0x00, 0x00, 0x00, 0x00, 0x00, 0x00, 0x00, 0x00, 0x00, 0x00,
    0x00, 0x00, 0x00, 0x00, 0x00, 0x00, 0x00, 0x00, 0x00, 0x00, 0x00, 0x00, 0x00, 0x00, 0x00, 0x00,
    0x00, 0x00, 0x00, 0x00, 0x00, 0x00, 0x00, 0x00, 0x00, 0x00, 0x00, 0x00, 0x00, 0x00, 0x00, 0x00,
    0x00, 0x00, 0x00, 0x00, 0x00, 0x00, 0x00, 0x00, 0x00, 0x00, 0x00, 0x00, 0x00, 0x00, 0x00, 0x00,
    0x00, 0x00, 0x00, 0x00, 0x00, 0x00, 0x00, 0x00, 0x00, 0x00, 0x00, 0x00, 0x00, 0x00, 0x00, 0x00,
    0x00, 0x00, 0x00, 0x00, 0x00, 0x00, 0x00, 0x00, 0x00, 0x00, 0x00, 0x00, 0x00, 0x00, 0x00, 0x00,
    0x00, 0x00, 0x00, 0x00, 0x00, 0x00, 0x00, 0x00, 0x00, 0x00, 0x00, 0x00, 0x00, 0x00, 0x00, 0x00,
    0x00, 0x00, 0x00, 0x00, 0x00, 0x00, 0x00, 0x00, 0x00, 0x00, 0x00, 0x00, 0x00, 0x00, 0x00, 0x00,
    0x00, 0x00, 0x00, 0x00, 0x00, 0x00, 0x00, 0x00, 0x00, 0x00, 0x00, 0x00, 0x00, 0x00, 0x00, 0x00,
    0x00, 0x00, 0x00, 0x00, 0x00, 0x00, 0x00, 0x00, 0x00, 0x00, 0x00, 0x00, 0x00, 0x00, 0x00, 0x00,
    0x00, 0x00, 0x00, 0x00, 0x00, 0x00, 0x00, 0x00, 0x00, 0x00, 0x00, 0x00, 0x00, 0x00, 0x00, 0x00,
    0x00, 0x00, 0x00, 0x00, 0x00, 0x00, 0x00, 0x00, 0x00, 0x00, 0x00, 0x00, 0x00, 0x00, 0x00, 0x00,
    0x00, 0x00, 0x00, 0x00, 0x00, 0x00, 0x00, 0x00, 0x00, 0x00, 0x00, 0x00, 0x00, 0x00, 0x00, 0x00,
    0x00, 0x00, 0x00, 0x00, 0x00, 0x00, 0x00, 0x00, 0x00, 0x00, 0x00, 0x00, 0x00, 0x00, 0x00, 0x00,
    0x00, 0x00, 0x00, 0x00, 0x00, 0x00, 0x00, 0x00, 0x00, 0x00, 0x00, 0x00, 0x00, 0x00, 0x00, 0x00,
    0x00, 0x00, 0x00, 0x00, 0x00, 0x00, 0x00, 0x00, 0x00, 0x00, 0x00, 0x00, 0x00, 0x00, 0x00, 0x00,
    0x00, 0x00, 0x00, 0x00, 0x00, 0x00, 0x00, 0x00, 0x00, 0x00, 0x00, 0x00, 0x00, 0x00, 0x00, 0x00,
    0x00, 0x00, 0x00, 0x00, 0x00, 0x00, 0x00, 0x00, 0x00, 0x00, 0x00, 0x00, 0x00, 0x00, 0x00, 0x00,
    0x00, 0x00, 0x00, 0x00, 0x00, 0x00, 0x00, 0x00, 0x00, 0x00, 0x00, 0x00, 0x00, 0x00, 0x00, 0x00,
    0x00, 0x00, 0x00, 0x00, 0x00, 0x00, 0x00, 0x00, 0x00, 0x00, 0x00, 0x00, 0x00, 0x00, 0x00, 0x00,
    0x00, 0x00, 0x00, 0x00, 0x00, 0x00, 0x00, 0x00, 0x00, 0x00, 0x00, 0x00, 0x00, 0x00, 0x00, 0x00,
    0x00, 0x00, 0x00, 0x00, 0x00, 0x00, 0x00, 0x00, 0x00, 0x00, 0x00, 0x00, 0x00, 0x00, 0x00, 0x00,
    0x00, 0x00, 0x00, 0x00, 0x00, 0x00, 0x00, 0x00, 0x00, 0x00, 0x00, 0x00, 0x00, 0x00, 0x00, 0x00,
    0x00, 0x00, 0x00, 0x00, 0x00, 0x00, 0x00, 0x00, 0x00, 0x00, 0x00, 0x00, 0x00, 0x00, 0x00, 0x00,
    0x00, 0x00, 0x00, 0x00, 0x00, 0x00, 0x00, 0x00, 0x00, 0x00, 0x00, 0x00, 0x00, 0x00, 0x00, 0x00,
    0x00, 0x00, 0x00, 0x00, 0x00, 0x00, 0x00, 0x00, 0x00, 0x00, 0x00, 0x00, 0x00, 0x00, 0x00, 0x00,
    0x00, 0x00, 0x00, 0x00, 0x00, 0x00, 0x00, 0x00, 0x00, 0x00, 0x00, 0x00, 0x00, 0x00, 0x00, 0x00,
    0x00, 0x00, 0x00, 0x00, 0x00, 0x00, 0x00, 0x00, 0x00, 0x00, 0x00, 0x00, 0x00, 0x00, 0x00, 0x00,
    0x00, 0x00, 0x00, 0x00, 0x00, 0x00, 0x00, 0x00, 0x00, 0x00, 0x00, 0x00, 0x00, 0x00, 0x00, 0x00,
    0x00, 0x00, 0x00, 0x00, 0x00, 0x00, 0x00, 0x00, 0x00, 0x00, 0x00, 0x00, 0x00, 0x00, 0x00, 0x00,
    0x00, 0x00, 0x00, 0x00, 0x00, 0x00, 0x00, 0x00, 0x00, 0x00, 0x00, 0x00, 0x00, 0x00, 0x00, 0x00,
    0x00, 0x00, 0x00, 0x00, 0x00, 0x00, 0x00, 0x00, 0x00, 0x00, 0x00, 0x00, 0x00, 0x00, 0x00, 0x00,
    0x00, 0x00, 0x00, 0x00, 0x00, 0x00, 0x00, 0x00, 0x00, 0x00, 0x00, 0x00, 0x00, 0x00, 0x00, 0x00,
    0x00, 0x00, 0x00, 0x00, 0x00, 0x00, 0x00, 0x00, 0x00, 0x00, 0x00, 0x00, 0x00, 0x00, 0x00, 0x00,
    0x00, 0x00, 0x00, 0x00, 0x00, 0x00, 0x00, 0x00, 0x00, 0x00, 0x00, 0x00, 0x00, 0x00, 0x00, 0x00,
    0x00, 0x00, 0x00, 0x00, 0x00, 0x00, 0x00, 0x00, 0x00, 0x00, 0x00, 0x00, 0x00, 0x00, 0x00, 0x00,
    0x00, 0x00, 0x00, 0x00, 0x00, 0x00, 0x00, 0x00, 0x00, 0x00, 0x00, 0x00, 0x00, 0x00, 0x00, 0x00,
    0x00, 0x00, 0x00, 0x00, 0x00, 0x00, 0x00, 0x00, 0x00, 0x00, 0x00, 0x00, 0x00, 0x00, 0x00, 0x00,
    0x00, 0x00, 0x00, 0x00, 0x00, 0x00, 0x00, 0x00, 0x00, 0x00, 0x00, 0x00, 0x00, 0x00, 0x00, 0x00,
    0x00, 0x00, 0x00, 0x00, 0x00, 0x00, 0x00, 0x00, 0x00, 0x00, 0x00, 0x00, 0x00, 0x00, 0x00, 0x00,
    0x00, 0x00, 0x00, 0x00, 0x00, 0x00, 0x00, 0x00, 0x00, 0x00, 0x00, 0x00, 0x00, 0x00, 0x00, 0x00,
    0x00, 0x00, 0x00, 0x00, 0x00, 0x00, 0x00, 0x00, 0x00, 0x00, 0x00, 0x00, 0x00, 0x00, 0x00, 0x00,
    0x00, 0x00, 0x00, 0x00, 0x00, 0x00, 0x00, 0x00, 0x00, 0x00, 0x00, 0x00, 0x00, 0x00, 0x00, 0x00,
    0x00, 0x00, 0x00, 0x00, 0x00, 0x00, 0x00, 0x00, 0x00, 0x00, 0x00, 0x00, 0x00, 0x00, 0x00, 0x00,
    0x00, 0x00, 0x00, 0x00, 0x00, 0x00, 0x00, 0x00, 0x00, 0x00, 0x00, 0x00, 0x00, 0x00, 0x00, 0x00,
    0x00, 0x00, 0x00, 0x00, 0x00, 0x00, 0x00, 0x00, 0x00, 0x00, 0x00, 0x00, 0x00, 0x00, 0x00, 0x00,
    0x00, 0x00, 0x00, 0x00, 0x00, 0x00, 0x00, 0x00, 0x00, 0x00, 0x00, 0x00, 0x00, 0x00, 0x00, 0x00,
    0x00, 0x00, 0x00, 0x00, 0x00, 0x00, 0x00, 0x00, 0x00, 0x00, 0x00, 0x00, 0x00, 0x00, 0x00, 0x00,
    0x00, 0x00, 0x00, 0x00, 0x00, 0x00, 0x00, 0x00, 0x00, 0x00, 0x00, 0x00, 0x00, 0x00, 0x00, 0x00,
    0x00, 0x00, 0x00, 0x00, 0x00, 0x00, 0x00, 0x00, 0x00, 0x00, 0x00, 0x00, 0x00, 0x00, 0x00, 0x00,
    0x00, 0x00, 0x00, 0x00, 0x00, 0x00, 0x00, 0x00, 0x00, 0x00, 0x00, 0x00, 0x00, 0x00, 0x00, 0x00,
    0x00, 0x00, 0x00, 0x00, 0x00, 0x00, 0x00, 0x00, 0x00, 0x00, 0x00, 0x00, 0x00, 0x00, 0x00, 0x00,
    0x00, 0x00, 0x00, 0x00, 0x00, 0x00, 0x00, 0x00, 0x00, 0x00, 0x00, 0x00, 0x00, 0x00, 0x00, 0x00,
    0x00, 0x00, 0x00, 0x00, 0x00, 0x00, 0x00, 0x00, 0x00, 0x00, 0x00, 0x00, 0x00, 0x00, 0x00, 0x00,
    0x00, 0x00, 0x00, 0x00, 0x00, 0x00, 0x00, 0x00, 0x00, 0x00, 0x00, 0x00, 0x00, 0x00, 0x00, 0x00,
    0x00, 0x00, 0x00, 0x00, 0x00, 0x00, 0x00, 0x00, 0x00, 0x00, 0x00, 0x00, 0x00, 0x00, 0x00, 0x00,
    0x00, 0x00, 0x00, 0x00, 0x00, 0x00, 0x00, 0x00, 0x00, 0x00, 0x00, 0x00, 0x00, 0x00, 0x00, 0x00,
    0x00, 0x00, 0x00, 0x00, 0x00, 0x00, 0x00, 0x00, 0x00, 0x00, 0x00, 0x00, 0x00, 0x00, 0x00, 0x00,
    0x00, 0x00, 0x00, 0x00, 0x00, 0x00, 0x00, 0x00, 0x00, 0x00, 0x00, 0x00, 0x00, 0x00, 0x00, 0x00,
    0x00, 0x00, 0x00, 0x00, 0x00, 0x00, 0x00, 0x00, 0x00, 0x00, 0x00, 0x00, 0x00, 0x00, 0x00, 0x00,
    0x00, 0x00, 0x00, 0x00, 0x00, 0x00, 0x00, 0x00, 0x00, 0x00, 0x00, 0x00, 0x00, 0x00, 0x00, 0x00,
    0x00, 0x00, 0x00, 0x00, 0x00, 0x00, 0x00, 0x00, 0x00, 0x00, 0x00, 0x00, 0x00, 0x00, 0x00, 0x00,
    0x00, 0x00, 0x00, 0x00, 0x00, 0x00, 0x00, 0x00, 0x00, 0x00, 0x00, 0x00, 0x00, 0x00, 0x00, 0x00,
    0x00, 0x00, 0x00, 0x00, 0x00, 0x00, 0x00, 0x00, 0x00, 0x00, 0x00, 0x00, 0x00, 0x00, 0x00, 0x00,
    0x00, 0x00, 0x00, 0x00, 0x00, 0x00, 0x00, 0x00, 0x00, 0x00, 0x00, 0x00, 0x00, 0x00, 0x00, 0x00,
    0x00, 0x00, 0x00, 0x00, 0x00, 0x00, 0x00, 0x00, 0x00, 0x00, 0x00, 0x00, 0x00, 0x00, 0x00, 0x00,
    0x00, 0x00, 0x00, 0x00, 0x00, 0x00, 0x00, 0x00, 0x00, 0x00, 0x00, 0x00, 0x00, 0x00, 0x00, 0x00,
    0x00, 0x00, 0x00, 0x00, 0x00, 0x00, 0x00, 0x00, 0x00, 0x00, 0x00, 0x00, 0x00, 0x00, 0x00, 0x00,
    0x00, 0x00, 0x00, 0x00, 0x00, 0x00, 0x00, 0x00, 0x00, 0x00, 0x00, 0x00, 0x00, 0x00, 0x00, 0x00,
    0x00, 0x00, 0x00, 0x00, 0x00, 0x00, 0x00, 0x00, 0x00, 0x00, 0x00, 0x00, 0x00, 0x00, 0x00, 0x00,
    0x00, 0x00, 0x00, 0x00, 0x00, 0x00, 0x00, 0x00, 0x00, 0x00, 0x00, 0x00, 0x00, 0x00, 0x00, 0x00,
    0x00, 0x00, 0x00, 0x00, 0x00, 0x00, 0x00, 0x00, 0x00, 0x00, 0x00, 0x00, 0x00, 0x00, 0x00, 0x00,
    0x00, 0x00, 0x00, 0x00, 0x00, 0x00, 0x00, 0x00, 0x00, 0x00, 0x00, 0x00, 0x00, 0x00, 0x00, 0x00,
    0x00, 0x00, 0x00, 0x00, 0x00, 0x00, 0x00, 0x00, 0x00, 0x00, 0x00, 0x00, 0x00, 0x00, 0x00, 0x00,
    0x00, 0x00, 0x00, 0x00, 0x00, 0x00, 0x00, 0x00, 0x00, 0x00, 0x00, 0x00, 0x00, 0x00, 0x00, 0x00,
    0x00, 0x00, 0x00, 0x00, 0x00, 0x00, 0x00, 0x00, 0x00, 0x00, 0x00, 0x00, 0x00, 0x00, 0x00, 0x00,
    0x00, 0x00, 0x00, 0x00, 0x00, 0x00, 0x00, 0x00, 0x00, 0x00, 0x00, 0x00, 0x00, 0x00, 0x00, 0x00,
    0x00, 0x00, 0x00, 0x00, 0x00, 0x00, 0x00, 0x00, 0x00, 0x00, 0x00, 0x00, 0x00, 0x00, 0x00, 0x00,
    0x00, 0x00, 0x00, 0x00, 0x00, 0x00, 0x00, 0x00, 0x00, 0x00, 0x00, 0x00, 0x00, 0x00, 0x00, 0x00,
    0x00, 0x00, 0x00, 0x00, 0x00, 0x00, 0x00, 0x00, 0x00, 0x00, 0x00, 0x00, 0x00, 0x00, 0x00, 0x00,
    0x00, 0x00, 0x00, 0x00, 0x00, 0x00, 0x00, 0x00, 0x00, 0x00, 0x00, 0x00, 0x00, 0x00, 0x00, 0x00,
    0x00, 0x00, 0x00, 0x00, 0x00, 0x00, 0x00, 0x00, 0x00, 0x00, 0x00, 0x00, 0x00, 0x00, 0x00, 0x00,
    0x00, 0x00, 0x00, 0x00, 0x00, 0x00, 0x00, 0x00, 0x00, 0x00, 0x00, 0x00, 0x00, 0x00, 0x00, 0x00,
    0x00, 0x00, 0x00, 0x00, 0x00, 0x00, 0x00, 0x00, 0x00, 0x00, 0x00, 0x00, 0x00, 0x00, 0x00, 0x00,
    0x00, 0x00, 0x00, 0x00, 0x00, 0x00, 0x00, 0x00, 0x00, 0x00, 0x00, 0x00, 0x00, 0x00, 0x00, 0x00,
    0x00, 0x00, 0x00, 0x00, 0x00, 0x00, 0x00, 0x00, 0x00, 0x00, 0x00, 0x00, 0x00, 0x00, 0x00, 0x00,
    0x00, 0x00, 0x00, 0x00, 0x00, 0x00, 0x00, 0x00, 0x00, 0x00, 0x00, 0x00, 0x00, 0x00, 0x00, 0x00,
    0x00, 0x00, 0x00, 0x00, 0x00, 0x00, 0x00, 0x00, 0x00, 0x00, 0x00, 0x00, 0x00, 0x00, 0x00, 0x00,
    0x01, 0x00, 0x00, 0x00, 0x01, 0x00, 0x00, 0x00, 0x40, 0x82, 0x11, 0x00, 0x54, 0x68, 0x69, 0x73,
    0x20, 0x69, 0x73, 0x20, 0x61, 0x6E, 0x20, 0x41, 0x7A, 0x61, 0x68, 0x61, 0x72, 0x20, 0x44, 0x53,
    0x20, 0x66, 0x6F, 0x72, 0x77, 0x61, 0x72, 0x64, 0x65, 0x72, 0x2E, 0x0A, 0x0A, 0x49, 0x74, 0x20,
    0x68, 0x61, 0x73, 0x20, 0x6E, 0x6F, 0x20, 0x67, 0x61, 0x6D, 0x65, 0x20, 0x6F, 0x66, 0x20, 0x69,
    0x74, 0x73, 0x20, 0x6F, 0x77, 0x6E, 0x20, 0x74, 0x6F, 0x20, 0x72, 0x75, 0x6E, 0x20, 0x2D, 0x2D,
    0x0A, 0x41, 0x7A, 0x61, 0x68, 0x61, 0x72, 0x20, 0x73, 0x68, 0x6F, 0x75, 0x6C, 0x64, 0x20, 0x68,
    0x61, 0x76, 0x65, 0x20, 0x72, 0x65, 0x64, 0x69, 0x72, 0x65, 0x63, 0x74, 0x65, 0x64, 0x20, 0x74,
    0x6F, 0x20, 0x74, 0x68, 0x65, 0x0A, 0x6C, 0x69, 0x6E, 0x6B, 0x65, 0x64, 0x20, 0x44, 0x53, 0x20,
    0x52, 0x4F, 0x4D, 0x20, 0x62, 0x65, 0x66, 0x6F, 0x72, 0x65, 0x20, 0x74, 0x68, 0x69, 0x73, 0x20,
    0x65, 0x76, 0x65, 0x72, 0x20, 0x73, 0x68, 0x6F, 0x77, 0x65, 0x64, 0x2E, 0x0A, 0x0A, 0x50, 0x72,
    0x65, 0x73, 0x73, 0x20, 0x53, 0x54, 0x41, 0x52, 0x54, 0x20, 0x74, 0x6F, 0x20, 0x65, 0x78, 0x69,
    0x74, 0x2E, 0x00, 0x00, 0x6E, 0x75, 0x6C, 0x6C, 0x00, 0x00, 0x00, 0x00, 0x73, 0x76, 0x63, 0x00,
    0x63, 0x6F, 0x6E, 0x00, 0x41, 0x50, 0x54, 0x3A, 0x53, 0x00, 0x00, 0x00, 0x41, 0x50, 0x54, 0x3A,
    0x41, 0x00, 0x00, 0x00, 0x41, 0x50, 0x54, 0x3A, 0x55, 0x00, 0x00, 0x00, 0x67, 0x73, 0x70, 0x3A,
    0x3A, 0x47, 0x70, 0x75, 0x00, 0x00, 0x00, 0x00, 0x68, 0x69, 0x64, 0x3A, 0x55, 0x53, 0x45, 0x52,
    0x00, 0x00, 0x00, 0x00, 0x68, 0x69, 0x64, 0x3A, 0x53, 0x50, 0x56, 0x52, 0x00, 0x00, 0x00, 0x00,
    0x69, 0x72, 0x3A, 0x72, 0x73, 0x74, 0x00, 0x00, 0x5F, 0x33, 0x44, 0x53, 0x4C, 0x49, 0x4E, 0x4B,
    0x5F, 0x00, 0x00, 0x00, 0x73, 0x72, 0x76, 0x3A, 0x00, 0x00, 0x00, 0x00, 0x70, 0x74, 0x6D, 0x3A,
    0x73, 0x79, 0x73, 0x6D, 0x00, 0x00, 0x00, 0x00, 0x2F, 0x00, 0x00, 0x00, 0x3A, 0x00, 0x00, 0x00,
    0x73, 0x74, 0x64, 0x6E, 0x75, 0x6C, 0x6C, 0x00, 0x73, 0x64, 0x6D, 0x63, 0x00, 0x00, 0x00, 0x00,
    0x61, 0x72, 0x63, 0x68, 0x69, 0x76, 0x65, 0x00, 0x66, 0x73, 0x3A, 0x55, 0x53, 0x45, 0x52, 0x00,
    0x2E, 0x00, 0x00, 0x00, 0x4C, 0x43, 0x5F, 0x43, 0x4F, 0x4C, 0x4C, 0x41, 0x54, 0x45, 0x00, 0x00,
    0x4C, 0x43, 0x5F, 0x43, 0x54, 0x59, 0x50, 0x45, 0x00, 0x00, 0x00, 0x00, 0x4C, 0x43, 0x5F, 0x4D,
    0x4F, 0x4E, 0x45, 0x54, 0x41, 0x52, 0x59, 0x00, 0x4C, 0x43, 0x5F, 0x4E, 0x55, 0x4D, 0x45, 0x52,
    0x49, 0x43, 0x00, 0x00, 0x4C, 0x43, 0x5F, 0x54, 0x49, 0x4D, 0x45, 0x00, 0x4C, 0x43, 0x5F, 0x4D,
    0x45, 0x53, 0x53, 0x41, 0x47, 0x45, 0x53, 0x00, 0x49, 0x6E, 0x66, 0x69, 0x6E, 0x69, 0x74, 0x79,
    0x00, 0x00, 0x00, 0x00, 0x4E, 0x61, 0x4E, 0x00, 0x30, 0x00, 0x00, 0x00, 0x42, 0x61, 0x6C, 0x6C,
    0x6F, 0x63, 0x20, 0x73, 0x75, 0x63, 0x63, 0x65, 0x65, 0x64, 0x65, 0x64, 0x00, 0x00, 0x00, 0x00,
    0x2F, 0x68, 0x6F, 0x6D, 0x65, 0x2F, 0x64, 0x61, 0x76, 0x65, 0x6D, 0x2F, 0x70, 0x72, 0x6F, 0x6A,
    0x65, 0x63, 0x74, 0x73, 0x2F, 0x64, 0x65, 0x76, 0x6B, 0x69, 0x74, 0x70, 0x72, 0x6F, 0x2F, 0x70,
    0x61, 0x63, 0x6D, 0x61, 0x6E, 0x2D, 0x70, 0x61, 0x63, 0x6B, 0x61, 0x67, 0x65, 0x73, 0x2F, 0x64,
    0x65, 0x76, 0x6B, 0x69, 0x74, 0x61, 0x72, 0x6D, 0x2F, 0x6E, 0x65, 0x77, 0x6C, 0x69, 0x62, 0x2F,
    0x73, 0x72, 0x63, 0x2F, 0x6E, 0x65, 0x77, 0x6C, 0x69, 0x62, 0x2D, 0x34, 0x2E, 0x36, 0x2E, 0x30,
    0x2E, 0x32, 0x30, 0x32, 0x36, 0x30, 0x31, 0x32, 0x33, 0x2F, 0x6E, 0x65, 0x77, 0x6C, 0x69, 0x62,
    0x2F, 0x6C, 0x69, 0x62, 0x63, 0x2F, 0x73, 0x74, 0x64, 0x6C, 0x69, 0x62, 0x2F, 0x64, 0x74, 0x6F,
    0x61, 0x2E, 0x63, 0x00, 0x2C, 0x20, 0x66, 0x75, 0x6E, 0x63, 0x74, 0x69, 0x6F, 0x6E, 0x3A, 0x20,
    0x00, 0x00, 0x00, 0x00, 0x61, 0x73, 0x73, 0x65, 0x72, 0x74, 0x69, 0x6F, 0x6E, 0x20, 0x22, 0x25,
    0x73, 0x22, 0x20, 0x66, 0x61, 0x69, 0x6C, 0x65, 0x64, 0x3A, 0x20, 0x66, 0x69, 0x6C, 0x65, 0x20,
    0x22, 0x25, 0x73, 0x22, 0x2C, 0x20, 0x6C, 0x69, 0x6E, 0x65, 0x20, 0x25, 0x64, 0x25, 0x73, 0x25,
    0x73, 0x0A, 0x00, 0x00, 0x2F, 0x68, 0x6F, 0x6D, 0x65, 0x2F, 0x64, 0x61, 0x76, 0x65, 0x6D, 0x2F,
    0x70, 0x72, 0x6F, 0x6A, 0x65, 0x63, 0x74, 0x73, 0x2F, 0x64, 0x65, 0x76, 0x6B, 0x69, 0x74, 0x70,
    0x72, 0x6F, 0x2F, 0x70, 0x61, 0x63, 0x6D, 0x61, 0x6E, 0x2D, 0x70, 0x61, 0x63, 0x6B, 0x61, 0x67,
    0x65, 0x73, 0x2F, 0x64, 0x65, 0x76, 0x6B, 0x69, 0x74, 0x61, 0x72, 0x6D, 0x2F, 0x6E, 0x65, 0x77,
    0x6C, 0x69, 0x62, 0x2F, 0x73, 0x72, 0x63, 0x2F, 0x6E, 0x65, 0x77, 0x6C, 0x69, 0x62, 0x2D, 0x34,
    0x2E, 0x36, 0x2E, 0x30, 0x2E, 0x32, 0x30, 0x32, 0x36, 0x30, 0x31, 0x32, 0x33, 0x2F, 0x6E, 0x65,
    0x77, 0x6C, 0x69, 0x62, 0x2F, 0x6C, 0x69, 0x62, 0x63, 0x2F, 0x73, 0x74, 0x64, 0x6C, 0x69, 0x62,
    0x2F, 0x6D, 0x70, 0x72, 0x65, 0x63, 0x2E, 0x63, 0x00, 0x16, 0x28, 0x0E, 0x00, 0x00, 0x10, 0x00,
    0x32, 0x00, 0x32, 0x00, 0x32, 0x00, 0x32, 0x00, 0x32, 0x00, 0x32, 0x00, 0x32, 0x00, 0x32, 0x00,
    0x32, 0x00, 0x32, 0x00, 0x2F, 0x00, 0xD9, 0x00, 0x2F, 0x00, 0x2F, 0x00, 0x2F, 0x00, 0x2F, 0x00,
    0x2F, 0x00, 0x3B, 0x00, 0x4C, 0x00, 0x5E, 0x00, 0x79, 0x00, 0x2F, 0x00, 0x2F, 0x00, 0x2F, 0x00,
    0x1D, 0x00, 0x2F, 0x00, 0x8A, 0x00, 0xE3, 0x00, 0x2F, 0x00, 0x2F, 0x00, 0x2F, 0x00, 0x2F, 0x00,
    0x2F, 0x00, 0x2F, 0x00, 0x2F, 0x00, 0x2F, 0x00, 0x2F, 0x00, 0x2F, 0x00, 0x2F, 0x00, 0x2F, 0x00,
    0x2F, 0x00, 0x2F, 0x00, 0x2F, 0x00, 0x2F, 0x00, 0x2F, 0x00, 0x2F, 0x00, 0x2F, 0x00, 0x2F, 0x00,
    0x2F, 0x00, 0x2F, 0x00, 0x2F, 0x00, 0x2F, 0x00, 0x2F, 0x00, 0x2F, 0x00, 0x1D, 0x00, 0x2F, 0x00,
    0x2F, 0x00, 0x2F, 0x00, 0x2F, 0x00, 0x2F, 0x00, 0x2F, 0x00, 0xBC, 0x00, 0x2F, 0x00, 0x2F, 0x00,
    0x2F, 0x00, 0x2F, 0x00, 0x2F, 0x00, 0x0A, 0x01, 0x2F, 0x00, 0x70, 0x00, 0x3C, 0x01, 0x35, 0x01,
    0x13, 0x01, 0x0F, 0x01, 0x0B, 0x01, 0x06, 0x01, 0x01, 0x01, 0xFD, 0x00, 0xF9, 0x00, 0xF5, 0x00,
    0x41, 0x00, 0x41, 0x00, 0x41, 0x00, 0x41, 0x00, 0x41, 0x00, 0x41, 0x00, 0x41, 0x00, 0x41, 0x00,
    0x41, 0x00, 0x41, 0x00, 0x41, 0x00, 0xF1, 0x00, 0xED, 0x00, 0xE9, 0x00, 0xE5, 0x00, 0xE1, 0x00,
    0x41, 0x00, 0xDD, 0x00, 0x41, 0x00, 0xD3, 0x00, 0xB2, 0x00, 0xB2, 0x00, 0xB2, 0x00, 0xB2, 0x00,
    0xB2, 0x00, 0xB2, 0x00, 0xB2, 0x00, 0xB2, 0x00, 0x18, 0x01, 0xD7, 0x00, 0xAC, 0x00, 0xAC, 0x00,
    0xAC, 0x00, 0xAC, 0x00, 0xAC, 0x00, 0xAC, 0x00, 0xAC, 0x00, 0xAC, 0x00, 0xBE, 0x00, 0xB8, 0x00,
    0x41, 0x00, 0x41, 0x00, 0x41, 0x00, 0x41, 0x00, 0x41, 0x00, 0x41, 0x00, 0x41, 0x00, 0x41, 0x00,
    0x41, 0x00, 0x41, 0x00, 0x41, 0x00, 0x41, 0x00, 0x41, 0x00, 0x41, 0x00, 0x41, 0x00, 0x41, 0x00,
    0x41, 0x00, 0x41, 0x00, 0x41, 0x00, 0x41, 0x00, 0x41, 0x00, 0x41, 0x00, 0x41, 0x00, 0x41, 0x00,
    0x41, 0x00, 0x41, 0x00, 0x41, 0x00, 0x41, 0x00, 0x41, 0x00, 0x41, 0x00, 0x41, 0x00, 0x41, 0x00,
    0x41, 0x00, 0x41, 0x00, 0x41, 0x00, 0x41, 0x00, 0x41, 0x00, 0x41, 0x00, 0x41, 0x00, 0x41, 0x00,
    0xA4, 0x00, 0xA4, 0x00, 0xA4, 0x00, 0xA4, 0x00, 0xA4, 0x00, 0xA4, 0x00, 0xA4, 0x00, 0xA4, 0x00,
    0x41, 0x00, 0x41, 0x00, 0x3A, 0x00, 0x3A, 0x00, 0x3A, 0x00, 0x3A, 0x00, 0x3A, 0x00, 0x3A, 0x00,
    0x3A, 0x00, 0x3A, 0x00, 0x76, 0x00, 0x71, 0x00, 0x40, 0x00, 0x3C, 0x00, 0x38, 0x00, 0x33, 0x00,
    0x2E, 0x00, 0x2A, 0x00, 0x26, 0x00, 0x22, 0x00, 0x6E, 0xFF, 0x6E, 0xFF, 0x6E, 0xFF, 0x6E, 0xFF,
    0x6E, 0xFF, 0x6E, 0xFF, 0x6E, 0xFF, 0x6E, 0xFF, 0x6E, 0xFF, 0x6E, 0xFF, 0x6E, 0xFF, 0x1E, 0x00,
    0x1A, 0x00, 0x16, 0x00, 0x12, 0x00, 0x0E, 0x00, 0x6E, 0xFF, 0x0A, 0x00, 0x6E, 0xFF, 0x00, 0x00,
    0xDF, 0xFF, 0xDF, 0xFF, 0xDF, 0xFF, 0xDF, 0xFF, 0xDF, 0xFF, 0xDF, 0xFF, 0xDF, 0xFF, 0xDF, 0xFF,
    0x45, 0x00, 0x04, 0x00, 0xD9, 0xFF, 0xD9, 0xFF, 0xD9, 0xFF, 0xD9, 0xFF, 0xD9, 0xFF, 0xD9, 0xFF,
    0xD9, 0xFF, 0xD9, 0xFF, 0xEB, 0xFF, 0xE5, 0xFF, 0x6E, 0xFF, 0x6E, 0xFF, 0x6E, 0xFF, 0x6E, 0xFF,
    0x6E, 0xFF, 0x6E, 0xFF, 0x6E, 0xFF, 0x6E, 0xFF, 0x6E, 0xFF, 0x6E, 0xFF, 0x6E, 0xFF, 0x6E, 0xFF,
    0x6E, 0xFF, 0x6E, 0xFF, 0x6E, 0xFF, 0x6E, 0xFF, 0x6E, 0xFF, 0x6E, 0xFF, 0x6E, 0xFF, 0x6E, 0xFF,
    0x6E, 0xFF, 0x6E, 0xFF, 0x6E, 0xFF, 0x6E, 0xFF, 0x6E, 0xFF, 0x6E, 0xFF, 0x6E, 0xFF, 0x6E, 0xFF,
    0x6E, 0xFF, 0x6E, 0xFF, 0x6E, 0xFF, 0x6E, 0xFF, 0x6E, 0xFF, 0x6E, 0xFF, 0x6E, 0xFF, 0x6E, 0xFF,
    0x6E, 0xFF, 0x6E, 0xFF, 0x6E, 0xFF, 0x6E, 0xFF, 0xD1, 0xFF, 0xD1, 0xFF, 0xD1, 0xFF, 0xD1, 0xFF,
    0xD1, 0xFF, 0xD1, 0xFF, 0xD1, 0xFF, 0xD1, 0xFF, 0x6E, 0xFF, 0x6E, 0xFF, 0x67, 0xFF, 0x67, 0xFF,
    0x67, 0xFF, 0x67, 0xFF, 0x67, 0xFF, 0x67, 0xFF, 0x67, 0xFF, 0x67, 0xFF, 0xC0, 0x80, 0x11, 0x00,
    0x00, 0x00, 0x00, 0x00, 0x00, 0x00, 0x00, 0x00, 0x00, 0x00, 0x00, 0x00, 0xF0, 0x0C, 0x10, 0x00,
    0x00, 0x00, 0x00, 0x00, 0x00, 0x00, 0x00, 0x00, 0x00, 0x00, 0x00, 0x00, 0x00, 0x00, 0x00, 0x00,
    0x00, 0x00, 0x00, 0x00, 0x00, 0x00, 0x00, 0x00, 0x00, 0x00, 0x00, 0x00, 0x00, 0x00, 0x00, 0x00,
    0x00, 0x00, 0x00, 0x00, 0x00, 0x00, 0x00, 0x00, 0x00, 0x00, 0x00, 0x00, 0x00, 0x00, 0x00, 0x00,
    0x00, 0x00, 0x00, 0x00, 0x00, 0x00, 0x00, 0x00, 0x00, 0x00, 0x00, 0x00, 0x00, 0x00, 0x00, 0x00,
    0x00, 0x00, 0x00, 0x00, 0x00, 0x00, 0x00, 0x00, 0x00, 0x00, 0x00, 0x00, 0x00, 0x00, 0x00, 0x00,
    0x00, 0x00, 0x00, 0x00, 0x00, 0x00, 0x00, 0x00, 0x00, 0x00, 0x00, 0x00, 0x00, 0x00, 0x00, 0x00,
    0x00, 0x00, 0x00, 0x00, 0x00, 0x00, 0x00, 0x00, 0x00, 0x00, 0x00, 0x00, 0x08, 0x12, 0x1C, 0x26,
    0x30, 0x3A, 0x44, 0x4E, 0x58, 0x62, 0x6C, 0x76, 0x80, 0x8A, 0x94, 0x9E, 0xA8, 0xB2, 0xBC, 0xC6,
    0xD0, 0xDA, 0xE4, 0xEE, 0x00, 0x5F, 0x87, 0xAF, 0xD7, 0xFF, 0x00, 0x00, 0x00, 0x00, 0x00, 0x80,
    0x00, 0x04, 0x00, 0x84, 0x10, 0x00, 0x10, 0x80, 0x10, 0x04, 0x18, 0xC6, 0x10, 0x84, 0x00, 0xF8,
    0xE0, 0x07, 0xE0, 0xFF, 0x1F, 0x00, 0x1F, 0xF8, 0xFF, 0x07, 0xFF, 0xFF, 0x00, 0x00, 0x00, 0x40,
    0x00, 0x02, 0x00, 0x42, 0x08, 0x00, 0x08, 0x40, 0x08, 0x02, 0x0C, 0x63, 0x2E, 0x2E, 0x90, 0x87,
    0x79, 0x6C, 0x64, 0x5C, 0x54, 0x49, 0x41, 0x7E, 0xF4, 0xF4, 0xF4, 0xF4, 0xF4, 0xF4, 0xF4, 0xF4,
    0x00, 0x7E, 0x4C, 0x00, 0x00, 0x00, 0xF4, 0x00, 0x00, 0x02, 0x08, 0x0A, 0x20, 0x22, 0x28, 0x2A,
    0x00, 0x01, 0x04, 0x05, 0x10, 0x11, 0x14, 0x15, 0x00, 0x00, 0x00, 0x00, 0x40, 0x00, 0x00, 0x00,
    0xC4, 0x80, 0x11, 0x00, 0xCC, 0x80, 0x11, 0x00, 0xD4, 0x80, 0x11, 0x00, 0x00, 0x00, 0x00, 0x00,
    0x00, 0x00, 0x00, 0x00, 0x7E, 0x81, 0xA5, 0x81, 0xBD, 0x99, 0x81, 0x7E, 0x7E, 0xFF, 0xDB, 0xFF,
    0xC3, 0xE7, 0xFF, 0x7E, 0x6C, 0xFE, 0xFE, 0xFE, 0x7C, 0x38, 0x10, 0x00, 0x10, 0x38, 0x7C, 0xFE,
    0x7C, 0x38, 0x10, 0x00, 0x38, 0x7C, 0x38, 0xFE, 0xFE, 0x7C, 0x38, 0x7C, 0x10, 0x10, 0x38, 0x7C,
    0xFE, 0x7C, 0x38, 0x7C, 0x00, 0x00, 0x18, 0x3C, 0x3C, 0x18, 0x00, 0x00, 0xFF, 0xFF, 0xE7, 0xC3,
    0xC3, 0xE7, 0xFF, 0xFF, 0x00, 0x3C, 0x66, 0x42, 0x42, 0x66, 0x3C, 0x00, 0xFF, 0xC3, 0x99, 0xBD,
    0xBD, 0x99, 0xC3, 0xFF, 0x0F, 0x07, 0x0F, 0x7D, 0xCC, 0xCC, 0xCC, 0x78, 0x3C, 0x66, 0x66, 0x66,
    0x3C, 0x18, 0x7E, 0x18, 0x3F, 0x33, 0x3F, 0x30, 0x30, 0x70, 0xF0, 0xE0, 0x7F, 0x63, 0x7F, 0x63,
    0x63, 0x67, 0xE6, 0xC0, 0x99, 0x5A, 0x3C, 0xE7, 0xE7, 0x3C, 0x5A, 0x99, 0x80, 0xE0, 0xF8, 0xFE,
    0xF8, 0xE0, 0x80, 0x00, 0x02, 0x0E, 0x3E, 0xFE, 0x3E, 0x0E, 0x02, 0x00, 0x18, 0x3C, 0x7E, 0x18,
    0x18, 0x7E, 0x3C, 0x18, 0x66, 0x66, 0x66, 0x66, 0x66, 0x00, 0x66, 0x00, 0x7F, 0xDB, 0xDB, 0x7B,
    0x1B, 0x1B, 0x1B, 0x00, 0x3E, 0x63, 0x38, 0x6C, 0x6C, 0x38, 0xCC, 0x78, 0x00, 0x00, 0x00, 0x00,
    0x7E, 0x7E, 0x7E, 0x00, 0x18, 0x3C, 0x7E, 0x18, 0x7E, 0x3C, 0x18, 0xFF, 0x18, 0x3C, 0x7E, 0x18,
    0x18, 0x18, 0x18, 0x00, 0x18, 0x18, 0x18, 0x18, 0x7E, 0x3C, 0x18, 0x00, 0x00, 0x18, 0x0C, 0xFE,
    0x0C, 0x18, 0x00, 0x00, 0x00, 0x30, 0x60, 0xFE, 0x60, 0x30, 0x00, 0x00, 0x00, 0x00, 0xC0, 0xC0,
    0xC0, 0xFE, 0x00, 0x00, 0x00, 0x24, 0x66, 0xFF, 0x66, 0x24, 0x00, 0x00, 0x00, 0x18, 0x3C, 0x7E,
    0xFF, 0xFF, 0x00, 0x00, 0x00, 0xFF, 0xFF, 0x7E, 0x3C, 0x18, 0x00, 0x00, 0x00, 0x00, 0x00, 0x00,
    0x00, 0x00, 0x00, 0x00, 0x0C, 0x0C, 0x0C, 0x0C, 0x0C, 0x00, 0x0C, 0x00, 0x33, 0x33, 0x00, 0x00,
    0x00, 0x00, 0x00, 0x00, 0x36, 0x36, 0x7F, 0x36, 0x7F, 0x36, 0x36, 0x00, 0x0C, 0x1F, 0x30, 0x1E,
    0x03, 0x3E, 0x0C, 0x00, 0x00, 0x33, 0x56, 0x6C, 0x1B, 0x35, 0x66, 0x00, 0x38, 0x6C, 0x68, 0x76,
    0xDC, 0xCE, 0x7B, 0x00, 0x0C, 0x0C, 0x00, 0x00, 0x00, 0x00, 0x00, 0x00, 0x0C, 0x18, 0x30, 0x30,
    0x30, 0x18, 0x0C, 0x00, 0x30, 0x18, 0x0C, 0x0C, 0x0C, 0x18, 0x30, 0x00, 0x00, 0x33, 0x1E, 0x3F,
    0x1E, 0x33, 0x00, 0x00, 0x00, 0x0C, 0x0C, 0x3F, 0x0C, 0x0C, 0x00, 0x00, 0x00, 0x00, 0x00, 0x00,
    0x00, 0x0C, 0x0C, 0x18, 0x00, 0x00, 0x00, 0x3F, 0x00, 0x00, 0x00, 0x00, 0x00, 0x00, 0x00, 0x00,
    0x00, 0x0C, 0x0C, 0x00, 0x03, 0x06, 0x0C, 0x18, 0x30, 0x60, 0xC0, 0x00, 0x1E, 0x33, 0x37, 0x3F,
    0x3B, 0x33, 0x1E, 0x00, 0x0C, 0x1C, 0x3C, 0x0C, 0x0C, 0x0C, 0x0C, 0x00, 0x1E, 0x33, 0x03, 0x06,
    0x0C, 0x18, 0x3F, 0x00, 0x1E, 0x33, 0x03, 0x0E, 0x03, 0x33, 0x1E, 0x00, 0x0E, 0x1E, 0x36, 0x66,
    0x7F, 0x06, 0x06, 0x00, 0x3F, 0x30, 0x3E, 0x03, 0x03, 0x33, 0x1E, 0x00, 0x0E, 0x18, 0x30, 0x3E,
    0x33, 0x33, 0x1E, 0x00, 0x3F, 0x03, 0x03, 0x06, 0x0C, 0x0C, 0x0C, 0x00, 0x1E, 0x33, 0x33, 0x1E,
    0x33, 0x33, 0x1E, 0x00, 0x1E, 0x33, 0x33, 0x1F, 0x03, 0x06, 0x1C, 0x00, 0x00, 0x0C, 0x0C, 0x00,
    0x00, 0x0C, 0x0C, 0x00, 0x00, 0x0C, 0x0C, 0x00, 0x00, 0x0C, 0x0C, 0x18, 0x00, 0x00, 0x03, 0x0C,
    0x30, 0x0C, 0x03, 0x00, 0x00, 0x00, 0x00, 0x3F, 0x00, 0x3F, 0x00, 0x00, 0x00, 0x00, 0x30, 0x0C,
    0x03, 0x0C, 0x30, 0x00, 0x1E, 0x33, 0x03, 0x06, 0x0C, 0x00, 0x0C, 0x00, 0x3E, 0x63, 0x6F, 0x6B,
    0x6F, 0x60, 0x3C, 0x00, 0x1E, 0x33, 0x33, 0x3F, 0x33, 0x33, 0x33, 0x00, 0x3E, 0x33, 0x33, 0x3E,
    0x33, 0x33, 0x3E, 0x00, 0x0F, 0x18, 0x30, 0x30, 0x30, 0x18, 0x0F, 0x00, 0x3C, 0x36, 0x33, 0x33,
    0x33, 0x36, 0x3C, 0x00, 0x3F, 0x30, 0x30, 0x3C, 0x30, 0x30, 0x3F, 0x00, 0x3F, 0x30, 0x30, 0x3C,
    0x30, 0x30, 0x30, 0x00, 0x1E, 0x33, 0x30, 0x37, 0x33, 0x33, 0x1F, 0x00, 0x33, 0x33, 0x33, 0x3F,
    0x33, 0x33, 0x33, 0x00, 0x1E, 0x0C, 0x0C, 0x0C, 0x0C, 0x0C, 0x1E, 0x00, 0x03, 0x03, 0x03, 0x03,
    0x03, 0x33, 0x1E, 0x00, 0x63, 0x66, 0x6C, 0x78, 0x6C, 0x66, 0x63, 0x00, 0x30, 0x30, 0x30, 0x30,
    0x30, 0x30, 0x3F, 0x00, 0x63, 0x77, 0x7F, 0x6B, 0x63, 0x63, 0x63, 0x00, 0x63, 0x73, 0x7B, 0x6F,
    0x67, 0x63, 0x63, 0x00, 0x1E, 0x33, 0x33, 0x33, 0x33, 0x33, 0x1E, 0x00, 0x3E, 0x33, 0x33, 0x3E,
    0x30, 0x30, 0x30, 0x00, 0x3C, 0x66, 0x66, 0x66, 0x66, 0x6E, 0x3F, 0x00, 0x3E, 0x33, 0x33, 0x3E,
    0x36, 0x33, 0x33, 0x00, 0x1E, 0x33, 0x38, 0x1E, 0x07, 0x33, 0x1E, 0x00, 0x3F, 0x0C, 0x0C, 0x0C,
    0x0C, 0x0C, 0x0C, 0x00, 0x33, 0x33, 0x33, 0x33, 0x33, 0x33, 0x1E, 0x00, 0x33, 0x33, 0x33, 0x33,
    0x1E, 0x1E, 0x0C, 0x00, 0x63, 0x63, 0x63, 0x6B, 0x7F, 0x77, 0x63, 0x00, 0xC3, 0x66, 0x3C, 0x18,
    0x3C, 0x66, 0xC3, 0x00, 0xC3, 0x66, 0x3C, 0x18, 0x18, 0x18, 0x18, 0x00, 0x3F, 0x06, 0x0C, 0x18,
    0x30, 0x60, 0x7F, 0x00, 0x1E, 0x18, 0x18, 0x18, 0x18, 0x18, 0x1E, 0x00, 0xC0, 0x60, 0x30, 0x18,
    0x0C, 0x06, 0x03, 0x00, 0x1E, 0x06, 0x06, 0x06, 0x06, 0x06, 0x1E, 0x00, 0x00, 0x0C, 0x33, 0x00,
    0x00, 0x00, 0x00, 0x00, 0x00, 0x00, 0x00, 0x00, 0x00, 0x00, 0x00, 0x7F, 0x0C, 0x0C, 0x06, 0x00,
    0x00, 0x00, 0x00, 0x00, 0x00, 0x00, 0x1E, 0x03, 0x1F, 0x33, 0x1F, 0x00, 0x30, 0x30, 0x3E, 0x33,
    0x33, 0x33, 0x3E, 0x00, 0x00, 0x00, 0x1E, 0x30, 0x30, 0x30, 0x1E, 0x00, 0x03, 0x03, 0x1F, 0x33,
    0x33, 0x33, 0x1F, 0x00, 0x00, 0x00, 0x1E, 0x33, 0x3F, 0x30, 0x1E, 0x00, 0x0E, 0x18, 0x3E, 0x18,
    0x18, 0x18, 0x18, 0x00, 0x00, 0x00, 0x1F, 0x33, 0x33, 0x1F, 0x03, 0x1E, 0x30, 0x30, 0x3E, 0x33,
    0x33, 0x33, 0x33, 0x00, 0x0C, 0x00, 0x0C, 0x0C, 0x0C, 0x0C, 0x06, 0x00, 0x06, 0x00, 0x06, 0x06,
    0x06, 0x06, 0x06, 0x3C, 0x30, 0x30, 0x33, 0x36, 0x3C, 0x36, 0x33, 0x00, 0x0C, 0x0C, 0x0C, 0x0C,
    0x0C, 0x0C, 0x06, 0x00, 0x00, 0x00, 0x76, 0x7F, 0x6B, 0x63, 0x63, 0x00, 0x00, 0x00, 0x3E, 0x33,
    0x33, 0x33, 0x33, 0x00, 0x00, 0x00, 0x1E, 0x33, 0x33, 0x33, 0x1E, 0x00, 0x00, 0x00, 0x3E, 0x33,
    0x33, 0x3E, 0x30, 0x30, 0x00, 0x00, 0x1F, 0x33, 0x33, 0x1F, 0x03, 0x03, 0x00, 0x00, 0x3E, 0x33,
    0x30, 0x30, 0x30, 0x00, 0x00, 0x00, 0x1E, 0x30, 0x1E, 0x03, 0x3E, 0x00, 0x18, 0x18, 0x3E, 0x18,
    0x18, 0x18, 0x0E, 0x00, 0x00, 0x00, 0x33, 0x33, 0x33, 0x33, 0x1F, 0x00, 0x00, 0x00, 0x33, 0x33,
    0x33, 0x1E, 0x0C, 0x00, 0x00, 0x00, 0x63, 0x63, 0x6B, 0x7F, 0x36, 0x00, 0x00, 0x00, 0x63, 0x36,
    0x1C, 0x36, 0x63, 0x00, 0x00, 0x00, 0x33, 0x33, 0x33, 0x1E, 0x0C, 0x18, 0x00, 0x00, 0x3F, 0x06,
    0x0C, 0x18, 0x3F, 0x00, 0x0C, 0x1C, 0x18, 0x38, 0x38, 0x18, 0x1C, 0x0C, 0x18, 0x18, 0x18, 0x18,
    0x18, 0x18, 0x18, 0x18, 0x30, 0x38, 0x18, 0x1C, 0x1C, 0x18, 0x38, 0x30, 0x3F, 0x00, 0x00, 0x00,
    0x00, 0x00, 0x00, 0x00, 0x00, 0x00, 0x00, 0x00, 0x00, 0x00, 0x0C, 0x00, 0x78, 0xCC, 0xC0, 0xCC,
    0x78, 0x18, 0x0C, 0x78, 0x00, 0xCC, 0x00, 0xCC, 0xCC, 0xCC, 0x7E, 0x00, 0x1C, 0x00, 0x78, 0xCC,
    0xFC, 0xC0, 0x78, 0x00, 0x7E, 0xC3, 0x3C, 0x06, 0x3E, 0x66, 0x3F, 0x00, 0xCC, 0x00, 0x78, 0x0C,
    0x7C, 0xCC, 0x7E, 0x00, 0xE0, 0x00, 0x78, 0x0C, 0x7C, 0xCC, 0x7E, 0x00, 0x30, 0x30, 0x78, 0x0C,
    0x7C, 0xCC, 0x7E, 0x00, 0x00, 0x00, 0x78, 0xC0, 0xC0, 0x78, 0x0C, 0x38, 0x7E, 0xC3, 0x3C, 0x66,
    0x7E, 0x60, 0x3C, 0x00, 0xCC, 0x00, 0x78, 0xCC, 0xFC, 0xC0, 0x78, 0x00, 0xE0, 0x00, 0x78, 0xCC,
    0xFC, 0xC0, 0x78, 0x00, 0xCC, 0x00, 0x70, 0x30, 0x30, 0x30, 0x78, 0x00, 0x7C, 0xC6, 0x38, 0x18,
    0x18, 0x18, 0x3C, 0x00, 0xE0, 0x00, 0x70, 0x30, 0x30, 0x30, 0x78, 0x00, 0xC6, 0x38, 0x6C, 0xC6,
    0xFE, 0xC6, 0xC6, 0x00, 0x30, 0x30, 0x00, 0x78, 0xCC, 0xFC, 0xCC, 0x00, 0x1C, 0x00, 0xFC, 0x60,
    0x78, 0x60, 0xFC, 0x00, 0x00, 0x00, 0x7F, 0x0C, 0x7F, 0xCC, 0x7F, 0x00, 0x3E, 0x6C, 0xCC, 0xFE,
    0xCC, 0xCC, 0xCE, 0x00, 0x78, 0xCC, 0x00, 0x78, 0xCC, 0xCC, 0x78, 0x00, 0x00, 0xCC, 0x00, 0x78,
    0xCC, 0xCC, 0x78, 0x00, 0x00, 0xE0, 0x00, 0x78, 0xCC, 0xCC, 0x78, 0x00, 0x78, 0xCC, 0x00, 0xCC,
    0xCC, 0xCC, 0x7E, 0x00, 0x00, 0xE0, 0x00, 0xCC, 0xCC, 0xCC, 0x7E, 0x00, 0x00, 0xCC, 0x00, 0xCC,
    0xCC, 0x7C, 0x0C, 0xF8, 0xC3, 0x18, 0x3C, 0x66, 0x66, 0x3C, 0x18, 0x00, 0xCC, 0x00, 0xCC, 0xCC,
    0xCC, 0xCC, 0x78, 0x00, 0x18, 0x18, 0x7E, 0xC0, 0xC0, 0x7E, 0x18, 0x18, 0x38, 0x6C, 0x64, 0xF0,
    0x60, 0xE6, 0xFC, 0x00, 0xCC, 0xCC, 0x78, 0xFC, 0x30, 0xFC, 0x30, 0x30, 0xF8, 0xCC, 0xCC, 0xFA,
    0xC6, 0xCF, 0xC6, 0xC7, 0x0E, 0x1B, 0x18, 0x3C, 0x18, 0x18, 0xD8, 0x70, 0x1C, 0x00, 0x78, 0x0C,
    0x7C, 0xCC, 0x7E, 0x00, 0x38, 0x00, 0x70, 0x30, 0x30, 0x30, 0x78, 0x00, 0x00, 0x1C, 0x00, 0x78,
    0xCC, 0xCC, 0x78, 0x00, 0x00, 0x1C, 0x00, 0xCC, 0xCC, 0xCC, 0x7E, 0x00, 0x00, 0xF8, 0x00, 0xF8,
    0xCC, 0xCC, 0xCC, 0x00, 0xFC, 0x00, 0xCC, 0xEC, 0xFC, 0xDC, 0xCC, 0x00, 0x3C, 0x6C, 0x6C, 0x3E,
    0x00, 0x7E, 0x00, 0x00, 0x38, 0x6C, 0x6C, 0x38, 0x00, 0x7C, 0x00, 0x00, 0x30, 0x00, 0x30, 0x60,
    0xC0, 0xCC, 0x78, 0x00, 0x00, 0x00, 0x00, 0xFC, 0xC0, 0xC0, 0x00, 0x00, 0x00, 0x00, 0x00, 0xFC,
    0x0C, 0x0C, 0x00, 0x00, 0xC3, 0xC6, 0xCC, 0xDE, 0x33, 0x66, 0xCC, 0x0F, 0xC3, 0xC6, 0xCC, 0xDB,
    0x37, 0x6F, 0xCF, 0x03, 0x18, 0x18, 0x00, 0x18, 0x18, 0x18, 0x18, 0x00, 0x00, 0x33, 0x66, 0xCC,
    0x66, 0x33, 0x00, 0x00, 0x00, 0xCC, 0x66, 0x33, 0x66, 0xCC, 0x00, 0x00, 0x22, 0x88, 0x22, 0x88,
    0x22, 0x88, 0x22, 0x88, 0x55, 0xAA, 0x55, 0xAA, 0x55, 0xAA, 0x55, 0xAA, 0xDB, 0x77, 0xDB, 0xEE,
    0xDB, 0x77, 0xDB, 0xEE, 0x18, 0x18, 0x18, 0x18, 0x18, 0x18, 0x18, 0x18, 0x18, 0x18, 0x18, 0x18,
    0xF8, 0x18, 0x18, 0x18, 0x18, 0x18, 0xF8, 0x18, 0xF8, 0x18, 0x18, 0x18, 0x36, 0x36, 0x36, 0x36,
    0xF6, 0x36, 0x36, 0x36, 0x00, 0x00, 0x00, 0x00, 0xFE, 0x36, 0x36, 0x36, 0x00, 0x00, 0xF8, 0x18,
    0xF8, 0x18, 0x18, 0x18, 0x36, 0x36, 0xF6, 0x06, 0xF6, 0x36, 0x36, 0x36, 0x36, 0x36, 0x36, 0x36,
    0x36, 0x36, 0x36, 0x36, 0x00, 0x00, 0xFE, 0x06, 0xF6, 0x36, 0x36, 0x36, 0x36, 0x36, 0xF6, 0x06,
    0xFE, 0x00, 0x00, 0x00, 0x36, 0x36, 0x36, 0x36, 0xFE, 0x00, 0x00, 0x00, 0x18, 0x18, 0xF8, 0x18,
    0xF8, 0x00, 0x00, 0x00, 0x00, 0x00, 0x00, 0x00, 0xF8, 0x18, 0x18, 0x18, 0x18, 0x18, 0x18, 0x18,
    0x1F, 0x00, 0x00, 0x00, 0x18, 0x18, 0x18, 0x18, 0xFF, 0x00, 0x00, 0x00, 0x00, 0x00, 0x00, 0x00,
    0xFF, 0x18, 0x18, 0x18, 0x18, 0x18, 0x18, 0x18, 0x1F, 0x18, 0x18, 0x18, 0x00, 0x00, 0x00, 0x00,
    0xFF, 0x00, 0x00, 0x00, 0x18, 0x18, 0x18, 0x18, 0xFF, 0x18, 0x18, 0x18, 0x18, 0x18, 0x1F, 0x18,
    0x1F, 0x18, 0x18, 0x18, 0x36, 0x36, 0x36, 0x36, 0x37, 0x36, 0x36, 0x36, 0x36, 0x36, 0x37, 0x30,
    0x3F, 0x00, 0x00, 0x00, 0x00, 0x00, 0x3F, 0x30, 0x37, 0x36, 0x36, 0x36, 0x36, 0x36, 0xF7, 0x00,
    0xFF, 0x00, 0x00, 0x00, 0x00, 0x00, 0xFF, 0x00, 0xF7, 0x36, 0x36, 0x36, 0x36, 0x36, 0x37, 0x30,
    0x37, 0x36, 0x36, 0x36, 0x00, 0x00, 0xFF, 0x00, 0xFF, 0x00, 0x00, 0x00, 0x36, 0x36, 0xF7, 0x00,
    0xF7, 0x36, 0x36, 0x36, 0x18, 0x18, 0xFF, 0x00, 0xFF, 0x00, 0x00, 0x00, 0x36, 0x36, 0x36, 0x36,
    0xFF, 0x00, 0x00, 0x00, 0x00, 0x00, 0xFF, 0x00, 0xFF, 0x18, 0x18, 0x18, 0x00, 0x00, 0x00, 0x00,
    0xFF, 0x36, 0x36, 0x36, 0x36, 0x36, 0x36, 0x36, 0x3F, 0x00, 0x00, 0x00, 0x18, 0x18, 0x1F, 0x18,
    0x1F, 0x00, 0x00, 0x00, 0x00, 0x00, 0x1F, 0x18, 0x1F, 0x18, 0x18, 0x18, 0x00, 0x00, 0x00, 0x00,
    0x3F, 0x36, 0x36, 0x36, 0x36, 0x36, 0x36, 0x36, 0xFF, 0x36, 0x36, 0x36, 0x18, 0x18, 0xFF, 0x18,
    0xFF, 0x18, 0x18, 0x18, 0x18, 0x18, 0x18, 0x18, 0xF8, 0x00, 0x00, 0x00, 0x00, 0x00, 0x00, 0x00,
    0x1F, 0x18, 0x18, 0x18, 0xFF, 0xFF, 0xFF, 0xFF, 0xFF, 0xFF, 0xFF, 0xFF, 0x00, 0x00, 0x00, 0x00,
    0xFF, 0xFF, 0xFF, 0xFF, 0xF0, 0xF0, 0xF0, 0xF0, 0xF0, 0xF0, 0xF0, 0xF0, 0x0F, 0x0F, 0x0F, 0x0F,
    0x0F, 0x0F, 0x0F, 0x0F, 0xFF, 0xFF, 0xFF, 0xFF, 0x00, 0x00, 0x00, 0x00, 0x00, 0x00, 0x76, 0xDC,
    0xC8, 0xDC, 0x76, 0x00, 0x00, 0x78, 0xCC, 0xF8, 0xCC, 0xF8, 0xC0, 0xC0, 0x00, 0xFC, 0xCC, 0xC0,
    0xC0, 0xC0, 0xC0, 0x00, 0x00, 0xFE, 0x6C, 0x6C, 0x6C, 0x6C, 0x6C, 0x00, 0xFC, 0xCC, 0x60, 0x30,
    0x60, 0xCC, 0xFC, 0x00, 0x00, 0x00, 0x7E, 0xD8, 0xD8, 0xD8, 0x70, 0x00, 0x00, 0x66, 0x66, 0x66,
    0x66, 0x7C, 0x60, 0xC0, 0x00, 0x76, 0xDC, 0x18, 0x18, 0x18, 0x18, 0x00, 0xFC, 0x30, 0x78, 0xCC,
    0xCC, 0x78, 0x30, 0xFC, 0x38, 0x6C, 0xC6, 0xFE, 0xC6, 0x6C, 0x38, 0x00, 0x38, 0x6C, 0xC6, 0xC6,
    0x6C, 0x6C, 0xEE, 0x00, 0x1C, 0x30, 0x18, 0x7C, 0xCC, 0xCC, 0x78, 0x00, 0x00, 0x00, 0x7E, 0xDB,
    0xDB, 0x7E, 0x00, 0x00, 0x06, 0x0C, 0x7E, 0xDB, 0xDB, 0x7E, 0x60, 0xC0, 0x38, 0x60, 0xC0, 0xF8,
    0xC0, 0x60, 0x38, 0x00, 0x78, 0xCC, 0xCC, 0xCC, 0xCC, 0xCC, 0xCC, 0x00, 0x00, 0xFC, 0x00, 0xFC,
    0x00, 0xFC, 0x00, 0x00, 0x30, 0x30, 0xFC, 0x30, 0x30, 0x00, 0xFC, 0x00, 0x60, 0x30, 0x18, 0x30,
    0x60, 0x00, 0xFC, 0x00, 0x18, 0x30, 0x60, 0x30, 0x18, 0x00, 0xFC, 0x00, 0x0E, 0x1B, 0x1B, 0x18,
    0x18, 0x18, 0x18, 0x18, 0x18, 0x18, 0x18, 0x18, 0x18, 0xD8, 0xD8, 0x70, 0x30, 0x30, 0x00, 0xFC,
    0x00, 0x30, 0x30, 0x00, 0x00, 0x76, 0xDC, 0x00, 0x76, 0xDC, 0x00, 0x00, 0x38, 0x6C, 0x6C, 0x38,
    0x00, 0x00, 0x00, 0x00, 0x00, 0x00, 0x00, 0x18, 0x18, 0x00, 0x00, 0x00, 0x00, 0x00, 0x00, 0x00,
    0x18, 0x00, 0x00, 0x00, 0x0F, 0x0C, 0x0C, 0x0C, 0xEC, 0x6C, 0x3C, 0x1C, 0x78, 0x6C, 0x6C, 0x6C,
    0x6C, 0x00, 0x00, 0x00, 0x70, 0x18, 0x30, 0x60, 0x78, 0x00, 0x00, 0x00, 0x00, 0x00, 0x3C, 0x3C,
    0x3C, 0x3C, 0x00, 0x00, 0x00, 0x00, 0x00, 0x00, 0x00, 0x00, 0x00, 0x00, 0xBE, 0x44, 0x20, 0x08,
    0x11, 0x00, 0x00, 0x00, 0xD2, 0x44, 0x60, 0x08, 0x1C, 0x00, 0x00, 0x00, 0x78, 0x44, 0x80, 0xC8,
    0x02, 0x00, 0x00, 0x00, 0xFA, 0x44, 0x20, 0xC9, 0x02, 0x00, 0x00, 0x00, 0xBE, 0x46, 0xE0, 0xE0,
    0x16, 0x00, 0x00, 0x00, 0xBF, 0x46, 0xE0, 0xE0, 0x5B, 0x00, 0x00, 0x00, 0x40, 0x81, 0x11, 0x00,
    0x10, 0x00, 0x00, 0x00, 0xE8, 0x8F, 0x10, 0x00, 0x4C, 0x85, 0x10, 0x00, 0xA8, 0x8E, 0x10, 0x00,
    0xA8, 0x88, 0x10, 0x00, 0x44, 0x7C, 0x10, 0x00, 0x2C, 0x84, 0x10, 0x00, 0xA4, 0x8B, 0x10, 0x00,
    0x00, 0x00, 0x00, 0x00, 0x64, 0x89, 0x10, 0x00, 0x24, 0x87, 0x10, 0x00, 0x3C, 0x92, 0x10, 0x00,
    0xCC, 0x8A, 0x10, 0x00, 0x10, 0x45, 0x00, 0x00, 0x34, 0x83, 0x10, 0x00, 0x00, 0x00, 0x00, 0x00,
    0x44, 0x8D, 0x10, 0x00, 0xC0, 0x85, 0x10, 0x00, 0x00, 0x00, 0x00, 0x00, 0x1C, 0x88, 0x10, 0x00,
    0xD8, 0x84, 0x10, 0x00, 0x00, 0x00, 0x00, 0x00, 0x00, 0x00, 0x00, 0x00, 0x00, 0x00, 0x00, 0x00,
    0x0C, 0x8A, 0x10, 0x00, 0xA4, 0x8B, 0x10, 0x00, 0x00, 0x00, 0x00, 0x00, 0x00, 0x00, 0x00, 0x00,
    0x00, 0x00, 0x00, 0x00, 0x00, 0x00, 0x00, 0x00, 0x00, 0x00, 0x00, 0x00, 0x00, 0x20, 0x20, 0x20,
    0x20, 0x20, 0x20, 0x20, 0x20, 0x20, 0x28, 0x28, 0x28, 0x28, 0x28, 0x20, 0x20, 0x20, 0x20, 0x20,
    0x20, 0x20, 0x20, 0x20, 0x20, 0x20, 0x20, 0x20, 0x20, 0x20, 0x20, 0x20, 0x20, 0x88, 0x10, 0x10,
    0x10, 0x10, 0x10, 0x10, 0x10, 0x10, 0x10, 0x10, 0x10, 0x10, 0x10, 0x10, 0x10, 0x04, 0x04, 0x04,
    0x04, 0x04, 0x04, 0x04, 0x04, 0x04, 0x04, 0x10, 0x10, 0x10, 0x10, 0x10, 0x10, 0x10, 0x41, 0x41,
    0x41, 0x41, 0x41, 0x41, 0x01, 0x01, 0x01, 0x01, 0x01, 0x01, 0x01, 0x01, 0x01, 0x01, 0x01, 0x01,
    0x01, 0x01, 0x01, 0x01, 0x01, 0x01, 0x01, 0x01, 0x10, 0x10, 0x10, 0x10, 0x10, 0x10, 0x42, 0x42,
    0x42, 0x42, 0x42, 0x42, 0x02, 0x02, 0x02, 0x02, 0x02, 0x02, 0x02, 0x02, 0x02, 0x02, 0x02, 0x02,
    0x02, 0x02, 0x02, 0x02, 0x02, 0x02, 0x02, 0x02, 0x10, 0x10, 0x10, 0x10, 0x20, 0x00, 0x00, 0x00,
    0x00, 0x00, 0x00, 0x00, 0x00, 0x00, 0x00, 0x00, 0x00, 0x00, 0x00, 0x00, 0x00, 0x00, 0x00, 0x00,
    0x00, 0x00, 0x00, 0x00, 0x00, 0x00, 0x00, 0x00, 0x00, 0x00, 0x00, 0x00, 0x00, 0x00, 0x00, 0x00,
    0x00, 0x00, 0x00, 0x00, 0x00, 0x00, 0x00, 0x00, 0x00, 0x00, 0x00, 0x00, 0x00, 0x00, 0x00, 0x00,
    0x00, 0x00, 0x00, 0x00, 0x00, 0x00, 0x00, 0x00, 0x00, 0x00, 0x00, 0x00, 0x00, 0x00, 0x00, 0x00,
    0x00, 0x00, 0x00, 0x00, 0x00, 0x00, 0x00, 0x00, 0x00, 0x00, 0x00, 0x00, 0x00, 0x00, 0x00, 0x00,
    0x00, 0x00, 0x00, 0x00, 0x00, 0x00, 0x00, 0x00, 0x00, 0x00, 0x00, 0x00, 0x00, 0x00, 0x00, 0x00,
    0x00, 0x00, 0x00, 0x00, 0x00, 0x00, 0x00, 0x00, 0x00, 0x00, 0x00, 0x00, 0x00, 0x00, 0x00, 0x00,
    0x00, 0x00, 0x00, 0x00, 0x00, 0x00, 0x00, 0x00, 0x00, 0x00, 0x00, 0x00, 0x00, 0x00, 0xC8, 0x00,
    0x02, 0x00, 0xE2, 0xFF, 0x14, 0x00, 0x00, 0x00, 0xBF, 0x00, 0xA0, 0x00, 0xAE, 0x00, 0x65, 0x18,
    0x3F, 0x1B, 0x65, 0x65, 0x65, 0x18, 0x18, 0x18, 0x18, 0x18, 0x18, 0x18, 0x1B, 0x18, 0x18, 0x18,
    0x58, 0x18, 0x1B, 0x18, 0x18, 0x10, 0x00, 0x0A, 0x2F, 0x3C, 0x49, 0x16, 0x0E, 0x00, 0x0E, 0x07,
    0x07, 0x0E, 0x49, 0x4E, 0x46, 0x00, 0x69, 0x6E, 0x66, 0x00, 0x4E, 0x41, 0x4E, 0x00, 0x6E, 0x61,
    0x6E, 0x00, 0x30, 0x31, 0x32, 0x33, 0x34, 0x35, 0x36, 0x37, 0x38, 0x39, 0x61, 0x62, 0x63, 0x64,
    0x65, 0x66, 0x00, 0x30, 0x31, 0x32, 0x33, 0x34, 0x35, 0x36, 0x37, 0x38, 0x39, 0x41, 0x42, 0x43,
    0x44, 0x45, 0x46, 0x00, 0x28, 0x6E, 0x75, 0x6C, 0x6C, 0x29, 0x00, 0x30, 0x00, 0x00, 0x1C, 0x00,
    0xAB, 0x08, 0xAB, 0x08, 0x21, 0x00, 0xAB, 0x08, 0xAB, 0x08, 0xAB, 0x08, 0x05, 0x00, 0xAB, 0x08,
    0xAB, 0x08, 0x23, 0x00, 0x66, 0x00, 0xAB, 0x08, 0x64, 0x00, 0x69, 0x00, 0xAB, 0x08, 0xC4, 0x00,
    0xC6, 0x00, 0xC6, 0x00, 0xC6, 0x00, 0xC6, 0x00, 0xC6, 0x00, 0xC6, 0x00, 0xC6, 0x00, 0xC6, 0x00,
    0xC6, 0x00, 0xAB, 0x08, 0xAB, 0x08, 0xAB, 0x08, 0xAB, 0x08, 0xAB, 0x08, 0xAB, 0x08, 0xAB, 0x08,
    0x43, 0x02, 0xAB, 0x08, 0xE4, 0x00, 0x50, 0x01, 0x43, 0x02, 0x43, 0x02, 0x43, 0x02, 0xAB, 0x08,
    0xAB, 0x08, 0xAB, 0x08, 0xAB, 0x08, 0xD5, 0x00, 0xAB, 0x08, 0xAB, 0x08, 0xC5, 0x04, 0xAB, 0x08,
    0xAB, 0x08, 0xAB, 0x08, 0xC8, 0x05, 0xAB, 0x08, 0x84, 0x06, 0xAB, 0x08, 0xAB, 0x08, 0x50, 0x07,
    0xAB, 0x08, 0xAB, 0x08, 0xAB, 0x08, 0xAB, 0x08, 0xAB, 0x08, 0xAB, 0x08, 0xAB, 0x08, 0xAB, 0x08,
    0x43, 0x02, 0xAB, 0x08, 0xE4, 0x00, 0x55, 0x01, 0x43, 0x02, 0x43, 0x02, 0x43, 0x02, 0xD7, 0x00,
    0x55, 0x01, 0xE2, 0x00, 0xAB, 0x08, 0xDD, 0x00, 0xAB, 0x08, 0x07, 0x04, 0xCA, 0x04, 0x92, 0x05,
    0xE2, 0x00, 0xAB, 0x08, 0xC8, 0x05, 0xF8, 0xFF, 0x89, 0x06, 0xAB, 0x08, 0xAB, 0x08, 0x00, 0x00,
    0xAB, 0x08, 0xF8, 0xFF, 0x30, 0x30, 0x30, 0x30, 0x30, 0x30, 0x30, 0x30, 0x30, 0x30, 0x30, 0x30,
    0x30, 0x30, 0x30, 0x30, 0x20, 0x20, 0x20, 0x20, 0x20, 0x20, 0x20, 0x20, 0x20, 0x20, 0x20, 0x20,
    0x20, 0x20, 0x20, 0x20, 0x00, 0x01, 0x00, 0x03, 0x04, 0x00, 0x00, 0x00, 0x00, 0x00, 0x01, 0x00,
    0x03, 0x04, 0x00, 0x00, 0x00, 0x00, 0x00, 0x00, 0x07, 0x03, 0x04, 0x00, 0x00, 0x00, 0x00, 0x00,
    0x00, 0x00, 0x03, 0x04, 0x00, 0x00, 0x00, 0x00, 0x00, 0x00, 0x00, 0x00, 0x04, 0x00, 0x00, 0x00,
    0x00, 0x00, 0x02, 0x00, 0x03, 0x04, 0x00, 0x00, 0x00, 0x00, 0x00, 0x01, 0x00, 0x05, 0x06, 0x05,
    0x00, 0x00, 0x00, 0x00, 0x01, 0x00, 0x05, 0x06, 0x00, 0x00, 0x00, 0x00, 0x00, 0x00, 0x00, 0x03,
    0x04, 0x00, 0x00, 0x00, 0x00, 0x00, 0x00, 0x08, 0x00, 0x00, 0x00, 0x00, 0x00, 0x00, 0x00, 0x00,
    0x08, 0x00, 0x00, 0x00, 0x00, 0x00, 0x00, 0x00, 0x00, 0x00, 0x00, 0x00, 0x00, 0x00, 0x00, 0x00,
    0x01, 0x02, 0x0B, 0x04, 0x0B, 0x05, 0x06, 0x01, 0x0B, 0x01, 0x02, 0x0B, 0x04, 0x0B, 0x05, 0x06,
    0x01, 0x0B, 0x0B, 0x0B, 0x03, 0x04, 0x0B, 0x05, 0x0B, 0x0B, 0x0B, 0x0B, 0x0B, 0x0B, 0x04, 0x0B,
    0x05, 0x0B, 0x0B, 0x0B, 0x0B, 0x0B, 0x0B, 0x0B, 0x0B, 0x0B, 0x0B, 0x0B, 0x0B, 0x05, 0x08, 0x0B,
    0x04, 0x0B, 0x0B, 0x07, 0x0B, 0x0B, 0x0B, 0x09, 0x0B, 0x04, 0x0B, 0x05, 0x0B, 0x0B, 0x0B, 0x0B,
    0x0A, 0x0B, 0x04, 0x0B, 0x0B, 0x0B, 0x0B, 0x0B, 0x0B, 0x0B, 0x0B, 0x04, 0x0B, 0x0B, 0x0B, 0x0B,
    0x0B, 0x0B, 0x0B, 0x03, 0x0B, 0x0B, 0x0B, 0x0B, 0x0B, 0x0B, 0x0B, 0x0B, 0x08, 0x0B, 0x0B, 0x0B,
    0x0B, 0x0B, 0x0B, 0x00, 0x00, 0x00, 0x00, 0x00, 0x00, 0x00, 0x00, 0x00, 0x08, 0x08, 0x08, 0x08,
    0x08, 0x08, 0x08, 0x08, 0x08, 0x08, 0x08, 0x08, 0x08, 0x08, 0x08, 0x08, 0x08, 0x08, 0x08, 0x08,
    0x08, 0x08, 0x08, 0x08, 0x08, 0x08, 0x08, 0x08, 0x08, 0x08, 0x08, 0x08, 0x07, 0x08, 0x08, 0x07,
    0x02, 0x08, 0x08, 0x07, 0x08, 0x08, 0x06, 0x07, 0x08, 0x07, 0x05, 0x08, 0x00, 0x01, 0x01, 0x01,
    0x01, 0x01, 0x01, 0x01, 0x01, 0x01, 0x08, 0x08, 0x08, 0x08, 0x08, 0x08, 0x08, 0x04, 0x08, 0x04,
    0x04, 0x04, 0x04, 0x04, 0x08, 0x08, 0x08, 0x08, 0x03, 0x08, 0x08, 0x04, 0x08, 0x08, 0x08, 0x04,
    0x08, 0x04, 0x08, 0x08, 0x04, 0x08, 0x08, 0x08, 0x08, 0x08, 0x08, 0x08, 0x08, 0x04, 0x08, 0x04,
    0x04, 0x04, 0x04, 0x04, 0x03, 0x04, 0x03, 0x08, 0x03, 0x08, 0x04, 0x04, 0x04, 0x03, 0x08, 0x04,
    0x03, 0x04, 0x08, 0x08, 0x04, 0x08, 0x03, 0x08, 0x08, 0x08, 0x08, 0x08, 0x08, 0x08, 0x08, 0x08,
    0x08, 0x08, 0x08, 0x08, 0x08, 0x08, 0x08, 0x08, 0x08, 0x08, 0x08, 0x08, 0x08, 0x08, 0x08, 0x08,
    0x08, 0x08, 0x08, 0x08, 0x08, 0x08, 0x08, 0x08, 0x08, 0x08, 0x08, 0x08, 0x08, 0x08, 0x08, 0x08,
    0x08, 0x08, 0x08, 0x08, 0x08, 0x08, 0x08, 0x08, 0x08, 0x08, 0x08, 0x08, 0x08, 0x08, 0x08, 0x08,
    0x08, 0x08, 0x08, 0x08, 0x08, 0x08, 0x08, 0x08, 0x08, 0x08, 0x08, 0x08, 0x08, 0x08, 0x08, 0x08,
    0x08, 0x08, 0x08, 0x08, 0x08, 0x08, 0x08, 0x08, 0x08, 0x08, 0x08, 0x08, 0x08, 0x08, 0x08, 0x08,
    0x08, 0x08, 0x08, 0x08, 0x08, 0x08, 0x08, 0x08, 0x08, 0x08, 0x08, 0x08, 0x08, 0x08, 0x08, 0x08,
    0x08, 0x08, 0x08, 0x08, 0x08, 0x08, 0x08, 0x08, 0x08, 0x08, 0x08, 0x08, 0x08, 0x08, 0x08, 0x08,
    0x08, 0x08, 0x08, 0x08, 0x08, 0x08, 0x08, 0x08, 0x08, 0x08, 0x08, 0x08, 0x24, 0x01, 0x21, 0x01,
    0x18, 0x01, 0xD5, 0x00, 0x05, 0x00, 0x00, 0x00, 0x19, 0x00, 0x00, 0x00, 0x7D, 0x00, 0x00, 0x00,
    0x00, 0x80, 0xE0, 0x37, 0x79, 0xC3, 0x41, 0x43, 0x17, 0x6E, 0x05, 0xB5, 0xB5, 0xB8, 0x93, 0x46,
    0xF5, 0xF9, 0x3F, 0xE9, 0x03, 0x4F, 0x38, 0x4D, 0x32, 0x1D, 0x30, 0xF9, 0x48, 0x77, 0x82, 0x5A,
    0x3C, 0xBF, 0x73, 0x7F, 0xDD, 0x4F, 0x15, 0x75, 0x00, 0x00, 0x00, 0x00, 0x00, 0x00, 0xF0, 0x3F,
    0x00, 0x00, 0x00, 0x00, 0x00, 0x00, 0x24, 0x40, 0x00, 0x00, 0x00, 0x00, 0x00, 0x00, 0x59, 0x40,
    0x00, 0x00, 0x00, 0x00, 0x00, 0x40, 0x8F, 0x40, 0x00, 0x00, 0x00, 0x00, 0x00, 0x88, 0xC3, 0x40,
    0x00, 0x00, 0x00, 0x00, 0x00, 0x6A, 0xF8, 0x40, 0x00, 0x00, 0x00, 0x00, 0x80, 0x84, 0x2E, 0x41,
    0x00, 0x00, 0x00, 0x00, 0xD0, 0x12, 0x63, 0x41, 0x00, 0x00, 0x00, 0x00, 0x84, 0xD7, 0x97, 0x41,
    0x00, 0x00, 0x00, 0x00, 0x65, 0xCD, 0xCD, 0x41, 0x00, 0x00, 0x00, 0x20, 0x5F, 0xA0, 0x02, 0x42,
    0x00, 0x00, 0x00, 0xE8, 0x76, 0x48, 0x37, 0x42, 0x00, 0x00, 0x00, 0xA2, 0x94, 0x1A, 0x6D, 0x42,
    0x00, 0x00, 0x40, 0xE5, 0x9C, 0x30, 0xA2, 0x42, 0x00, 0x00, 0x90, 0x1E, 0xC4, 0xBC, 0xD6, 0x42,
    0x00, 0x00, 0x34, 0x26, 0xF5, 0x6B, 0x0C, 0x43, 0x00, 0x80, 0xE0, 0x37, 0x79, 0xC3, 0x41, 0x43,
    0x00, 0xA0, 0xD8, 0x85, 0x57, 0x34, 0x76, 0x43, 0x00, 0xC8, 0x4E, 0x67, 0x6D, 0xC1, 0xAB, 0x43,
    0x00, 0x3D, 0x91, 0x60, 0xE4, 0x58, 0xE1, 0x43, 0x40, 0x8C, 0xB5, 0x78, 0x1D, 0xAF, 0x15, 0x44,
    0x50, 0xEF, 0xE2, 0xD6, 0xE4, 0x1A, 0x4B, 0x44, 0x92, 0xD5, 0x4D, 0x06, 0xCF, 0xF0, 0x80, 0x44,
    0xF6, 0x4A, 0xE1, 0xC7, 0x02, 0x2D, 0xB5, 0x44, 0xB4, 0x9D, 0xD9, 0x79, 0x43, 0x78, 0xEA, 0x44,
    0xC8, 0x00, 0x02, 0x00, 0xE2, 0xFF, 0x14, 0x00, 0x00, 0x00, 0xBF, 0x00, 0xA0, 0x00, 0xAE, 0x00,
    0x65, 0x18, 0x3F, 0x1B, 0x65, 0x65, 0x65, 0x18, 0x18, 0x18, 0x18, 0x18, 0x18, 0x18, 0x1B, 0x18,
    0x18, 0x18, 0x58, 0x18, 0x1B, 0x18, 0x18, 0x10, 0x00, 0x0A, 0x2F, 0x3C, 0x49, 0x16, 0x0E, 0x00,
    0x0E, 0x07, 0x07, 0x0E, 0x1B, 0x00, 0xBF, 0x06, 0xBF, 0x06, 0x20, 0x00, 0xBF, 0x06, 0xBF, 0x06,
    0xBF, 0x06, 0x05, 0x00, 0xBF, 0x06, 0xBF, 0x06, 0x22, 0x00, 0x65, 0x00, 0xBF, 0x06, 0x63, 0x00,
    0x68, 0x00, 0xBF, 0x06, 0xBE, 0x00, 0xC0, 0x00, 0xC0, 0x00, 0xC0, 0x00, 0xC0, 0x00, 0xC0, 0x00,
    0xC0, 0x00, 0xC0, 0x00, 0xC0, 0x00, 0xC0, 0x00, 0xBF, 0x06, 0xBF, 0x06, 0xBF, 0x06, 0xBF, 0x06,
    0xBF, 0x06, 0xBF, 0x06, 0xBF, 0x06, 0xBF, 0x06, 0xBF, 0x06, 0xDC, 0x00, 0x50, 0x01, 0xBF, 0x06,
    0xBF, 0x06, 0xBF, 0x06, 0xBF, 0x06, 0xBF, 0x06, 0xBF, 0x06, 0xBF, 0x06, 0xBF, 0x06, 0xBF, 0x06,
    0xBF, 0x06, 0xD9, 0x02, 0xBF, 0x06, 0xBF, 0x06, 0xBF, 0x06, 0xEA, 0x03, 0xBF, 0x06, 0x8E, 0x04,
    0xBF, 0x06, 0xBF, 0x06, 0x60, 0x05, 0xBF, 0x06, 0xBF, 0x06, 0xBF, 0x06, 0xBF, 0x06, 0xBF, 0x06,
    0xBF, 0x06, 0xBF, 0x06, 0xBF, 0x06, 0xBF, 0x06, 0xBF, 0x06, 0xDC, 0x00, 0x55, 0x01, 0xBF, 0x06,
    0xBF, 0x06, 0xBF, 0x06, 0xCF, 0x00, 0x55, 0x01, 0xDA, 0x00, 0xBF, 0x06, 0xD5, 0x00, 0xBF, 0x06,
    0x1B, 0x02, 0xDE, 0x02, 0xB4, 0x03, 0xDA, 0x00, 0xBF, 0x06, 0xEA, 0x03, 0xF7, 0xFF, 0x93, 0x04,
    0xBF, 0x06, 0xBF, 0x06, 0x00, 0x00, 0xBF, 0x06, 0xF7, 0xFF, 0x00, 0x00, 0x30, 0x30, 0x30, 0x30,
    0x30, 0x30, 0x30, 0x30, 0x30, 0x30, 0x30, 0x30, 0x30, 0x30, 0x30, 0x30, 0x20, 0x20, 0x20, 0x20,
    0x20, 0x20, 0x20, 0x20, 0x20, 0x20, 0x20, 0x20, 0x20, 0x20, 0x20, 0x20, 0x30, 0x81, 0x11, 0x00,
    0x00, 0x00, 0x00, 0x00, 0x00, 0x00, 0x00, 0x00, 0x00, 0x00, 0x00, 0x00, 0x98, 0x72, 0x11, 0x00,
    0x00, 0x00, 0x00, 0x00, 0x00, 0x00, 0x00, 0x00, 0x00, 0x00, 0x00, 0x00, 0x00, 0x00, 0x00, 0x00,
    0x00, 0x00, 0x00, 0x00, 0x00, 0x00, 0x00, 0x00, 0x00, 0x00, 0x00, 0x00, 0x00, 0x00, 0x00, 0x00,
    0x00, 0x00, 0x00, 0x00, 0x00, 0x00, 0x00, 0x00, 0x00, 0x00, 0x00, 0x00, 0x00, 0x00, 0x00, 0x00,
    0x00, 0x00, 0x00, 0x00, 0x00, 0x00, 0x00, 0x00, 0x00, 0x00, 0x00, 0x00, 0x00, 0x00, 0x00, 0x00,
    0x00, 0x00, 0x00, 0x00, 0x00, 0x00, 0x00, 0x00, 0x00, 0x00, 0x00, 0x00, 0x00, 0x00, 0x00, 0x00,
    0x00, 0x00, 0x00, 0x00, 0x00, 0x00, 0x00, 0x00, 0x00, 0x00, 0x00, 0x00, 0x00, 0x00, 0x00, 0x00,
    0x00, 0x00, 0x00, 0x00, 0x00, 0x00, 0x00, 0x00, 0x00, 0x00, 0x00, 0x00, 0x04, 0x00, 0x00, 0x00,
    0x00, 0x00, 0x00, 0x00, 0x00, 0x00, 0x00, 0x00, 0x00, 0x00, 0x00, 0x00, 0x00, 0x00, 0x00, 0x00,
    0x00, 0x00, 0x00, 0x00, 0x00, 0x00, 0x00, 0x00, 0x00, 0x00, 0x00, 0x00, 0x00, 0x00, 0x00, 0x00,
    0x00, 0x00, 0x00, 0x00, 0x00, 0x00, 0x00, 0x00, 0x00, 0x00, 0x00, 0x00, 0x00, 0x00, 0x00, 0x00,
    0x00, 0x00, 0x00, 0x00, 0x00, 0x00, 0x00, 0x00, 0x00, 0x00, 0x00, 0x00, 0x00, 0x00, 0x00, 0x00,
    0x00, 0x00, 0x00, 0x00, 0x00, 0x00, 0x00, 0x00, 0x00, 0x00, 0x00, 0x00, 0x00, 0x00, 0x00, 0x00,
    0x00, 0x00, 0x00, 0x00, 0x00, 0x00, 0x00, 0x00, 0x00, 0x00, 0x00, 0x00, 0x00, 0x00, 0x00, 0x00,
    0x00, 0x00, 0x00, 0x00, 0x00, 0x00, 0x00, 0x00, 0x00, 0x00, 0x00, 0x00, 0x00, 0x00, 0x00, 0x00,
    0x00, 0x00, 0x00, 0x00, 0x00, 0x00, 0x00, 0x00, 0x00, 0x00, 0x00, 0x00, 0x00, 0x00, 0x00, 0x00,
    0x00, 0x00, 0x00, 0x00, 0x00, 0x00, 0x00, 0x00, 0x00, 0x00, 0x00, 0x00, 0x00, 0x00, 0x00, 0x00,
    0x00, 0x00, 0x00, 0x00, 0x00, 0x00, 0x00, 0x00, 0x00, 0x00, 0x00, 0x00, 0x00, 0x00, 0x00, 0x00,
    0x00, 0x00, 0x00, 0x00, 0x00, 0x00, 0x00, 0x00, 0x00, 0x00, 0x00, 0x00, 0x00, 0x00, 0x00, 0x00,
    0x00, 0x00, 0x00, 0x00, 0x00, 0x00, 0x00, 0x00, 0x00, 0x00, 0x00, 0x00, 0x00, 0x00, 0x00, 0x00,
    0x00, 0x00, 0x00, 0x00, 0x00, 0x00, 0x00, 0x00, 0x00, 0x00, 0x00, 0x00, 0x00, 0x00, 0x00, 0x00,
    0x00, 0x00, 0x00, 0x00, 0x00, 0x00, 0x00, 0x00, 0x00, 0x00, 0x00, 0x00, 0x00, 0x00, 0x00, 0x00,
    0x00, 0x00, 0x00, 0x00, 0x00, 0x00, 0x00, 0x00, 0x00, 0x00, 0x00, 0x00, 0x00, 0x00, 0x00, 0x00,
    0x00, 0x00, 0x00, 0x00, 0x00, 0x00, 0x00, 0x00, 0x00, 0x00, 0x00, 0x00, 0x00, 0x00, 0x00, 0x00,
    0x00, 0x00, 0x00, 0x00, 0x00, 0x00, 0x00, 0x00, 0x00, 0x00, 0x00, 0x00, 0x00, 0x00, 0x00, 0x00,
    0x00, 0x00, 0x00, 0x00, 0x00, 0x00, 0x00, 0x00, 0x00, 0x00, 0x00, 0x00, 0x00, 0x00, 0x00, 0x00,
    0x00, 0x00, 0x00, 0x00, 0x00, 0x00, 0x00, 0x00, 0x00, 0x00, 0x00, 0x00, 0x00, 0x00, 0x00, 0x00,
    0x00, 0x00, 0x00, 0x00, 0x00, 0x00, 0x00, 0x00, 0x00, 0x00, 0x00, 0x00, 0x00, 0x00, 0x00, 0x00,
    0x00, 0x00, 0x00, 0x00, 0x00, 0x00, 0x00, 0x00, 0x00, 0x00, 0x00, 0x00, 0x00, 0x00, 0x00, 0x00,
    0x00, 0x00, 0x00, 0x00, 0x00, 0x00, 0x00, 0x00, 0x00, 0x00, 0x00, 0x00, 0x00, 0x00, 0x00, 0x00,
    0x00, 0x00, 0x00, 0x00, 0x00, 0x00, 0x00, 0x00, 0x00, 0x00, 0x00, 0x00, 0x00, 0x00, 0x00, 0x00,
    0x00, 0x00, 0x00, 0x00, 0x00, 0x00, 0x00, 0x00, 0x00, 0x00, 0x00, 0x00, 0x00, 0x00, 0x00, 0x00,
    0x00, 0x00, 0x00, 0x00, 0x00, 0x00, 0x00, 0x00, 0x00, 0x00, 0x00, 0x00, 0x00, 0x00, 0x00, 0x00,
    0x00, 0x00, 0x00, 0x00, 0x00, 0x00, 0x00, 0x00, 0x00, 0x00, 0x00, 0x00, 0x00, 0x00, 0x00, 0x00,
    0x00, 0x00, 0x00, 0x00, 0x00, 0x00, 0x00, 0x00, 0x00, 0x00, 0x00, 0x00, 0x00, 0x00, 0x00, 0x00,
    0x00, 0x00, 0x00, 0x00, 0x00, 0x00, 0x00, 0x00, 0x00, 0x00, 0x00, 0x00, 0x00, 0x00, 0x00, 0x00,
    0x00, 0x00, 0x00, 0x00, 0x00, 0x00, 0x00, 0x00, 0x00, 0x00, 0x00, 0x00, 0x00, 0x00, 0x00, 0x00,
    0x00, 0x00, 0x00, 0x00, 0x00, 0x00, 0x00, 0x00, 0x00, 0x00, 0x00, 0x00, 0x00, 0x00, 0x00, 0x00,
    0x00, 0x00, 0x00, 0x00, 0x00, 0x00, 0x00, 0x00, 0x00, 0x00, 0x00, 0x00, 0x00, 0x00, 0x00, 0x00,
    0x00, 0x00, 0x00, 0x00, 0x00, 0x00, 0x00, 0x00, 0x00, 0x00, 0x00, 0x00, 0x00, 0x00, 0x00, 0x00,
    0x00, 0x00, 0x00, 0x00, 0x00, 0x00, 0x00, 0x00, 0x00, 0x00, 0x00, 0x00, 0x00, 0x00, 0x00, 0x00,
    0x00, 0x00, 0x00, 0x00, 0x00, 0x00, 0x00, 0x00, 0x00, 0x00, 0x00, 0x00, 0x00, 0x00, 0x00, 0x00,
    0x00, 0x00, 0x00, 0x00, 0x00, 0x00, 0x00, 0x00, 0x00, 0x00, 0x00, 0x00, 0x00, 0x00, 0x00, 0x00,
    0x00, 0x00, 0x00, 0x00, 0x00, 0x00, 0x00, 0x00, 0x00, 0x00, 0x00, 0x00, 0x00, 0x00, 0x00, 0x00,
    0x00, 0x00, 0x00, 0x00, 0x00, 0x00, 0x00, 0x00, 0x00, 0x00, 0x00, 0x00, 0x00, 0x00, 0x00, 0x00,
    0x00, 0x00, 0x00, 0x00, 0x00, 0x00, 0x00, 0x00, 0x00, 0x00, 0x00, 0x00, 0x00, 0x00, 0x00, 0x00,
    0x00, 0x00, 0x00, 0x00, 0x00, 0x00, 0x00, 0x00, 0x00, 0x00, 0x00, 0x00, 0x00, 0x00, 0x00, 0x00,
    0x00, 0x00, 0x00, 0x00, 0x00, 0x00, 0x00, 0x00, 0x00, 0x00, 0x00, 0x00, 0x00, 0x00, 0x00, 0x00,
    0x00, 0x00, 0x00, 0x00, 0x00, 0x00, 0x00, 0x00, 0x00, 0x00, 0x00, 0x00, 0x00, 0x00, 0x00, 0x00,
    0x00, 0x00, 0x00, 0x00, 0x00, 0x00, 0x00, 0x00, 0x00, 0x00, 0x00, 0x00, 0x00, 0x00, 0x00, 0x00,
    0x00, 0x00, 0x00, 0x00, 0x00, 0x00, 0x00, 0x00, 0x00, 0x00, 0x00, 0x00, 0x00, 0x00, 0x00, 0x00,
    0x00, 0x00, 0x00, 0x00, 0x00, 0x00, 0x00, 0x00, 0x00, 0x00, 0x00, 0x00, 0x00, 0x00, 0x00, 0x00,
    0x00, 0x00, 0x00, 0x00, 0x00, 0x00, 0x00, 0x00, 0x00, 0x00, 0x00, 0x00, 0x00, 0x00, 0x00, 0x00,
    0x00, 0x00, 0x00, 0x00, 0x00, 0x00, 0x00, 0x00, 0x00, 0x00, 0x00, 0x00, 0x00, 0x00, 0x00, 0x00,
    0x00, 0x00, 0x00, 0x00, 0x00, 0x00, 0x00, 0x00, 0x00, 0x00, 0x00, 0x00, 0x00, 0x00, 0x00, 0x00,
    0x00, 0x00, 0x00, 0x00, 0x00, 0x00, 0x00, 0x00, 0x00, 0x00, 0x00, 0x00, 0x00, 0x00, 0x00, 0x00,
    0x00, 0x00, 0x00, 0x00, 0x00, 0x00, 0x00, 0x00, 0x00, 0x00, 0x00, 0x00, 0x00, 0x00, 0x00, 0x00,
    0x00, 0x00, 0x00, 0x00, 0x00, 0x00, 0x00, 0x00, 0x00, 0x00, 0x00, 0x00, 0x00, 0x00, 0x00, 0x00,
    0x00, 0x00, 0x00, 0x00, 0x00, 0x00, 0x00, 0x00, 0x00, 0x00, 0x00, 0x00, 0x00, 0x00, 0x00, 0x00,
    0x00, 0x00, 0x00, 0x00, 0x00, 0x00, 0x00, 0x00, 0x00, 0x00, 0x00, 0x00, 0x00, 0x00, 0x00, 0x00,
    0x00, 0x00, 0x00, 0x00, 0x00, 0x00, 0x00, 0x00, 0x00, 0x00, 0x00, 0x00, 0x00, 0x00, 0x00, 0x00,
    0x00, 0x00, 0x00, 0x00, 0x00, 0x00, 0x00, 0x00, 0x00, 0x00, 0x00, 0x00, 0x00, 0x00, 0x00, 0x00,
    0x00, 0x00, 0x00, 0x00, 0x00, 0x00, 0x00, 0x00, 0x00, 0x00, 0x00, 0x00, 0x00, 0x00, 0x00, 0x00,
    0x00, 0x00, 0x00, 0x00, 0x00, 0x00, 0x00, 0x00, 0x00, 0x00, 0x00, 0x00, 0x00, 0x00, 0x00, 0x00,
    0x00, 0x00, 0x00, 0x00, 0x00, 0x00, 0x00, 0x00, 0x00, 0x00, 0x00, 0x00, 0x00, 0x00, 0x00, 0x00,
    0x00, 0x00, 0x00, 0x00, 0x00, 0x00, 0x00, 0x00, 0x00, 0x00, 0x00, 0x00, 0x00, 0x00, 0x00, 0x00,
    0x00, 0x00, 0x00, 0x00, 0x00, 0x00, 0x00, 0x00, 0x00, 0x00, 0x00, 0x00, 0x00, 0x00, 0x00, 0x00,
    0x00, 0x00, 0x00, 0x00, 0x00, 0x00, 0x00, 0x00, 0x00, 0x00, 0x00, 0x00, 0x00, 0x00, 0x00, 0x00,
    0x00, 0x00, 0x00, 0x00, 0x00, 0x00, 0x00, 0x00, 0x00, 0x00, 0x00, 0x00, 0x00, 0x00, 0x00, 0x00,
    0x00, 0x00, 0x00, 0x00, 0x00, 0x00, 0x00, 0x00, 0x00, 0x00, 0x00, 0x00, 0x00, 0x00, 0x00, 0x00,
    0x00, 0x00, 0x00, 0x00, 0x00, 0x00, 0x00, 0x00, 0x00, 0x00, 0x00, 0x00, 0x00, 0x00, 0x00, 0x00,
    0x00, 0x00, 0x00, 0x00, 0x00, 0x00, 0x00, 0x00, 0x00, 0x00, 0x00, 0x00, 0x00, 0x00, 0x00, 0x00,
    0x00, 0x00, 0x00, 0x00, 0x00, 0x00, 0x00, 0x00, 0x00, 0x00, 0x00, 0x00, 0x00, 0x00, 0x00, 0x00,
    0x00, 0x00, 0x00, 0x00, 0x00, 0x00, 0x00, 0x00, 0x00, 0x00, 0x00, 0x00, 0x00, 0x00, 0x00, 0x00,
    0x00, 0x00, 0x00, 0x00, 0x00, 0x00, 0x00, 0x00, 0x00, 0x00, 0x00, 0x00, 0x00, 0x00, 0x00, 0x00,
    0x00, 0x00, 0x00, 0x00, 0x00, 0x00, 0x00, 0x00, 0x00, 0x00, 0x00, 0x00, 0x00, 0x00, 0x00, 0x00,
    0x00, 0x00, 0x00, 0x00, 0x00, 0x00, 0x00, 0x00, 0x00, 0x00, 0x00, 0x00, 0x00, 0x00, 0x00, 0x00,
    0x00, 0x00, 0x00, 0x00, 0x00, 0x00, 0x00, 0x00, 0x00, 0x00, 0x00, 0x00, 0x00, 0x00, 0x00, 0x00,
    0x00, 0x00, 0x00, 0x00, 0x00, 0x00, 0x00, 0x00, 0x00, 0x00, 0x00, 0x00, 0x00, 0x00, 0x00, 0x00,
    0x00, 0x00, 0x00, 0x00, 0x00, 0x00, 0x00, 0x00, 0x00, 0x00, 0x00, 0x00, 0x00, 0x00, 0x00, 0x00,
    0x00, 0x00, 0x00, 0x00, 0x00, 0x00, 0x00, 0x00, 0x00, 0x00, 0x00, 0x00, 0x00, 0x00, 0x00, 0x00,
    0x00, 0x00, 0x00, 0x00, 0x00, 0x00, 0x00, 0x00, 0x00, 0x00, 0x00, 0x00, 0x00, 0x00, 0x00, 0x00,
    0x00, 0x00, 0x00, 0x00, 0x00, 0x00, 0x00, 0x00, 0x00, 0x00, 0x00, 0x00, 0x00, 0x00, 0x00, 0x00,
    0x00, 0x00, 0x00, 0x00, 0x00, 0x00, 0x00, 0x00, 0x00, 0x00, 0x00, 0x00, 0x00, 0x00, 0x00, 0x00,
    0x00, 0x00, 0x00, 0x00, 0x00, 0x00, 0x00, 0x00, 0x00, 0x00, 0x00, 0x00, 0x00, 0x00, 0x00, 0x00,
    0x00, 0x00, 0x00, 0x00, 0x00, 0x00, 0x00, 0x00, 0x00, 0x00, 0x00, 0x00, 0x00, 0x00, 0x00, 0x00,
    0x00, 0x00, 0x00, 0x00, 0x00, 0x00, 0x00, 0x00, 0x00, 0x00, 0x00, 0x00, 0x00, 0x00, 0x00, 0x00,
    0x00, 0x00, 0x00, 0x00, 0x00, 0x00, 0x00, 0x00, 0x00, 0x00, 0x00, 0x00, 0x00, 0x00, 0x00, 0x00,
    0x00, 0x00, 0x00, 0x00, 0x00, 0x00, 0x00, 0x00, 0x00, 0x00, 0x00, 0x00, 0x00, 0x00, 0x00, 0x00,
    0x00, 0x00, 0x00, 0x00, 0x00, 0x00, 0x00, 0x00, 0x00, 0x00, 0x00, 0x00, 0x00, 0x00, 0x00, 0x00,
    0x00, 0x00, 0x00, 0x00, 0x00, 0x00, 0x00, 0x00, 0x00, 0x00, 0x00, 0x00, 0x00, 0x00, 0x00, 0x00,
    0x00, 0x00, 0x00, 0x00, 0x00, 0x00, 0x00, 0x00, 0x00, 0x00, 0x00, 0x00, 0x00, 0x00, 0x00, 0x00,
    0x00, 0x00, 0x00, 0x00, 0x00, 0x00, 0x00, 0x00, 0x00, 0x00, 0x00, 0x00, 0x00, 0x00, 0x00, 0x00,
    0x00, 0x00, 0x00, 0x00, 0x00, 0x00, 0x00, 0x00, 0x00, 0x00, 0x00, 0x00, 0x00, 0x00, 0x00, 0x00,
    0x00, 0x00, 0x00, 0x00, 0x00, 0x00, 0x00, 0x00, 0x00, 0x00, 0x00, 0x00, 0x00, 0x00, 0x00, 0x00,
    0x00, 0x00, 0x00, 0x00, 0x00, 0x00, 0x00, 0x00, 0x00, 0x00, 0x00, 0x00, 0x00, 0x00, 0x00, 0x00,
    0x00, 0x00, 0x00, 0x00, 0x00, 0x00, 0x00, 0x00, 0x00, 0x00, 0x00, 0x00, 0x00, 0x00, 0x00, 0x00,
    0x00, 0x00, 0x00, 0x00, 0x00, 0x00, 0x00, 0x00, 0x00, 0x00, 0x00, 0x00, 0x00, 0x00, 0x00, 0x00,
    0x00, 0x00, 0x00, 0x00, 0x00, 0x00, 0x00, 0x00, 0x00, 0x00, 0x00, 0x00, 0x00, 0x00, 0x00, 0x00,
    0x00, 0x00, 0x00, 0x00, 0x00, 0x00, 0x00, 0x00, 0x00, 0x00, 0x00, 0x00, 0x00, 0x00, 0x00, 0x00,
    0x00, 0x00, 0x00, 0x00, 0x00, 0x00, 0x00, 0x00, 0x00, 0x00, 0x00, 0x00, 0x00, 0x00, 0x00, 0x00,
    0x00, 0x00, 0x00, 0x00, 0x00, 0x00, 0x00, 0x00, 0x00, 0x00, 0x00, 0x00, 0x00, 0x00, 0x00, 0x00,
    0x00, 0x00, 0x00, 0x00, 0x00, 0x00, 0x00, 0x00, 0x00, 0x00, 0x00, 0x00, 0x00, 0x00, 0x00, 0x00,
    0x00, 0x00, 0x00, 0x00, 0x00, 0x00, 0x00, 0x00, 0x00, 0x00, 0x00, 0x00, 0x00, 0x00, 0x00, 0x00,
    0x00, 0x00, 0x00, 0x00, 0x00, 0x00, 0x00, 0x00, 0x00, 0x00, 0x00, 0x00, 0x00, 0x00, 0x00, 0x00,
    0x00, 0x00, 0x00, 0x00, 0x00, 0x00, 0x00, 0x00, 0x00, 0x00, 0x00, 0x00, 0x00, 0x00, 0x00, 0x00,
    0x00, 0x00, 0x00, 0x00, 0x00, 0x00, 0x00, 0x00, 0x00, 0x00, 0x00, 0x00, 0x00, 0x00, 0x00, 0x00,
    0x00, 0x00, 0x00, 0x00, 0x00, 0x00, 0x00, 0x00, 0x00, 0x00, 0x00, 0x00, 0x00, 0x00, 0x00, 0x00,
    0x00, 0x00, 0x00, 0x00, 0x00, 0x00, 0x00, 0x00, 0x00, 0x00, 0x00, 0x00, 0x00, 0x00, 0x00, 0x00,
    0x00, 0x00, 0x00, 0x00, 0x00, 0x00, 0x00, 0x00, 0x00, 0x00, 0x00, 0x00, 0x00, 0x00, 0x00, 0x00,
    0x00, 0x00, 0x00, 0x00, 0x00, 0x00, 0x00, 0x00, 0x00, 0x00, 0x00, 0x00, 0x00, 0x00, 0x00, 0x00,
    0x00, 0x00, 0x00, 0x00, 0x00, 0x00, 0x00, 0x00, 0x00, 0x00, 0x00, 0x00, 0x00, 0x00, 0x00, 0x00,
    0x00, 0x00, 0x00, 0x00, 0x00, 0x00, 0x00, 0x00, 0x00, 0x00, 0x00, 0x00, 0x00, 0x00, 0x00, 0x00,
    0x00, 0x00, 0x00, 0x00, 0x00, 0x00, 0x00, 0x00, 0x00, 0x00, 0x00, 0x00, 0x00, 0x00, 0x00, 0x00,
    0x00, 0x00, 0x00, 0x00, 0x00, 0x00, 0x00, 0x00, 0x00, 0x00, 0x00, 0x00, 0x00, 0x00, 0x00, 0x00,
    0x00, 0x00, 0x00, 0x00, 0x00, 0x00, 0x00, 0x00, 0x00, 0x00, 0x00, 0x00, 0x00, 0x00, 0x00, 0x00,
    0x00, 0x00, 0x00, 0x00, 0x00, 0x00, 0x00, 0x00, 0x00, 0x00, 0x00, 0x00, 0x00, 0x00, 0x00, 0x00,
    0x00, 0x00, 0x00, 0x00, 0x00, 0x00, 0x00, 0x00, 0x00, 0x00, 0x00, 0x00, 0x00, 0x00, 0x00, 0x00,
    0x00, 0x00, 0x00, 0x00, 0x00, 0x00, 0x00, 0x00, 0x00, 0x00, 0x00, 0x00, 0x00, 0x00, 0x00, 0x00,
    0x00, 0x00, 0x00, 0x00, 0x00, 0x00, 0x00, 0x00, 0x00, 0x00, 0x00, 0x00, 0x00, 0x00, 0x00, 0x00,
    0x00, 0x00, 0x00, 0x00, 0x00, 0x00, 0x00, 0x00, 0x00, 0x00, 0x00, 0x00, 0x00, 0x00, 0x00, 0x00,
    0x00, 0x00, 0x00, 0x00, 0x00, 0x00, 0x00, 0x00, 0x00, 0x00, 0x00, 0x00, 0x00, 0x00, 0x00, 0x00,
    0x00, 0x00, 0x00, 0x00, 0x00, 0x00, 0x00, 0x00, 0x00, 0x00, 0x00, 0x00, 0x00, 0x00, 0x00, 0x00,
    0x00, 0x00, 0x00, 0x00, 0x00, 0x00, 0x00, 0x00, 0x00, 0x00, 0x00, 0x00, 0x00, 0x00, 0x00, 0x00,
    0x00, 0x00, 0x00, 0x00, 0x00, 0x00, 0x00, 0x00, 0x00, 0x00, 0x00, 0x00, 0x00, 0x00, 0x00, 0x00,
    0x00, 0x00, 0x00, 0x00, 0x00, 0x00, 0x00, 0x00, 0x00, 0x00, 0x00, 0x00, 0x00, 0x00, 0x00, 0x00,
    0x00, 0x00, 0x00, 0x00, 0x00, 0x00, 0x00, 0x00, 0x00, 0x00, 0x00, 0x00, 0x00, 0x00, 0x00, 0x00,
    0x00, 0x00, 0x00, 0x00, 0x00, 0x00, 0x00, 0x00, 0x00, 0x00, 0x00, 0x00, 0x00, 0x00, 0x00, 0x00,
    0x00, 0x00, 0x00, 0x00, 0x00, 0x00, 0x00, 0x00, 0x00, 0x00, 0x00, 0x00, 0x00, 0x00, 0x00, 0x00,
    0x00, 0x00, 0x00, 0x00, 0x00, 0x00, 0x00, 0x00, 0x00, 0x00, 0x00, 0x00, 0x00, 0x00, 0x00, 0x00,
    0x00, 0x00, 0x00, 0x00, 0x00, 0x00, 0x00, 0x00, 0x00, 0x00, 0x00, 0x00, 0x00, 0x00, 0x00, 0x00,
    0x00, 0x00, 0x00, 0x00, 0x00, 0x00, 0x00, 0x00, 0x00, 0x00, 0x00, 0x00, 0x00, 0x00, 0x00, 0x00,
    0x00, 0x00, 0x00, 0x00, 0x00, 0x00, 0x00, 0x00, 0x00, 0x00, 0x00, 0x00, 0x00, 0x00, 0x00, 0x00,
    0x00, 0x00, 0x00, 0x00, 0x00, 0x00, 0x00, 0x00, 0x00, 0x00, 0x00, 0x00, 0x00, 0x00, 0x00, 0x00,
    0x00, 0x00, 0x00, 0x00, 0x00, 0x00, 0x00, 0x00, 0x00, 0x00, 0x00, 0x00, 0x00, 0x00, 0x00, 0x00,
    0x00, 0x00, 0x00, 0x00, 0x00, 0x00, 0x00, 0x00, 0x00, 0x00, 0x00, 0x00, 0x00, 0x00, 0x00, 0x00,
    0x00, 0x00, 0x00, 0x00, 0x00, 0x00, 0x00, 0x00, 0x00, 0x00, 0x00, 0x00, 0x00, 0x00, 0x00, 0x00,
    0x00, 0x00, 0x00, 0x00, 0x00, 0x00, 0x00, 0x00, 0x00, 0x00, 0x00, 0x00, 0x00, 0x00, 0x00, 0x00,
    0x00, 0x00, 0x00, 0x00, 0x00, 0x00, 0x00, 0x00, 0x00, 0x00, 0x00, 0x00, 0x00, 0x00, 0x00, 0x00,
    0x00, 0x00, 0x00, 0x00, 0x00, 0x00, 0x00, 0x00, 0x00, 0x00, 0x00, 0x00, 0x00, 0x00, 0x00, 0x00,
    0x00, 0x00, 0x00, 0x00, 0x00, 0x00, 0x00, 0x00, 0x00, 0x00, 0x00, 0x00, 0x00, 0x00, 0x00, 0x00,
    0x00, 0x00, 0x00, 0x00, 0x00, 0x00, 0x00, 0x00, 0x00, 0x00, 0x00, 0x00, 0x00, 0x00, 0x00, 0x00,
    0x00, 0x00, 0x00, 0x00, 0x00, 0x00, 0x00, 0x00, 0x00, 0x00, 0x00, 0x00, 0x00, 0x00, 0x00, 0x00,
    0x00, 0x00, 0x00, 0x00, 0x00, 0x00, 0x00, 0x00, 0x00, 0x00, 0x00, 0x00, 0x00, 0x00, 0x00, 0x00,
    0x00, 0x00, 0x00, 0x00, 0x00, 0x00, 0x00, 0x00, 0x00, 0x00, 0x00, 0x00, 0x00, 0x00, 0x00, 0x00,
    0x00, 0x00, 0x00, 0x00, 0x00, 0x00, 0x00, 0x00, 0x00, 0x00, 0x00, 0x00, 0x00, 0x00, 0x00, 0x00,
    0x00, 0x00, 0x00, 0x00, 0x00, 0x00, 0x00, 0x00, 0x00, 0x00, 0x00, 0x00, 0x00, 0x00, 0x00, 0x00,
    0x00, 0x00, 0x00, 0x00, 0x00, 0x00, 0x00, 0x00, 0x00, 0x00, 0x00, 0x00, 0x00, 0x00, 0x00, 0x00,
    0x00, 0x00, 0x00, 0x00, 0x00, 0x00, 0x00, 0x00, 0x00, 0x00, 0x00, 0x00, 0x00, 0x00, 0x00, 0x00,
    0x00, 0x00, 0x00, 0x00, 0x00, 0x00, 0x00, 0x00, 0x00, 0x00, 0x00, 0x00, 0x00, 0x00, 0x00, 0x00,
    0x00, 0x00, 0x00, 0x00, 0x00, 0x00, 0x00, 0x00, 0x00, 0x00, 0x00, 0x00, 0x00, 0x00, 0x00, 0x00,
    0x00, 0x00, 0x00, 0x00, 0x00, 0x00, 0x00, 0x00, 0x00, 0x00, 0x00, 0x00, 0x00, 0x00, 0x00, 0x00,
    0x00, 0x00, 0x00, 0x00, 0x00, 0x00, 0x00, 0x00, 0x00, 0x00, 0x00, 0x00, 0x00, 0x00, 0x00, 0x00,
    0x00, 0x00, 0x00, 0x00, 0x00, 0x00, 0x00, 0x00, 0x00, 0x00, 0x00, 0x00, 0x00, 0x00, 0x00, 0x00,
    0x00, 0x00, 0x00, 0x00, 0x00, 0x00, 0x00, 0x00, 0x00, 0x00, 0x00, 0x00, 0x00, 0x00, 0x00, 0x00,
    0x00, 0x00, 0x00, 0x00, 0x00, 0x00, 0x00, 0x00, 0x00, 0x00, 0x00, 0x00, 0x00, 0x00, 0x00, 0x00,
    0x00, 0x00, 0x00, 0x00, 0x00, 0x00, 0x00, 0x00, 0x00, 0x00, 0x00, 0x00, 0x00, 0x00, 0x00, 0x00,
    0x00, 0x00, 0x00, 0x00, 0x00, 0x00, 0x00, 0x00, 0x00, 0x00, 0x00, 0x00, 0x00, 0x00, 0x00, 0x00,
    0x00, 0x00, 0x00, 0x00, 0x00, 0x00, 0x00, 0x00, 0x00, 0x00, 0x00, 0x00, 0x00, 0x00, 0x00, 0x00,
    0x00, 0x00, 0x00, 0x00, 0x00, 0x00, 0x00, 0x00, 0x00, 0x00, 0x00, 0x00, 0x00, 0x00, 0x00, 0x00,
    0x00, 0x00, 0x00, 0x00, 0x00, 0x00, 0x00, 0x00, 0x00, 0x00, 0x00, 0x00, 0x00, 0x00, 0x00, 0x00,
    0x00, 0x00, 0x00, 0x00, 0x00, 0x00, 0x00, 0x00, 0x00, 0x00, 0x00, 0x00, 0x00, 0x00, 0x00, 0x00,
    0x00, 0x00, 0x00, 0x00, 0x00, 0x00, 0x00, 0x00, 0x00, 0x00, 0x00, 0x00, 0x00, 0x00, 0x00, 0x00,
    0x00, 0x00, 0x00, 0x00, 0x00, 0x00, 0x00, 0x00, 0x00, 0x00, 0x00, 0x00, 0x00, 0x00, 0x00, 0x00,
    0x00, 0x00, 0x00, 0x00, 0x00, 0x00, 0x00, 0x00, 0x00, 0x00, 0x00, 0x00, 0x00, 0x00, 0x00, 0x00,
    0x00, 0x00, 0x00, 0x00, 0x00, 0x00, 0x00, 0x00, 0x00, 0x00, 0x00, 0x00, 0x00, 0x00, 0x00, 0x00,
    0x00, 0x00, 0x00, 0x00, 0x00, 0x00, 0x00, 0x00, 0x00, 0x00, 0x00, 0x00, 0x00, 0x00, 0x00, 0x00,
    0x00, 0x00, 0x00, 0x00, 0x00, 0x00, 0x00, 0x00, 0x00, 0x00, 0x00, 0x00, 0x00, 0x00, 0x00, 0x00,
    0x00, 0x00, 0x00, 0x00, 0x00, 0x00, 0x00, 0x00, 0x00, 0x00, 0x00, 0x00, 0x00, 0x00, 0x00, 0x00,
    0x00, 0x00, 0x00, 0x00, 0x00, 0x00, 0x00, 0x00, 0x00, 0x00, 0x00, 0x00, 0x00, 0x00, 0x00, 0x00,
    0x00, 0x00, 0x00, 0x00, 0x00, 0x00, 0x00, 0x00, 0x00, 0x00, 0x00, 0x00, 0x00, 0x00, 0x00, 0x00,
    0x00, 0x00, 0x00, 0x00, 0x00, 0x00, 0x00, 0x00, 0x00, 0x00, 0x00, 0x00, 0x00, 0x00, 0x00, 0x00,
    0x00, 0x00, 0x00, 0x00, 0x00, 0x00, 0x00, 0x00, 0x00, 0x00, 0x00, 0x00, 0x00, 0x00, 0x00, 0x00,
    0x00, 0x00, 0x00, 0x00, 0x00, 0x00, 0x00, 0x00, 0x00, 0x00, 0x00, 0x00, 0x00, 0x00, 0x00, 0x00,
    0x01, 0x00, 0x00, 0x00, 0x28, 0xBE, 0x11, 0x00, 0x3C, 0x86, 0x11, 0x00, 0x00, 0x00, 0x00, 0x01,
    0x00, 0x00, 0x00, 0x00, 0x00, 0x00, 0x00, 0x00, 0x00, 0x00, 0x00, 0x00, 0x00, 0x00, 0x00, 0x00,
    0x00, 0x00, 0x00, 0x00, 0x28, 0x00, 0x00, 0x00, 0x1E, 0x00, 0x00, 0x00, 0x01, 0x00, 0x00, 0x00,
    0x01, 0x00, 0x00, 0x00, 0x28, 0x00, 0x00, 0x00, 0x1E, 0x00, 0x00, 0x00, 0x03, 0x00, 0x00, 0x00,
    0x07, 0x00, 0x00, 0x00, 0x00, 0x00, 0x00, 0x00, 0x00, 0x00, 0x00, 0x00, 0x00, 0x00, 0x00, 0x00,
    0x00, 0x03, 0x00, 0x00, 0x1E, 0x00, 0x00, 0x00, 0x0F, 0x00, 0x00, 0x00, 0x1E, 0x00, 0x00, 0x00,
    0x00, 0x80, 0x00, 0x00, 0x68, 0xA0, 0x11, 0x00, 0x00, 0x00, 0x00, 0x00, 0x40, 0xDA, 0x11, 0x00,
    0xB8, 0xDA, 0x11, 0x00, 0x30, 0xDB, 0x11, 0x00, 0x00, 0x00, 0x00, 0x00, 0x00, 0x00, 0x00, 0x00,
    0x00, 0x00, 0x00, 0x00, 0x00, 0x00, 0x00, 0x00, 0x00, 0x00, 0x00, 0x00, 0x00, 0x00, 0x00, 0x00,
    0x00, 0x00, 0x00, 0x00, 0x00, 0x00, 0x00, 0x00, 0x00, 0x00, 0x00, 0x00, 0x00, 0x00, 0x00, 0x00,
    0x00, 0x00, 0x00, 0x00, 0x00, 0x00, 0x00, 0x00, 0x00, 0x00, 0x00, 0x00, 0x00, 0x00, 0x00, 0x00,
    0x00, 0x00, 0x00, 0x00, 0x00, 0x00, 0x00, 0x00, 0x00, 0x00, 0x00, 0x00, 0x00, 0x00, 0x00, 0x00,
    0x00, 0x00, 0x00, 0x00, 0x00, 0x00, 0x00, 0x00, 0x00, 0x00, 0x00, 0x00, 0x00, 0x00, 0x00, 0x00,
    0x00, 0x00, 0x00, 0x00, 0x00, 0x00, 0x00, 0x00, 0x00, 0x00, 0x00, 0x00, 0x00, 0x00, 0x00, 0x00,
    0x00, 0x00, 0x00, 0x00, 0x00, 0x00, 0x00, 0x00, 0x00, 0x00, 0x00, 0x00, 0x00, 0x00, 0x00, 0x00,
    0x00, 0x00, 0x00, 0x00, 0x00, 0x00, 0x00, 0x00, 0x00, 0x00, 0x00, 0x00, 0x00, 0x00, 0x00, 0x00,
    0x01, 0x00, 0x00, 0x00, 0x00, 0x00, 0x00, 0x00, 0x0E, 0x33, 0xCD, 0xAB, 0x34, 0x12, 0x6D, 0xE6,
    0xEC, 0xDE, 0x05, 0x00, 0x0B, 0x00, 0x00, 0x00, 0x00, 0x00, 0x00, 0x00, 0x00, 0x00, 0x00, 0x00,
    0x00, 0x00, 0x00, 0x00, 0x00, 0x00, 0x00, 0x00, 0x00, 0x00, 0x00, 0x00, 0x00, 0x00, 0x00, 0x00,
    0x00, 0x00, 0x00, 0x00, 0x00, 0x00, 0x00, 0x00, 0x00, 0x00, 0x00, 0x00, 0x00, 0x00, 0x00, 0x00,
    0x00, 0x00, 0x00, 0x00, 0x00, 0x00, 0x00, 0x00, 0x00, 0x00, 0x00, 0x00, 0x00, 0x00, 0x00, 0x00,
    0x00, 0x00, 0x00, 0x00, 0x00, 0x00, 0x00, 0x00, 0x00, 0x00, 0x00, 0x00, 0x00, 0x00, 0x00, 0x00,
    0x00, 0x00, 0x00, 0x00, 0x00, 0x00, 0x00, 0x00, 0x00, 0x00, 0x00, 0x00, 0x00, 0x00, 0x00, 0x00,
    0x00, 0x00, 0x00, 0x00, 0x00, 0x00, 0x00, 0x00, 0x00, 0x00, 0x00, 0x00, 0x00, 0x00, 0x00, 0x00,
    0x00, 0x00, 0x00, 0x00, 0x00, 0x00, 0x00, 0x00, 0x00, 0x00, 0x00, 0x00, 0x00, 0x00, 0x00, 0x00,
    0x00, 0x00, 0x00, 0x00, 0x00, 0x00, 0x00, 0x00, 0x00, 0x00, 0x00, 0x00, 0x00, 0x00, 0x00, 0x00,
    0x00, 0x00, 0x00, 0x00, 0x00, 0x00, 0x00, 0x00, 0x00, 0x00, 0x00, 0x00, 0x00, 0x00, 0x00, 0x00,
    0x00, 0x00, 0x00, 0x00, 0x00, 0x00, 0x00, 0x00, 0x00, 0x00, 0x00, 0x00, 0x00, 0x00, 0x00, 0x00,
    0x00, 0x00, 0x00, 0x00, 0x00, 0x00, 0x00, 0x00, 0x00, 0x00, 0x00, 0x00, 0x00, 0x00, 0x00, 0x00,
    0x00, 0x00, 0x00, 0x00, 0x00, 0x00, 0x00, 0x00, 0x00, 0x00, 0x00, 0x00, 0x00, 0x00, 0x00, 0x00,
    0x00, 0x00, 0x00, 0x00, 0x00, 0x00, 0x00, 0x00, 0x00, 0x00, 0x00, 0x00, 0x00, 0x00, 0x00, 0x00,
    0x00, 0x00, 0x00, 0x00, 0x00, 0x00, 0x00, 0x00, 0x00, 0x00, 0x00, 0x00, 0x00, 0x00, 0x00, 0x00,
    0x00, 0x00, 0x00, 0x00, 0x00, 0x00, 0x00, 0x00, 0x00, 0x00, 0x00, 0x00, 0x00, 0x00, 0x00, 0x00,
    0x00, 0x00, 0x00, 0x00, 0x00, 0x00, 0x00, 0x00, 0x00, 0x00, 0x00, 0x00, 0x00, 0x00, 0x00, 0x00,
    0x00, 0x00, 0x00, 0x00, 0x00, 0x00, 0x00, 0x00, 0x00, 0x00, 0x00, 0x00, 0x00, 0x00, 0x00, 0x00,
    0x00, 0x00, 0x00, 0x00, 0x00, 0x00, 0x00, 0x00, 0x00, 0x00, 0x00, 0x00, 0x00, 0x00, 0x00, 0x00,
    0x00, 0x00, 0x00, 0x00, 0x00, 0x00, 0x00, 0x00, 0x00, 0x00, 0x00, 0x00, 0x00, 0x00, 0x00, 0x00,
    0x00, 0x00, 0x00, 0x00, 0x00, 0x00, 0x00, 0x00, 0x00, 0x00, 0x00, 0x00, 0x00, 0x00, 0x00, 0x00,
    0x00, 0x00, 0x00, 0x00, 0x00, 0x00, 0x00, 0x00, 0xFF, 0xFF, 0xFF, 0xFF, 0x00, 0x00, 0x02, 0x00,
    0x00, 0x00, 0x00, 0x00, 0x00, 0x00, 0x00, 0x00, 0x70, 0xA2, 0x11, 0x00, 0x70, 0xA2, 0x11, 0x00,
    0x78, 0xA2, 0x11, 0x00, 0x78, 0xA2, 0x11, 0x00, 0x80, 0xA2, 0x11, 0x00, 0x80, 0xA2, 0x11, 0x00,
    0x88, 0xA2, 0x11, 0x00, 0x88, 0xA2, 0x11, 0x00, 0x90, 0xA2, 0x11, 0x00, 0x90, 0xA2, 0x11, 0x00,
    0x98, 0xA2, 0x11, 0x00, 0x98, 0xA2, 0x11, 0x00, 0xA0, 0xA2, 0x11, 0x00, 0xA0, 0xA2, 0x11, 0x00,
    0xA8, 0xA2, 0x11, 0x00, 0xA8, 0xA2, 0x11, 0x00, 0xB0, 0xA2, 0x11, 0x00, 0xB0, 0xA2, 0x11, 0x00,
    0xB8, 0xA2, 0x11, 0x00, 0xB8, 0xA2, 0x11, 0x00, 0xC0, 0xA2, 0x11, 0x00, 0xC0, 0xA2, 0x11, 0x00,
    0xC8, 0xA2, 0x11, 0x00, 0xC8, 0xA2, 0x11, 0x00, 0xD0, 0xA2, 0x11, 0x00, 0xD0, 0xA2, 0x11, 0x00,
    0xD8, 0xA2, 0x11, 0x00, 0xD8, 0xA2, 0x11, 0x00, 0xE0, 0xA2, 0x11, 0x00, 0xE0, 0xA2, 0x11, 0x00,
    0xE8, 0xA2, 0x11, 0x00, 0xE8, 0xA2, 0x11, 0x00, 0xF0, 0xA2, 0x11, 0x00, 0xF0, 0xA2, 0x11, 0x00,
    0xF8, 0xA2, 0x11, 0x00, 0xF8, 0xA2, 0x11, 0x00, 0x00, 0xA3, 0x11, 0x00, 0x00, 0xA3, 0x11, 0x00,
    0x08, 0xA3, 0x11, 0x00, 0x08, 0xA3, 0x11, 0x00, 0x10, 0xA3, 0x11, 0x00, 0x10, 0xA3, 0x11, 0x00,
    0x18, 0xA3, 0x11, 0x00, 0x18, 0xA3, 0x11, 0x00, 0x20, 0xA3, 0x11, 0x00, 0x20, 0xA3, 0x11, 0x00,
    0x28, 0xA3, 0x11, 0x00, 0x28, 0xA3, 0x11, 0x00, 0x30, 0xA3, 0x11, 0x00, 0x30, 0xA3, 0x11, 0x00,
    0x38, 0xA3, 0x11, 0x00, 0x38, 0xA3, 0x11, 0x00, 0x40, 0xA3, 0x11, 0x00, 0x40, 0xA3, 0x11, 0x00,
    0x48, 0xA3, 0x11, 0x00, 0x48, 0xA3, 0x11, 0x00, 0x50, 0xA3, 0x11, 0x00, 0x50, 0xA3, 0x11, 0x00,
    0x58, 0xA3, 0x11, 0x00, 0x58, 0xA3, 0x11, 0x00, 0x60, 0xA3, 0x11, 0x00, 0x60, 0xA3, 0x11, 0x00,
    0x68, 0xA3, 0x11, 0x00, 0x68, 0xA3, 0x11, 0x00, 0x70, 0xA3, 0x11, 0x00, 0x70, 0xA3, 0x11, 0x00,
    0x78, 0xA3, 0x11, 0x00, 0x78, 0xA3, 0x11, 0x00, 0x80, 0xA3, 0x11, 0x00, 0x80, 0xA3, 0x11, 0x00,
    0x88, 0xA3, 0x11, 0x00, 0x88, 0xA3, 0x11, 0x00, 0x90, 0xA3, 0x11, 0x00, 0x90, 0xA3, 0x11, 0x00,
    0x98, 0xA3, 0x11, 0x00, 0x98, 0xA3, 0x11, 0x00, 0xA0, 0xA3, 0x11, 0x00, 0xA0, 0xA3, 0x11, 0x00,
    0xA8, 0xA3, 0x11, 0x00, 0xA8, 0xA3, 0x11, 0x00, 0xB0, 0xA3, 0x11, 0x00, 0xB0, 0xA3, 0x11, 0x00,
    0xB8, 0xA3, 0x11, 0x00, 0xB8, 0xA3, 0x11, 0x00, 0xC0, 0xA3, 0x11, 0x00, 0xC0, 0xA3, 0x11, 0x00,
    0xC8, 0xA3, 0x11, 0x00, 0xC8, 0xA3, 0x11, 0x00, 0xD0, 0xA3, 0x11, 0x00, 0xD0, 0xA3, 0x11, 0x00,
    0xD8, 0xA3, 0x11, 0x00, 0xD8, 0xA3, 0x11, 0x00, 0xE0, 0xA3, 0x11, 0x00, 0xE0, 0xA3, 0x11, 0x00,
    0xE8, 0xA3, 0x11, 0x00, 0xE8, 0xA3, 0x11, 0x00, 0xF0, 0xA3, 0x11, 0x00, 0xF0, 0xA3, 0x11, 0x00,
    0xF8, 0xA3, 0x11, 0x00, 0xF8, 0xA3, 0x11, 0x00, 0x00, 0xA4, 0x11, 0x00, 0x00, 0xA4, 0x11, 0x00,
    0x08, 0xA4, 0x11, 0x00, 0x08, 0xA4, 0x11, 0x00, 0x10, 0xA4, 0x11, 0x00, 0x10, 0xA4, 0x11, 0x00,
    0x18, 0xA4, 0x11, 0x00, 0x18, 0xA4, 0x11, 0x00, 0x20, 0xA4, 0x11, 0x00, 0x20, 0xA4, 0x11, 0x00,
    0x28, 0xA4, 0x11, 0x00, 0x28, 0xA4, 0x11, 0x00, 0x30, 0xA4, 0x11, 0x00, 0x30, 0xA4, 0x11, 0x00,
    0x38, 0xA4, 0x11, 0x00, 0x38, 0xA4, 0x11, 0x00, 0x40, 0xA4, 0x11, 0x00, 0x40, 0xA4, 0x11, 0x00,
    0x48, 0xA4, 0x11, 0x00, 0x48, 0xA4, 0x11, 0x00, 0x50, 0xA4, 0x11, 0x00, 0x50, 0xA4, 0x11, 0x00,
    0x58, 0xA4, 0x11, 0x00, 0x58, 0xA4, 0x11, 0x00, 0x60, 0xA4, 0x11, 0x00, 0x60, 0xA4, 0x11, 0x00,
    0x68, 0xA4, 0x11, 0x00, 0x68, 0xA4, 0x11, 0x00, 0x70, 0xA4, 0x11, 0x00, 0x70, 0xA4, 0x11, 0x00,
    0x78, 0xA4, 0x11, 0x00, 0x78, 0xA4, 0x11, 0x00, 0x80, 0xA4, 0x11, 0x00, 0x80, 0xA4, 0x11, 0x00,
    0x88, 0xA4, 0x11, 0x00, 0x88, 0xA4, 0x11, 0x00, 0x90, 0xA4, 0x11, 0x00, 0x90, 0xA4, 0x11, 0x00,
    0x98, 0xA4, 0x11, 0x00, 0x98, 0xA4, 0x11, 0x00, 0xA0, 0xA4, 0x11, 0x00, 0xA0, 0xA4, 0x11, 0x00,
    0xA8, 0xA4, 0x11, 0x00, 0xA8, 0xA4, 0x11, 0x00, 0xB0, 0xA4, 0x11, 0x00, 0xB0, 0xA4, 0x11, 0x00,
    0xB8, 0xA4, 0x11, 0x00, 0xB8, 0xA4, 0x11, 0x00, 0xC0, 0xA4, 0x11, 0x00, 0xC0, 0xA4, 0x11, 0x00,
    0xC8, 0xA4, 0x11, 0x00, 0xC8, 0xA4, 0x11, 0x00, 0xD0, 0xA4, 0x11, 0x00, 0xD0, 0xA4, 0x11, 0x00,
    0xD8, 0xA4, 0x11, 0x00, 0xD8, 0xA4, 0x11, 0x00, 0xE0, 0xA4, 0x11, 0x00, 0xE0, 0xA4, 0x11, 0x00,
    0xE8, 0xA4, 0x11, 0x00, 0xE8, 0xA4, 0x11, 0x00, 0xF0, 0xA4, 0x11, 0x00, 0xF0, 0xA4, 0x11, 0x00,
    0xF8, 0xA4, 0x11, 0x00, 0xF8, 0xA4, 0x11, 0x00, 0x00, 0xA5, 0x11, 0x00, 0x00, 0xA5, 0x11, 0x00,
    0x08, 0xA5, 0x11, 0x00, 0x08, 0xA5, 0x11, 0x00, 0x10, 0xA5, 0x11, 0x00, 0x10, 0xA5, 0x11, 0x00,
    0x18, 0xA5, 0x11, 0x00, 0x18, 0xA5, 0x11, 0x00, 0x20, 0xA5, 0x11, 0x00, 0x20, 0xA5, 0x11, 0x00,
    0x28, 0xA5, 0x11, 0x00, 0x28, 0xA5, 0x11, 0x00, 0x30, 0xA5, 0x11, 0x00, 0x30, 0xA5, 0x11, 0x00,
    0x38, 0xA5, 0x11, 0x00, 0x38, 0xA5, 0x11, 0x00, 0x40, 0xA5, 0x11, 0x00, 0x40, 0xA5, 0x11, 0x00,
    0x48, 0xA5, 0x11, 0x00, 0x48, 0xA5, 0x11, 0x00, 0x50, 0xA5, 0x11, 0x00, 0x50, 0xA5, 0x11, 0x00,
    0x58, 0xA5, 0x11, 0x00, 0x58, 0xA5, 0x11, 0x00, 0x60, 0xA5, 0x11, 0x00, 0x60, 0xA5, 0x11, 0x00,
    0x68, 0xA5, 0x11, 0x00, 0x68, 0xA5, 0x11, 0x00, 0x70, 0xA5, 0x11, 0x00, 0x70, 0xA5, 0x11, 0x00,
    0x78, 0xA5, 0x11, 0x00, 0x78, 0xA5, 0x11, 0x00, 0x80, 0xA5, 0x11, 0x00, 0x80, 0xA5, 0x11, 0x00,
    0x88, 0xA5, 0x11, 0x00, 0x88, 0xA5, 0x11, 0x00, 0x90, 0xA5, 0x11, 0x00, 0x90, 0xA5, 0x11, 0x00,
    0x98, 0xA5, 0x11, 0x00, 0x98, 0xA5, 0x11, 0x00, 0xA0, 0xA5, 0x11, 0x00, 0xA0, 0xA5, 0x11, 0x00,
    0xA8, 0xA5, 0x11, 0x00, 0xA8, 0xA5, 0x11, 0x00, 0xB0, 0xA5, 0x11, 0x00, 0xB0, 0xA5, 0x11, 0x00,
    0xB8, 0xA5, 0x11, 0x00, 0xB8, 0xA5, 0x11, 0x00, 0xC0, 0xA5, 0x11, 0x00, 0xC0, 0xA5, 0x11, 0x00,
    0xC8, 0xA5, 0x11, 0x00, 0xC8, 0xA5, 0x11, 0x00, 0xD0, 0xA5, 0x11, 0x00, 0xD0, 0xA5, 0x11, 0x00,
    0xD8, 0xA5, 0x11, 0x00, 0xD8, 0xA5, 0x11, 0x00, 0xE0, 0xA5, 0x11, 0x00, 0xE0, 0xA5, 0x11, 0x00,
    0xE8, 0xA5, 0x11, 0x00, 0xE8, 0xA5, 0x11, 0x00, 0xF0, 0xA5, 0x11, 0x00, 0xF0, 0xA5, 0x11, 0x00,
    0xF8, 0xA5, 0x11, 0x00, 0xF8, 0xA5, 0x11, 0x00, 0x00, 0xA6, 0x11, 0x00, 0x00, 0xA6, 0x11, 0x00,
    0x08, 0xA6, 0x11, 0x00, 0x08, 0xA6, 0x11, 0x00, 0x10, 0xA6, 0x11, 0x00, 0x10, 0xA6, 0x11, 0x00,
    0x18, 0xA6, 0x11, 0x00, 0x18, 0xA6, 0x11, 0x00, 0x20, 0xA6, 0x11, 0x00, 0x20, 0xA6, 0x11, 0x00,
    0x28, 0xA6, 0x11, 0x00, 0x28, 0xA6, 0x11, 0x00, 0x30, 0xA6, 0x11, 0x00, 0x30, 0xA6, 0x11, 0x00,
    0x38, 0xA6, 0x11, 0x00, 0x38, 0xA6, 0x11, 0x00, 0x40, 0xA6, 0x11, 0x00, 0x40, 0xA6, 0x11, 0x00,
    0x48, 0xA6, 0x11, 0x00, 0x48, 0xA6, 0x11, 0x00, 0x50, 0xA6, 0x11, 0x00, 0x50, 0xA6, 0x11, 0x00,
    0x58, 0xA6, 0x11, 0x00, 0x58, 0xA6, 0x11, 0x00, 0x60, 0xA6, 0x11, 0x00, 0x60, 0xA6, 0x11, 0x00,
    0x68, 0xA6, 0x11, 0x00, 0x68, 0xA6, 0x11, 0x00, 0x00, 0x00, 0x00, 0x00, 0x03, 0x00, 0x00, 0x00,
    0x40, 0xDA, 0x11, 0x00, 0x43, 0x00, 0x00, 0x00, 0x00, 0x00, 0x00, 0x00, 0x00, 0x00, 0x00, 0x00,
    0x00, 0x00, 0x00, 0x00, 0x00, 0x00, 0x00, 0x00, 0x00, 0x00, 0x00, 0x00, 0x00, 0x00, 0x00, 0x00,
    0x00, 0x00, 0x00, 0x00, 0x43, 0x00, 0x00, 0x00, 0x00, 0x00, 0x00, 0x00, 0x00, 0x00, 0x00, 0x00,
    0x00, 0x00, 0x00, 0x00, 0x00, 0x00, 0x00, 0x00, 0x00, 0x00, 0x00, 0x00, 0x00, 0x00, 0x00, 0x00,
    0x00, 0x00, 0x00, 0x00, 0x43, 0x2E, 0x55, 0x54, 0x46, 0x2D, 0x38, 0x00, 0x00, 0x00, 0x00, 0x00,
    0x00, 0x00, 0x00, 0x00, 0x00, 0x00, 0x00, 0x00, 0x00, 0x00, 0x00, 0x00, 0x00, 0x00, 0x00, 0x00,
    0x00, 0x00, 0x00, 0x00, 0x43, 0x00, 0x00, 0x00, 0x00, 0x00, 0x00, 0x00, 0x00, 0x00, 0x00, 0x00,
    0x00, 0x00, 0x00, 0x00, 0x00, 0x00, 0x00, 0x00, 0x00, 0x00, 0x00, 0x00, 0x00, 0x00, 0x00, 0x00,
    0x00, 0x00, 0x00, 0x00, 0x43, 0x00, 0x00, 0x00, 0x00, 0x00, 0x00, 0x00, 0x00, 0x00, 0x00, 0x00,
    0x00, 0x00, 0x00, 0x00, 0x00, 0x00, 0x00, 0x00, 0x00, 0x00, 0x00, 0x00, 0x00, 0x00, 0x00, 0x00,
    0x00, 0x00, 0x00, 0x00, 0x43, 0x00, 0x00, 0x00, 0x00, 0x00, 0x00, 0x00, 0x00, 0x00, 0x00, 0x00,
    0x00, 0x00, 0x00, 0x00, 0x00, 0x00, 0x00, 0x00, 0x00, 0x00, 0x00, 0x00, 0x00, 0x00, 0x00, 0x00,
    0x00, 0x00, 0x00, 0x00, 0x43, 0x00, 0x00, 0x00, 0x00, 0x00, 0x00, 0x00, 0x00, 0x00, 0x00, 0x00,
    0x00, 0x00, 0x00, 0x00, 0x00, 0x00, 0x00, 0x00, 0x00, 0x00, 0x00, 0x00, 0x00, 0x00, 0x00, 0x00,
    0x00, 0x00, 0x00, 0x00, 0x43, 0x2F, 0x43, 0x2E, 0x55, 0x54, 0x46, 0x2D, 0x38, 0x2F, 0x43, 0x2F,
    0x43, 0x2F, 0x43, 0x2F, 0x43, 0x00, 0x00, 0x00, 0x00, 0x00, 0x00, 0x00, 0x00, 0x00, 0x00, 0x00,
    0x00, 0x00, 0x00, 0x00, 0x00, 0x00, 0x00, 0x00, 0x00, 0x00, 0x00, 0x00, 0x00, 0x00, 0x00, 0x00,
    0x00, 0x00, 0x00, 0x00, 0x00, 0x00, 0x00, 0x00, 0x00, 0x00, 0x00, 0x00, 0x00, 0x00, 0x00, 0x00,
    0x00, 0x00, 0x00, 0x00, 0x00, 0x00, 0x00, 0x00, 0x00, 0x00, 0x00, 0x00, 0x00, 0x00, 0x00, 0x00,
    0x00, 0x00, 0x00, 0x00, 0x00, 0x00, 0x00, 0x00, 0x00, 0x00, 0x00, 0x00, 0x00, 0x00, 0x00, 0x00,
    0x00, 0x00, 0x00, 0x00, 0x00, 0x00, 0x00, 0x00, 0x00, 0x00, 0x00, 0x00, 0x00, 0x00, 0x00, 0x00,
    0x00, 0x00, 0x00, 0x00, 0x00, 0x00, 0x00, 0x00, 0x00, 0x00, 0x00, 0x00, 0x00, 0x00, 0x00, 0x00,
    0x00, 0x00, 0x00, 0x00, 0x00, 0x00, 0x00, 0x00, 0x00, 0x00, 0x00, 0x00, 0x00, 0x00, 0x00, 0x00,
    0x00, 0x00, 0x00, 0x00, 0x00, 0x00, 0x00, 0x00, 0x00, 0x00, 0x00, 0x00, 0x00, 0x00, 0x00, 0x00,
    0x00, 0x00, 0x00, 0x00, 0x00, 0x00, 0x00, 0x00, 0x00, 0x00, 0x00, 0x00, 0x00, 0x00, 0x00, 0x00,
    0x00, 0x00, 0x00, 0x00, 0x00, 0x00, 0x00, 0x00, 0x00, 0x00, 0x00, 0x00, 0x00, 0x00, 0x00, 0x00,
    0x00, 0x00, 0x00, 0x00, 0x00, 0x00, 0x00, 0x00, 0x00, 0x00, 0x00, 0x00, 0x00, 0x00, 0x00, 0x00,
    0x00, 0x00, 0x00, 0x00, 0x00, 0x00, 0x00, 0x00, 0x00, 0x00, 0x00, 0x00, 0x00, 0x00, 0x00, 0x00,
    0x00, 0x00, 0x00, 0x00, 0x00, 0x00, 0x00, 0x00, 0x00, 0x00, 0x00, 0x00, 0x8C, 0x22, 0x11, 0x00,
    0x00, 0x32, 0x11, 0x00, 0x00, 0x00, 0x00, 0x00, 0xEC, 0x8E, 0x11, 0x00, 0x50, 0x81, 0x11, 0x00,
    0x40, 0x82, 0x11, 0x00, 0x40, 0x82, 0x11, 0x00, 0x40, 0x82, 0x11, 0x00, 0x40, 0x82, 0x11, 0x00,
    0x40, 0x82, 0x11, 0x00, 0x40, 0x82, 0x11, 0x00, 0x40, 0x82, 0x11, 0x00, 0x40, 0x82, 0x11, 0x00,
    0x40, 0x82, 0x11, 0x00, 0xFF, 0xFF, 0xFF, 0xFF, 0xFF, 0xFF, 0xFF, 0xFF, 0xFF, 0xFF, 0xFF, 0xFF,
    0xFF, 0xFF, 0x00, 0x00, 0x06, 0x00, 0x55, 0x54, 0x46, 0x2D, 0x38, 0x00, 0x00, 0x00, 0x00, 0x00,
    0x00, 0x00, 0x00, 0x00, 0x00, 0x00, 0x00, 0x00, 0x00, 0x00, 0x00, 0x00, 0x00, 0x00, 0x00, 0x00,
    0x00, 0x00, 0x00, 0x00, 0x00, 0x00, 0x55, 0x54, 0x46, 0x2D, 0x38, 0x00, 0x00, 0x00, 0x00, 0x00,
    0x00, 0x00, 0x00, 0x00, 0x00, 0x00, 0x00, 0x00, 0x00, 0x00, 0x00, 0x00, 0x00, 0x00, 0x00, 0x00,
    0x00, 0x00, 0x00, 0x00, 0x00, 0x00, 0x00, 0x00, 0x2F, 0x00, 0x00, 0x00, 0x00, 0x00, 0x00, 0x00,
    0x00, 0x00, 0x00, 0x00, 0x00, 0x00, 0x00, 0x00, 0x00, 0x00, 0x00, 0x00, 0x00, 0x00, 0x00, 0x00,
    0x00, 0x00, 0x00, 0x00, 0x00, 0x00, 0x00, 0x00, 0x00, 0x00, 0x00, 0x00, 0x00, 0x00, 0x00, 0x00,
    0x00, 0x00, 0x00, 0x00, 0x00, 0x00, 0x00, 0x00, 0x00, 0x00, 0x00, 0x00, 0x00, 0x00, 0x00, 0x00,
    0x00, 0x00, 0x00, 0x00, 0x00, 0x00, 0x00, 0x00, 0x00, 0x00, 0x00, 0x00, 0x00, 0x00, 0x00, 0x00,
    0x00, 0x00, 0x00, 0x00, 0x00, 0x00, 0x00, 0x00, 0x00, 0x00, 0x00, 0x00, 0x00, 0x00, 0x00, 0x00,
    0x00, 0x00, 0x00, 0x00, 0x00, 0x00, 0x00, 0x00, 0x00, 0x00, 0x00, 0x00, 0x00, 0x00, 0x00, 0x00,
    0x00, 0x00, 0x00, 0x00, 0x00, 0x00, 0x00, 0x00, 0x00, 0x00, 0x00, 0x00, 0x00, 0x00, 0x00, 0x00,
    0x00, 0x00, 0x00, 0x00, 0x00, 0x00, 0x00, 0x00, 0x00, 0x00, 0x00, 0x00, 0x00, 0x00, 0x00, 0x00,
    0x00, 0x00, 0x00, 0x00, 0x00, 0x00, 0x00, 0x00, 0x00, 0x00, 0x00, 0x00, 0x00, 0x00, 0x00, 0x00,
    0x00, 0x00, 0x00, 0x00, 0x00, 0x00, 0x00, 0x00, 0x00, 0x00, 0x00, 0x00, 0x00, 0x00, 0x00, 0x00,
    0x00, 0x00, 0x00, 0x00, 0x00, 0x00, 0x00, 0x00, 0x00, 0x00, 0x00, 0x00, 0x00, 0x00, 0x00, 0x00,
    0x00, 0x00, 0x00, 0x00, 0x00, 0x00, 0x00, 0x00, 0x00, 0x00, 0x00, 0x00, 0x00, 0x00, 0x00, 0x00,
    0x00, 0x00, 0x00, 0x00, 0x00, 0x00, 0x00, 0x00, 0x00, 0x00, 0x00, 0x00, 0x00, 0x00, 0x00, 0x00,
    0x00, 0x00, 0x00, 0x00, 0x00, 0x00, 0x00, 0x00, 0x00, 0x00, 0x00, 0x00, 0x00, 0x00, 0x00, 0x00,
    0x00, 0x00, 0x00, 0x00, 0x00, 0x00, 0x00, 0x00, 0x00, 0x00, 0x00, 0x00, 0x00, 0x00, 0x00, 0x00,
    0x00, 0x00, 0x00, 0x00, 0x00, 0x00, 0x00, 0x00, 0x00, 0x00, 0x00, 0x00, 0x00, 0x00, 0x00, 0x00,
    0x00, 0x00, 0x00, 0x00, 0x00, 0x00, 0x00, 0x00, 0x00, 0x00, 0x00, 0x00, 0x00, 0x00, 0x00, 0x00,
    0x00, 0x00, 0x00, 0x00, 0x00, 0x00, 0x00, 0x00, 0x00, 0x00, 0x00, 0x00, 0x00, 0x00, 0x00, 0x00,
    0x00, 0x00, 0x00, 0x00, 0x00, 0x00, 0x00, 0x00, 0x00, 0x00, 0x00, 0x00, 0x00, 0x00, 0x00, 0x00,
    0x00, 0x00, 0x00, 0x00, 0x00, 0x00, 0x00, 0x00, 0x00, 0x00, 0x00, 0x00, 0x00, 0x00, 0x00, 0x00,
    0x00, 0x00, 0x00, 0x00, 0x00, 0x00, 0x00, 0x00, 0x00, 0x00, 0x00, 0x00, 0x00, 0x00, 0x00, 0x00,
    0x00, 0x00, 0x00, 0x00, 0x00, 0x00, 0x00, 0x00, 0x00, 0x00, 0x00, 0x00, 0x00, 0x00, 0x00, 0x00,
    0x00, 0x00, 0x00, 0x00, 0x00, 0x00, 0x00, 0x00, 0x00, 0x00, 0x00, 0x00, 0x00, 0x00, 0x00, 0x00,
    0x00, 0x00, 0x00, 0x00, 0x00, 0x00, 0x00, 0x00, 0x00, 0x00, 0x00, 0x00, 0x00, 0x00, 0x00, 0x00,
    0x00, 0x00, 0x00, 0x00, 0x00, 0x00, 0x00, 0x00, 0x00, 0x00, 0x00, 0x00, 0x00, 0x00, 0x00, 0x00,
    0x00, 0x00, 0x00, 0x00, 0x00, 0x00, 0x00, 0x00, 0x00, 0x00, 0x00, 0x00, 0x00, 0x00, 0x00, 0x00,
    0x00, 0x00, 0x00, 0x00, 0x00, 0x00, 0x00, 0x00, 0x00, 0x00, 0x00, 0x00, 0x00, 0x00, 0x00, 0x00,
    0x00, 0x00, 0x00, 0x00, 0x00, 0x00, 0x00, 0x00, 0x00, 0x00, 0x00, 0x00, 0x00, 0x00, 0x00, 0x00,
    0x00, 0x00, 0x00, 0x00, 0x00, 0x00, 0x00, 0x00, 0x00, 0x00, 0x00, 0x00, 0x00, 0x00, 0x00, 0x00,
    0x00, 0x00, 0x00, 0x00, 0x00, 0x00, 0x00, 0x00, 0x00, 0x00, 0x00, 0x00, 0x00, 0x00, 0x00, 0x00,
    0x00, 0x00, 0x00, 0x00, 0x00, 0x00, 0x00, 0x00, 0x00, 0x00, 0x00, 0x00, 0x00, 0x00, 0x00, 0x00,
    0x00, 0x00, 0x00, 0x00, 0x00, 0x00, 0x00, 0x00, 0x00, 0x00, 0x00, 0x00, 0x00, 0x00, 0x00, 0x00,
    0x00, 0x00, 0x00, 0x00, 0x00, 0x00, 0x00, 0x00, 0x00, 0x00, 0x00, 0x00, 0x00, 0x00, 0x00, 0x00,
    0x00, 0x00, 0x00, 0x00, 0x00, 0x00, 0x00, 0x00, 0x00, 0x00, 0x00, 0x00, 0x00, 0x00, 0x00, 0x00,
    0x00, 0x00, 0x00, 0x00, 0x00, 0x00, 0x00, 0x00, 0x00, 0x00, 0x00, 0x00, 0x00, 0x00, 0x00, 0x00,
    0x00, 0x00, 0x00, 0x00, 0x00, 0x00, 0x00, 0x00, 0x00, 0x00, 0x00, 0x00, 0x00, 0x00, 0x00, 0x00,
    0x00, 0x00, 0x00, 0x00, 0x00, 0x00, 0x00, 0x00, 0x00, 0x00, 0x00, 0x00, 0x00, 0x00, 0x00, 0x00,
    0x00, 0x00, 0x00, 0x00, 0x00, 0x00, 0x00, 0x00, 0x00, 0x00, 0x00, 0x00, 0x00, 0x00, 0x00, 0x00,
    0x00, 0x00, 0x00, 0x00, 0x00, 0x00, 0x00, 0x00, 0x00, 0x00, 0x00, 0x00, 0x00, 0x00, 0x00, 0x00,
    0x00, 0x00, 0x00, 0x00, 0x00, 0x00, 0x00, 0x00, 0x00, 0x00, 0x00, 0x00, 0x00, 0x00, 0x00, 0x00,
    0x00, 0x00, 0x00, 0x00, 0x00, 0x00, 0x00, 0x00, 0x00, 0x00, 0x00, 0x00, 0x00, 0x00, 0x00, 0x00,
    0x00, 0x00, 0x00, 0x00, 0x00, 0x00, 0x00, 0x00, 0x00, 0x00, 0x00, 0x00, 0x00, 0x00, 0x00, 0x00,
    0x00, 0x00, 0x00, 0x00, 0x00, 0x00, 0x00, 0x00, 0x00, 0x00, 0x00, 0x00, 0x00, 0x00, 0x00, 0x00,
    0x00, 0x00, 0x00, 0x00, 0x00, 0x00, 0x00, 0x00, 0x00, 0x00, 0x00, 0x00, 0x00, 0x00, 0x00, 0x00,
    0x00, 0x00, 0x00, 0x00, 0x00, 0x00, 0x00, 0x00, 0x00, 0x00, 0x00, 0x00, 0x00, 0x00, 0x00, 0x00,
    0x00, 0x00, 0x00, 0x00, 0x00, 0x00, 0x00, 0x00, 0x00, 0x00, 0x00, 0x00, 0x00, 0x00, 0x00, 0x00,
    0x00, 0x00, 0x00, 0x00, 0x00, 0x00, 0x00, 0x00, 0x00, 0x00, 0x00, 0x00, 0x00, 0x00, 0x00, 0x00,
    0x00, 0x00, 0x00, 0x00, 0x00, 0x00, 0x00, 0x00, 0x00, 0x00, 0x00, 0x00, 0x00, 0x00, 0x00, 0x00,
    0x00, 0x00, 0x00, 0x00, 0x00, 0x00, 0x00, 0x00, 0x00, 0x00, 0x00, 0x00, 0x00, 0x00, 0x00, 0x00,
    0x00, 0x00, 0x00, 0x00, 0x00, 0x00, 0x00, 0x00, 0x00, 0x00, 0x00, 0x00, 0x00, 0x00, 0x00, 0x00,
    0x00, 0x00, 0x00, 0x00, 0x00, 0x00, 0x00, 0x00, 0x00, 0x00, 0x00, 0x00, 0x00, 0x00, 0x00, 0x00,
    0x00, 0x00, 0x00, 0x00, 0x00, 0x00, 0x00, 0x00, 0x00, 0x00, 0x00, 0x00, 0x00, 0x00, 0x00, 0x00,
    0x00, 0x00, 0x00, 0x00, 0x00, 0x00, 0x00, 0x00, 0x00, 0x00, 0x00, 0x00, 0x00, 0x00, 0x00, 0x00,
    0x00, 0x00, 0x00, 0x00, 0x00, 0x00, 0x00, 0x00, 0x00, 0x00, 0x00, 0x00, 0x00, 0x00, 0x00, 0x00,
    0x00, 0x00, 0x00, 0x00, 0x00, 0x00, 0x00, 0x00, 0x00, 0x00, 0x00, 0x00, 0x00, 0x00, 0x00, 0x00,
    0x00, 0x00, 0x00, 0x00, 0x00, 0x00, 0x00, 0x00, 0x00, 0x00, 0x00, 0x00, 0x00, 0x00, 0x00, 0x00,
    0x00, 0x00, 0x00, 0x00, 0x00, 0x00, 0x00, 0x00, 0x00, 0x00, 0x00, 0x00, 0x00, 0x00, 0x00, 0x00,
    0x00, 0x00, 0x00, 0x00, 0x00, 0x00, 0x00, 0x00, 0x00, 0x00, 0x00, 0x00, 0x00, 0x00, 0x00, 0x00,
    0x00, 0x00, 0x00, 0x00, 0x00, 0x00, 0x00, 0x00, 0x00, 0x00, 0x00, 0x00, 0x00, 0x00, 0x00, 0x00,
    0x00, 0x00, 0x00, 0x00, 0x00, 0x00, 0x00, 0x00, 0x00, 0x00, 0x00, 0x00, 0x00, 0x00, 0x00, 0x00,
    0x00, 0x00, 0x00, 0x00, 0x00, 0x00, 0x00, 0x00, 0x00, 0x00, 0x00, 0x00, 0x00, 0x00, 0x00, 0x00,
    0x00, 0x00, 0x00, 0x00, 0x00, 0x00, 0x00, 0x00, 0x00, 0x00, 0x00, 0x00, 0x00, 0x00, 0x00, 0x00,
    0x00, 0x00, 0x00, 0x00, 0x00, 0x00, 0x00, 0x00, 0x00, 0x00, 0x00, 0x00, 0x00, 0x00, 0x00, 0x00,
    0x00, 0x00, 0x00, 0x00, 0x00, 0x00, 0x00, 0x00, 0xF0, 0xBC, 0x11, 0x00, 0xE4, 0xBC, 0x11, 0x00,
    0xD8, 0xBC, 0x11, 0x00, 0x00, 0x00, 0x00, 0x00, 0x00, 0x00, 0x00, 0x00, 0x00, 0x00, 0x00, 0x00,
    0x00, 0x00, 0x00, 0x00, 0x00, 0x00, 0x00, 0x00, 0x00, 0x00, 0x00, 0x00, 0x00, 0x00, 0x00, 0x00,
    0x00, 0x00, 0x00, 0x00, 0x00, 0x00, 0x00, 0x00, 0x00, 0x00, 0x00, 0x00, 0x00, 0x00, 0x00, 0x00,
    0x00, 0x00, 0x00, 0x00, 0x00, 0x00, 0x00, 0x00, 0x00, 0x00, 0x00, 0x00, 0x00, 0x00, 0x00, 0x00,
    0x00, 0x00, 0x00, 0x00, 0x00, 0x00, 0x00, 0x00, 0x00, 0x00, 0x00, 0x00, 0x00, 0x00, 0x00, 0x00,
    0x00, 0x00, 0x00, 0x00, 0x00, 0x00, 0x00, 0x00, 0x00, 0x00, 0x00, 0x00, 0x00, 0x00, 0x00, 0x00,
    0x00, 0x00, 0x00, 0x00, 0x00, 0x00, 0x00, 0x00, 0x00, 0x00, 0x00, 0x00, 0x00, 0x00, 0x00, 0x00,
    0x00, 0x00, 0x00, 0x00, 0x00, 0x00, 0x00, 0x00, 0x00, 0x00, 0x00, 0x00, 0x00, 0x00, 0x00, 0x00,
    0x00, 0x00, 0x00, 0x00, 0x00, 0x00, 0x00, 0x00, 0x00, 0x00, 0x00, 0x00, 0x00, 0x00, 0x00, 0x00,
    0x00, 0x00, 0x00, 0x00, 0x00, 0x00, 0x00, 0x00, 0x00, 0x00, 0x00, 0x00, 0x00, 0x00, 0x00, 0x00,
    0x00, 0x00, 0x00, 0x00, 0x00, 0x00, 0x00, 0x00, 0x00, 0x00, 0x00, 0x00, 0x00, 0x00, 0x00, 0x00,
    0x00, 0x00, 0x00, 0x00, 0x00, 0x00, 0x00, 0x00, 0x00, 0x00, 0x00, 0x00, 0x00, 0x00, 0x00, 0x00,
    0x00, 0x00, 0x00, 0x00, 0x00, 0x00, 0x00, 0x00, 0x00, 0x00, 0x00, 0x00, 0x00, 0x00, 0x00, 0x00,
    0x00, 0x00, 0x00, 0x00, 0x00, 0x00, 0x00, 0x00, 0x00, 0x00, 0x00, 0x00, 0x00, 0x00, 0x00, 0x00,
    0x00, 0x00, 0x00, 0x00, 0x00, 0x00, 0x00, 0x00, 0x00, 0x00, 0x00, 0x00, 0x00, 0x00, 0x00, 0x00,
    0x00, 0x00, 0x00, 0x00, 0x00, 0x00, 0x00, 0x00, 0x00, 0x00, 0x00, 0x00, 0x00, 0x00, 0x00, 0x00,
    0x00, 0x00, 0x00, 0x00, 0x00, 0x00, 0x00, 0x00, 0x00, 0x00, 0x00, 0x00, 0x00, 0x00, 0x00, 0x00,
    0x00, 0x00, 0x00, 0x00, 0x00, 0x00, 0x00, 0x00, 0x00, 0x00, 0x00, 0x00, 0x00, 0x00, 0x00, 0x00,
    0x00, 0x00, 0x00, 0x00, 0x00, 0x00, 0x00, 0x00, 0x00, 0x00, 0x00, 0x00, 0x00, 0x00, 0x00, 0x00,
    0x00, 0x00, 0x00, 0x00, 0x00, 0x00, 0x00, 0x00, 0x00, 0x00, 0x00, 0x00, 0x00, 0x00, 0x00, 0x00,
    0x00, 0x00, 0x00, 0x00, 0x00, 0x00, 0x00, 0x00, 0x00, 0x00, 0x00, 0x00, 0x00, 0x00, 0x00, 0x00,
    0x00, 0x00, 0x00, 0x00, 0x00, 0x00, 0x00, 0x00, 0x00, 0x00, 0x00, 0x00, 0x00, 0x00, 0x00, 0x00,
    0x00, 0x00, 0x00, 0x00, 0x00, 0x00, 0x00, 0x00, 0x00, 0x00, 0x00, 0x00, 0x00, 0x00, 0x00, 0x00,
    0x00, 0x00, 0x00, 0x00, 0x00, 0x00, 0x00, 0x00, 0x00, 0x00, 0x00, 0x00, 0x00, 0x00, 0x00, 0x00,
    0x00, 0x00, 0x00, 0x00, 0x00, 0x00, 0x00, 0x00, 0x00, 0x00, 0x00, 0x00, 0x00, 0x00, 0x00, 0x00,
    0x00, 0x00, 0x00, 0x00, 0x00, 0x00, 0x00, 0x00, 0x00, 0x00, 0x00, 0x00, 0x00, 0x00, 0x00, 0x00,
    0x00, 0x00, 0x00, 0x00, 0x00, 0x00, 0x00, 0x00, 0x00, 0x00, 0x00, 0x00, 0x00, 0x00, 0x00, 0x00,
    0x00, 0x00, 0x00, 0x00, 0x00, 0x00, 0x00, 0x00, 0x00, 0x00, 0x00, 0x00, 0x00, 0x00, 0x00, 0x00,
    0x00, 0x00, 0x00, 0x00, 0x00, 0x00, 0x00, 0x00, 0x00, 0x00, 0x00, 0x00, 0x00, 0x00, 0x00, 0x00,
    0x00, 0x00, 0x00, 0x00, 0x00, 0x00, 0x00, 0x00, 0x00, 0x00, 0x00, 0x00, 0x00, 0x00, 0x00, 0x00,
    0x00, 0x00, 0x00, 0x00, 0x00, 0x00, 0x00, 0x00, 0x00, 0x00, 0x00, 0x00, 0x00, 0x00, 0x00, 0x00,
    0x00, 0x00, 0x00, 0x00, 0x00, 0x00, 0x00, 0x00, 0x00, 0x00, 0x00, 0x00, 0x00, 0x00, 0x00, 0x00,
    0x00, 0x00, 0x00, 0x00, 0x00, 0x00, 0x00, 0x00, 0x00, 0x00, 0x00, 0x00, 0x00, 0x00, 0x00, 0x00,
    0x00, 0x00, 0x00, 0x00, 0x00, 0x00, 0x00, 0x00, 0x00, 0x00, 0x00, 0x00, 0x00, 0x00, 0x00, 0x00,
    0x00, 0x00, 0x00, 0x00, 0x00, 0x00, 0x00, 0x00, 0x00, 0x00, 0x00, 0x00, 0x00, 0x00, 0x00, 0x00,
    0x00, 0x00, 0x00, 0x00, 0x00, 0x00, 0x00, 0x00, 0x00, 0x00, 0x00, 0x00, 0x00, 0x00, 0x00, 0x00,
    0x00, 0x00, 0x00, 0x00, 0x00, 0x00, 0x00, 0x00, 0x00, 0x00, 0x00, 0x00, 0x00, 0x00, 0x00, 0x00,
    0x00, 0x00, 0x00, 0x00, 0x00, 0x00, 0x00, 0x00, 0x00, 0x00, 0x00, 0x00, 0x00, 0x00, 0x00, 0x00,
    0x00, 0x00, 0x00, 0x00, 0x00, 0x00, 0x00, 0x00, 0x00, 0x00, 0x00, 0x00, 0x00, 0x00, 0x00, 0x00,
    0x00, 0x00, 0x00, 0x00, 0x00, 0x00, 0x00, 0x00, 0x00, 0x00, 0x00, 0x00, 0x00, 0x00, 0x00, 0x00,
    0x00, 0x00, 0x00, 0x00, 0x00, 0x00, 0x00, 0x00, 0x00, 0x00, 0x00, 0x00, 0x00, 0x00, 0x00, 0x00,
    0x00, 0x00, 0x00, 0x00, 0x00, 0x00, 0x00, 0x00, 0x00, 0x00, 0x00, 0x00, 0x00, 0x00, 0x00, 0x00,
    0x00, 0x00, 0x00, 0x00, 0x00, 0x00, 0x00, 0x00, 0x00, 0x00, 0x00, 0x00, 0x00, 0x00, 0x00, 0x00,
    0x00, 0x00, 0x00, 0x00, 0x00, 0x00, 0x00, 0x00, 0x00, 0x00, 0x00, 0x00, 0x00, 0x00, 0x00, 0x00,
    0x00, 0x00, 0x00, 0x00, 0x00, 0x00, 0x00, 0x00, 0x00, 0x00, 0x00, 0x00, 0x00, 0x00, 0x00, 0x00,
    0x00, 0x00, 0x00, 0x00, 0x00, 0x00, 0x00, 0x00, 0x00, 0x00, 0x00, 0x00, 0x00, 0x00, 0x00, 0x00,
    0x00, 0x00, 0x00, 0x00, 0x00, 0x00, 0x00, 0x00, 0x00, 0x00, 0x00, 0x00, 0x00, 0x00, 0x00, 0x00,
    0x00, 0x00, 0x00, 0x00, 0x00, 0x00, 0x00, 0x00, 0x00, 0x00, 0x00, 0x00, 0x00, 0x00, 0x00, 0x00,
    0x00, 0x00, 0x00, 0x00, 0x00, 0x00, 0x00, 0x00, 0x00, 0x00, 0x00, 0x00, 0x00, 0x00, 0x00, 0x00,
    0x00, 0x00, 0x00, 0x00, 0x00, 0x00, 0x00, 0x00, 0x00, 0x00, 0x00, 0x00, 0x00, 0x00, 0x00, 0x00,
    0x00, 0x00, 0x00, 0x00, 0x00, 0x00, 0x00, 0x00, 0x00, 0x00, 0x00, 0x00, 0x00, 0x00, 0x00, 0x00,
    0x00, 0x00, 0x00, 0x00, 0x00, 0x00, 0x00, 0x00, 0x00, 0x00, 0x00, 0x00, 0x00, 0x00, 0x00, 0x00,
    0x00, 0x00, 0x00, 0x00, 0x00, 0x00, 0x00, 0x00, 0x00, 0x00, 0x00, 0x00, 0x00, 0x00, 0x00, 0x00,
    0x00, 0x00, 0x00, 0x00, 0x00, 0x00, 0x00, 0x00, 0x00, 0x00, 0x00, 0x00, 0x00, 0x00, 0x00, 0x00,
    0x00, 0x00, 0x00, 0x00, 0x00, 0x00, 0x00, 0x00, 0x00, 0x00, 0x00, 0x00, 0x00, 0x00, 0x00, 0x00,
    0x00, 0x00, 0x00, 0x00, 0x00, 0x00, 0x00, 0x00, 0x00, 0x00, 0x00, 0x00, 0x00, 0x00, 0x00, 0x00,
    0x00, 0x00, 0x00, 0x00, 0x00, 0x00, 0x00, 0x00, 0x00, 0x00, 0x00, 0x00, 0x00, 0x00, 0x00, 0x00,
    0x00, 0x00, 0x00, 0x00, 0x00, 0x00, 0x00, 0x00, 0x00, 0x00, 0x00, 0x00, 0x00, 0x00, 0x00, 0x00,
    0x00, 0x00, 0x00, 0x00, 0x00, 0x00, 0x00, 0x00, 0x00, 0x00, 0x00, 0x00, 0x00, 0x00, 0x00, 0x00,
    0x00, 0x00, 0x00, 0x00, 0x00, 0x00, 0x00, 0x00, 0x00, 0x00, 0x00, 0x00, 0x00, 0x00, 0x00, 0x00,
    0x00, 0x00, 0x00, 0x00, 0x00, 0x00, 0x00, 0x00, 0x00, 0x00, 0x00, 0x00, 0x00, 0x00, 0x00, 0x00,
    0x00, 0x00, 0x00, 0x00, 0x00, 0x00, 0x00, 0x00, 0x00, 0x00, 0x00, 0x00, 0x00, 0x00, 0x00, 0x00,
    0x00, 0x00, 0x00, 0x00, 0x00, 0x00, 0x00, 0x00, 0x00, 0x00, 0x00, 0x00, 0x00, 0x00, 0x00, 0x00,
    0x00, 0x00, 0x00, 0x00, 0x00, 0x00, 0x00, 0x00, 0x00, 0x00, 0x00, 0x00, 0x00, 0x00, 0x00, 0x00,
    0x00, 0x00, 0x00, 0x00, 0x00, 0x00, 0x00, 0x00, 0x00, 0x00, 0x00, 0x00, 0x00, 0x00, 0x00, 0x00,
    0x00, 0x00, 0x00, 0x00, 0x00, 0x00, 0x00, 0x00, 0x00, 0x00, 0x00, 0x00, 0x00, 0x00, 0x00, 0x00,
    0x00, 0x00, 0x00, 0x00, 0x00, 0x00, 0x00, 0x00, 0x00, 0x00, 0x00, 0x00, 0x00, 0x00, 0x00, 0x00,
    0x00, 0x00, 0x00, 0x00, 0x00, 0x00, 0x00, 0x00, 0x00, 0x00, 0x00, 0x00, 0x00, 0x00, 0x00, 0x00,
    0x00, 0x00, 0x00, 0x00, 0x00, 0x00, 0x00, 0x00, 0x00, 0x00, 0x00, 0x00, 0x00, 0x00, 0x00, 0x00,
    0x00, 0x00, 0x00, 0x00, 0x00, 0x00, 0x00, 0x00, 0x00, 0x00, 0x00, 0x00, 0x00, 0x00, 0x00, 0x00,
    0x00, 0x00, 0x00, 0x00, 0x00, 0x00, 0x00, 0x00, 0x00, 0x00, 0x00, 0x00, 0x00, 0x00, 0x00, 0x00,
    0x00, 0x00, 0x00, 0x00, 0x00, 0x00, 0x00, 0x00, 0x00, 0x00, 0x00, 0x00, 0x00, 0x00, 0x00, 0x00,
    0x00, 0x00, 0x00, 0x00, 0x00, 0x00, 0x00, 0x00, 0x00, 0x00, 0x00, 0x00, 0x00, 0x00, 0x00, 0x00,
    0x00, 0x00, 0x00, 0x00, 0x00, 0x00, 0x00, 0x00, 0x00, 0x00, 0x00, 0x00, 0x00, 0x00, 0x00, 0x00,
    0x00, 0x00, 0x00, 0x00, 0x00, 0x00, 0x00, 0x00, 0x00, 0x00, 0x00, 0x00, 0x00, 0x00, 0x00, 0x00,
    0x00, 0x00, 0x00, 0x00, 0x00, 0x00, 0x00, 0x00, 0x00, 0x00, 0x00, 0x00, 0x00, 0x00, 0x00, 0x00,
    0x00, 0x00, 0x00, 0x00, 0x00, 0x00, 0x00, 0x00, 0x00, 0x00, 0x00, 0x00, 0x00, 0x00, 0x00, 0x00,
    0x00, 0x00, 0x00, 0x00, 0x00, 0x00, 0x00, 0x00, 0x00, 0x00, 0x00, 0x00, 0x00, 0x00, 0x00, 0x00,
    0x00, 0x00, 0x00, 0x00, 0x00, 0x00, 0x00, 0x00, 0x00, 0x00, 0x00, 0x00, 0x00, 0x00, 0x00, 0x00,
    0x00, 0x00, 0x00, 0x00, 0x00, 0x00, 0x00, 0x00, 0x00, 0x00, 0x00, 0x00, 0x00, 0x00, 0x00, 0x00,
    0x00, 0x00, 0x00, 0x00, 0x00, 0x00, 0x00, 0x00, 0x00, 0x00, 0x00, 0x00, 0x00, 0x00, 0x00, 0x00,
    0x00, 0x00, 0x00, 0x00, 0x00, 0x00, 0x00, 0x00, 0x00, 0x00, 0x00, 0x00, 0x00, 0x00, 0x00, 0x00,
    0x00, 0x00, 0x00, 0x00, 0x00, 0x00, 0x00, 0x00, 0x00, 0x00, 0x00, 0x00, 0x00, 0x00, 0x00, 0x00,
    0x00, 0x00, 0x00, 0x00, 0x00, 0x00, 0x00, 0x00, 0x00, 0x00, 0x00, 0x00, 0x00, 0x00, 0x00, 0x00,
    0x00, 0x00, 0x00, 0x00, 0x00, 0x00, 0x00, 0x00, 0x00, 0x00, 0x00, 0x00, 0x00, 0x00, 0x00, 0x00,
    0x00, 0x00, 0x00, 0x00, 0x00, 0x00, 0x00, 0x00, 0x00, 0x00, 0x00, 0x00, 0x00, 0x00, 0x00, 0x00,
    0x00, 0x00, 0x00, 0x00, 0x00, 0x00, 0x00, 0x00, 0x00, 0x00, 0x00, 0x00, 0x00, 0x00, 0x00, 0x00,
    0x00, 0x00, 0x00, 0x00, 0x00, 0x00, 0x00, 0x00, 0x00, 0x00, 0x00, 0x00, 0x00, 0x00, 0x00, 0x00,
    0x00, 0x00, 0x00, 0x00, 0x00, 0x00, 0x00, 0x00, 0x00, 0x00, 0x00, 0x00, 0x00, 0x00, 0x00, 0x00,
    0x00, 0x00, 0x00, 0x00, 0x00, 0x00, 0x00, 0x00, 0x00, 0x00, 0x00, 0x00, 0x00, 0x00, 0x00, 0x00,
    0x00, 0x00, 0x00, 0x00, 0x00, 0x00, 0x00, 0x00, 0x00, 0x00, 0x00, 0x00, 0x00, 0x00, 0x00, 0x00,
    0x00, 0x00, 0x00, 0x00, 0x00, 0x00, 0x00, 0x00, 0x00, 0x00, 0x00, 0x00, 0x00, 0x00, 0x00, 0x00,
    0x00, 0x00, 0x00, 0x00, 0x00, 0x00, 0x00, 0x00, 0x00, 0x00, 0x00, 0x00, 0x00, 0x00, 0x00, 0x00,
    0x00, 0x00, 0x00, 0x00, 0x00, 0x00, 0x00, 0x00, 0x00, 0x00, 0x00, 0x00, 0x00, 0x00, 0x00, 0x00,
    0x00, 0x00, 0x00, 0x00, 0x00, 0x00, 0x00, 0x00, 0x00, 0x00, 0x00, 0x00, 0x00, 0x00, 0x00, 0x00,
    0x00, 0x00, 0x00, 0x00, 0x00, 0x00, 0x00, 0x00, 0x00, 0x00, 0x00, 0x00, 0x00, 0x00, 0x00, 0x00,
    0x00, 0x00, 0x00, 0x00, 0x00, 0x00, 0x00, 0x00, 0x00, 0x00, 0x00, 0x00, 0x00, 0x00, 0x00, 0x00,
    0x00, 0x00, 0x00, 0x00, 0x00, 0x00, 0x00, 0x00, 0x00, 0x00, 0x00, 0x00, 0x00, 0x00, 0x00, 0x00,
    0x00, 0x00, 0x00, 0x00, 0x00, 0x00, 0x00, 0x00, 0x00, 0x00, 0x00, 0x00, 0x00, 0x00, 0x00, 0x00,
    0x00, 0x00, 0x00, 0x00, 0x00, 0x00, 0x00, 0x00, 0x00, 0x00, 0x00, 0x00, 0x00, 0x00, 0x00, 0x00,
    0x00, 0x00, 0x00, 0x00, 0x00, 0x00, 0x00, 0x00, 0x00, 0x00, 0x00, 0x00, 0x00, 0x00, 0x00, 0x00,
    0x00, 0x00, 0x00, 0x00, 0x00, 0x00, 0x00, 0x00, 0x00, 0x00, 0x00, 0x00, 0x00, 0x00, 0x00, 0x00,
    0x00, 0x00, 0x00, 0x00, 0x00, 0x00, 0x00, 0x00, 0x00, 0x00, 0x00, 0x00, 0x00, 0x00, 0x00, 0x00,
    0x00, 0x00, 0x00, 0x00, 0x00, 0x00, 0x00, 0x00, 0x00, 0x00, 0x00, 0x00, 0x00, 0x00, 0x00, 0x00,
    0x00, 0x00, 0x00, 0x00, 0x00, 0x00, 0x00, 0x00, 0x00, 0x00, 0x00, 0x00, 0x00, 0x00, 0x00, 0x00,
    0x00, 0x00, 0x00, 0x00, 0x00, 0x00, 0x00, 0x00, 0x00, 0x00, 0x00, 0x00, 0x00, 0x00, 0x00, 0x00,
    0x00, 0x00, 0x00, 0x00, 0x00, 0x00, 0x00, 0x00, 0x00, 0x00, 0x00, 0x00, 0x00, 0x00, 0x00, 0x00,
    0x00, 0x00, 0x00, 0x00, 0x00, 0x00, 0x00, 0x00, 0x00, 0x00, 0x00, 0x00, 0x00, 0x00, 0x00, 0x00,
    0x00, 0x00, 0x00, 0x00, 0x00, 0x00, 0x00, 0x00, 0x00, 0x00, 0x00, 0x00, 0x00, 0x00, 0x00, 0x00,
    0x00, 0x00, 0x00, 0x00, 0x00, 0x00, 0x00, 0x00, 0x00, 0x00, 0x00, 0x00, 0x00, 0x00, 0x00, 0x00,
    0x00, 0x00, 0x00, 0x00, 0x00, 0x00, 0x00, 0x00, 0x00, 0x00, 0x00, 0x00, 0x00, 0x00, 0x00, 0x00,
    0x00, 0x00, 0x00, 0x00, 0x00, 0x00, 0x00, 0x00, 0x00, 0x00, 0x00, 0x00, 0x00, 0x00, 0x00, 0x00,
    0x00, 0x00, 0x00, 0x00, 0x00, 0x00, 0x00, 0x00, 0x00, 0x00, 0x00, 0x00, 0x00, 0x00, 0x00, 0x00,
    0x00, 0x00, 0x00, 0x00, 0x00, 0x00, 0x00, 0x00, 0x00, 0x00, 0x00, 0x00, 0x00, 0x00, 0x00, 0x00,
    0x00, 0x00, 0x00, 0x00, 0x00, 0x00, 0x00, 0x00, 0x00, 0x00, 0x00, 0x00, 0x00, 0x00, 0x00, 0x00,
    0x00, 0x00, 0x00, 0x00, 0x00, 0x00, 0x00, 0x00, 0x00, 0x00, 0x00, 0x00, 0x00, 0x00, 0x00, 0x00,
    0x00, 0x00, 0x00, 0x00, 0x00, 0x00, 0x00, 0x00, 0x00, 0x00, 0x00, 0x00, 0x00, 0x00, 0x00, 0x00,
    0x00, 0x00, 0x00, 0x00, 0x00, 0x00, 0x00, 0x00, 0x00, 0x00, 0x00, 0x00, 0x00, 0x00, 0x00, 0x00,
    0x00, 0x00, 0x00, 0x00, 0x00, 0x00, 0x00, 0x00, 0x00, 0x00, 0x00, 0x00, 0x00, 0x00, 0x00, 0x00,
    0x00, 0x00, 0x00, 0x00, 0x00, 0x00, 0x00, 0x00, 0x00, 0x00, 0x00, 0x00, 0x00, 0x00, 0x00, 0x00,
    0x00, 0x00, 0x00, 0x00, 0x00, 0x00, 0x00, 0x00, 0x00, 0x00, 0x00, 0x00, 0x00, 0x00, 0x00, 0x00,
    0x00, 0x00, 0x00, 0x00, 0x00, 0x00, 0x00, 0x00, 0x00, 0x00, 0x00, 0x00, 0x00, 0x00, 0x00, 0x00,
    0x00, 0x00, 0x00, 0x00, 0x00, 0x00, 0x00, 0x00, 0x00, 0x00, 0x00, 0x00, 0x00, 0x00, 0x00, 0x00,
    0x00, 0x00, 0x00, 0x00, 0x00, 0x00, 0x00, 0x00, 0x00, 0x00, 0x00, 0x00, 0x00, 0x00, 0x00, 0x00,
    0x00, 0x00, 0x00, 0x00, 0x00, 0x00, 0x00, 0x00, 0x00, 0x00, 0x00, 0x00, 0x00, 0x00, 0x00, 0x00,
    0x00, 0x00, 0x00, 0x00, 0x00, 0x00, 0x00, 0x00, 0x00, 0x00, 0x00, 0x00, 0x00, 0x00, 0x00, 0x00,
    0x00, 0x00, 0x00, 0x00, 0x00, 0x00, 0x00, 0x00, 0x00, 0x00, 0x00, 0x00, 0x00, 0x00, 0x00, 0x00,
    0x00, 0x00, 0x00, 0x00, 0x00, 0x00, 0x00, 0x00, 0x00, 0x00, 0x00, 0x00, 0x00, 0x00, 0x00, 0x00,
    0x00, 0x00, 0x00, 0x00, 0x00, 0x00, 0x00, 0x00, 0x00, 0x00, 0x00, 0x00, 0x00, 0x00, 0x00, 0x00,
    0x00, 0x00, 0x00, 0x00, 0x00, 0x00, 0x00, 0x00, 0x00, 0x00, 0x00, 0x00, 0x00, 0x00, 0x00, 0x00,
    0x00, 0x00, 0x00, 0x00, 0x00, 0x00, 0x00, 0x00, 0x00, 0x00, 0x00, 0x00, 0x00, 0x00, 0x00, 0x00,
    0x00, 0x00, 0x00, 0x00, 0x00, 0x00, 0x00, 0x00, 0x00, 0x00, 0x00, 0x00, 0x00, 0x00, 0x00, 0x00,
    0x00, 0x00, 0x00, 0x00, 0x00, 0x00, 0x00, 0x00, 0x00, 0x00, 0x00, 0x00, 0x00, 0x00, 0x00, 0x00,
    0x00, 0x00, 0x00, 0x00, 0x00, 0x00, 0x00, 0x00, 0x00, 0x00, 0x00, 0x00, 0x00, 0x00, 0x00, 0x00,
    0x00, 0x00, 0x00, 0x00, 0x00, 0x00, 0x00, 0x00, 0x00, 0x00, 0x00, 0x00, 0x00, 0x00, 0x00, 0x00,
    0x00, 0x00, 0x00, 0x00, 0x00, 0x00, 0x00, 0x00, 0x00, 0x00, 0x00, 0x00, 0x00, 0x00, 0x00, 0x00,
    0x00, 0x00, 0x00, 0x00, 0x00, 0x00, 0x00, 0x00, 0x00, 0x00, 0x00, 0x00, 0x00, 0x00, 0x00, 0x00,
    0x00, 0x00, 0x00, 0x00, 0x00, 0x00, 0x00, 0x00, 0x00, 0x00, 0x00, 0x00, 0x00, 0x00, 0x00, 0x00,
    0x00, 0x00, 0x00, 0x00, 0x00, 0x00, 0x00, 0x00, 0x00, 0x00, 0x00, 0x00, 0x00, 0x00, 0x00, 0x00,
    0x00, 0x00, 0x00, 0x00, 0x00, 0x00, 0x00, 0x00, 0x00, 0x00, 0x00, 0x00, 0x00, 0x00, 0x00, 0x00,
    0x00, 0x00, 0x00, 0x00, 0x00, 0x00, 0x00, 0x00, 0x00, 0x00, 0x00, 0x00, 0x00, 0x00, 0x00, 0x00,
    0x00, 0x00, 0x00, 0x00, 0x00, 0x00, 0x00, 0x00, 0x00, 0x00, 0x00, 0x00, 0x00, 0x00, 0x00, 0x00,
    0x00, 0x00, 0x00, 0x00, 0x00, 0x00, 0x00, 0x00, 0x00, 0x00, 0x00, 0x00, 0x00, 0x00, 0x00, 0x00,
    0x00, 0x00, 0x00, 0x00, 0x00, 0x00, 0x00, 0x00, 0x00, 0x00, 0x00, 0x00, 0x00, 0x00, 0x00, 0x00,
    0x00, 0x00, 0x00, 0x00, 0x00, 0x00, 0x00, 0x00, 0x00, 0x00, 0x00, 0x00, 0x00, 0x00, 0x00, 0x00,
    0x00, 0x00, 0x00, 0x00, 0x00, 0x00, 0x00, 0x00, 0x00, 0x00, 0x00, 0x00, 0x00, 0x00, 0x00, 0x00,
    0x00, 0x00, 0x00, 0x00, 0x00, 0x00, 0x00, 0x00, 0x00, 0x00, 0x00, 0x00, 0x00, 0x00, 0x00, 0x00,
    0x00, 0x00, 0x00, 0x00, 0x00, 0x00, 0x00, 0x00, 0x00, 0x00, 0x00, 0x00, 0x00, 0x00, 0x00, 0x00,
    0x00, 0x00, 0x00, 0x00, 0x00, 0x00, 0x00, 0x00, 0x00, 0x00, 0x00, 0x00, 0x00, 0x00, 0x00, 0x00,
    0x00, 0x00, 0x00, 0x00, 0x00, 0x00, 0x00, 0x00, 0x00, 0x00, 0x00, 0x00, 0x00, 0x00, 0x00, 0x00,
    0x00, 0x00, 0x00, 0x00, 0x00, 0x00, 0x00, 0x00, 0x00, 0x00, 0x00, 0x00, 0x00, 0x00, 0x00, 0x00,
    0x00, 0x00, 0x00, 0x00, 0x00, 0x00, 0x00, 0x00, 0x00, 0x00, 0x00, 0x00, 0x00, 0x00, 0x00, 0x00,
    0x00, 0x00, 0x00, 0x00, 0x00, 0x00, 0x00, 0x00, 0x00, 0x00, 0x00, 0x00, 0x00, 0x00, 0x00, 0x00,
    0x00, 0x00, 0x00, 0x00, 0x00, 0x00, 0x00, 0x00, 0x00, 0x00, 0x00, 0x00, 0x00, 0x00, 0x00, 0x00,
    0x00, 0x00, 0x00, 0x00, 0x00, 0x00, 0x00, 0x00, 0x00, 0x00, 0x00, 0x00, 0x00, 0x00, 0x00, 0x00,
    0x00, 0x00, 0x00, 0x00, 0x00, 0x00, 0x00, 0x00, 0x00, 0x00, 0x00, 0x00, 0x00, 0x00, 0x00, 0x00,
    0x00, 0x00, 0x00, 0x00, 0x00, 0x00, 0x00, 0x00, 0x00, 0x00, 0x00, 0x00, 0x00, 0x00, 0x00, 0x00,
    0x00, 0x00, 0x00, 0x00, 0x00, 0x00, 0x00, 0x00, 0x00, 0x00, 0x00, 0x00, 0x00, 0x00, 0x00, 0x00,
    0x00, 0x00, 0x00, 0x00, 0x00, 0x00, 0x00, 0x00, 0x00, 0x00, 0x00, 0x00, 0x00, 0x00, 0x00, 0x00,
    0x00, 0x00, 0x00, 0x00, 0x00, 0x00, 0x00, 0x00, 0x00, 0x00, 0x00, 0x00, 0x00, 0x00, 0x00, 0x00,
    0x00, 0x00, 0x00, 0x00, 0x00, 0x00, 0x00, 0x00, 0x00, 0x00, 0x00, 0x00, 0x00, 0x00, 0x00, 0x00,
    0x00, 0x00, 0x00, 0x00, 0x00, 0x00, 0x00, 0x00, 0x00, 0x00, 0x00, 0x00, 0x00, 0x00, 0x00, 0x00,
    0x00, 0x00, 0x00, 0x00, 0x00, 0x00, 0x00, 0x00, 0x00, 0x00, 0x00, 0x00, 0x00, 0x00, 0x00, 0x00,
    0x00, 0x00, 0x00, 0x00, 0x00, 0x00, 0x00, 0x00, 0x00, 0x00, 0x00, 0x00, 0x00, 0x00, 0x00, 0x00,
    0x00, 0x00, 0x00, 0x00, 0x00, 0x00, 0x00, 0x00, 0x00, 0x00, 0x00, 0x00, 0x00, 0x00, 0x00, 0x00,
    0x00, 0x00, 0x00, 0x00, 0x00, 0x00, 0x00, 0x00, 0x00, 0x00, 0x00, 0x00, 0x00, 0x00, 0x00, 0x00,
    0x00, 0x00, 0x00, 0x00, 0x00, 0x00, 0x00, 0x00, 0x00, 0x00, 0x00, 0x00, 0x00, 0x00, 0x00, 0x00,
    0x00, 0x00, 0x00, 0x00, 0x00, 0x00, 0x00, 0x00, 0x00, 0x00, 0x00, 0x00, 0x00, 0x00, 0x00, 0x00,
    0x00, 0x00, 0x00, 0x00, 0x00, 0x00, 0x00, 0x00, 0x00, 0x00, 0x00, 0x00, 0x00, 0x00, 0x00, 0x00,
    0x00, 0x00, 0x00, 0x00, 0x00, 0x00, 0x00, 0x00, 0x00, 0x00, 0x00, 0x00, 0x00, 0x00, 0x00, 0x00,
    0x00, 0x00, 0x00, 0x00, 0x00, 0x00, 0x00, 0x00, 0x00, 0x00, 0x00, 0x00, 0x00, 0x00, 0x00, 0x00,
    0x00, 0x00, 0x00, 0x00, 0x00, 0x00, 0x00, 0x00, 0x00, 0x00, 0x00, 0x00, 0x00, 0x00, 0x00, 0x00,
    0x00, 0x00, 0x00, 0x00, 0x00, 0x00, 0x00, 0x00, 0x00, 0x00, 0x00, 0x00, 0x00, 0x00, 0x00, 0x00,
    0x00, 0x00, 0x00, 0x00, 0x00, 0x00, 0x00, 0x00, 0x00, 0x00, 0x00, 0x00, 0x00, 0x00, 0x00, 0x00,
    0x00, 0x00, 0x00, 0x00, 0x00, 0x00, 0x00, 0x00, 0x00, 0x00, 0x00, 0x00, 0x00, 0x00, 0x00, 0x00,
    0x00, 0x00, 0x00, 0x00, 0x00, 0x00, 0x00, 0x00, 0x00, 0x00, 0x00, 0x00, 0x00, 0x00, 0x00, 0x00,
    0x00, 0x00, 0x00, 0x00, 0x00, 0x00, 0x00, 0x00, 0x00, 0x00, 0x00, 0x00, 0x00, 0x00, 0x00, 0x00,
    0x00, 0x00, 0x00, 0x00, 0x00, 0x00, 0x00, 0x00, 0x00, 0x00, 0x00, 0x00, 0x00, 0x00, 0x00, 0x00,
    0x00, 0x00, 0x00, 0x00, 0x00, 0x00, 0x00, 0x00, 0x00, 0x00, 0x00, 0x00, 0x00, 0x00, 0x00, 0x00,
    0x00, 0x00, 0x00, 0x00, 0x00, 0x00, 0x00, 0x00, 0x00, 0x00, 0x00, 0x00, 0x00, 0x00, 0x00, 0x00,
    0x00, 0x00, 0x00, 0x00, 0x00, 0x00, 0x00, 0x00, 0x00, 0x00, 0x00, 0x00, 0x00, 0x00, 0x00, 0x00,
    0x00, 0x00, 0x00, 0x00, 0x00, 0x00, 0x00, 0x00, 0x00, 0x00, 0x00, 0x00, 0x00, 0x00, 0x00, 0x00,
    0x00, 0x00, 0x00, 0x00, 0x00, 0x00, 0x00, 0x00, 0x00, 0x00, 0x00, 0x00, 0x00, 0x00, 0x00, 0x00,
    0x00, 0x00, 0x00, 0x00, 0x00, 0x00, 0x00, 0x00, 0x00, 0x00, 0x00, 0x00, 0x00, 0x00, 0x00, 0x00,
    0x00, 0x00, 0x00, 0x00, 0x00, 0x00, 0x00, 0x00, 0x00, 0x00, 0x00, 0x00, 0x00, 0x00, 0x00, 0x00,
    0x00, 0x00, 0x00, 0x00, 0x00, 0x00, 0x00, 0x00, 0x00, 0x00, 0x00, 0x00, 0x00, 0x00, 0x00, 0x00,
    0x00, 0x00, 0x00, 0x00, 0x00, 0x00, 0x00, 0x00, 0x00, 0x00, 0x00, 0x00, 0x00, 0x00, 0x00, 0x00,
    0x00, 0x00, 0x00, 0x00, 0x00, 0x00, 0x00, 0x00, 0x00, 0x00, 0x00, 0x00, 0x00, 0x00, 0x00, 0x00,
    0x00, 0x00, 0x00, 0x00, 0x00, 0x00, 0x00, 0x00, 0x00, 0x00, 0x00, 0x00, 0x00, 0x00, 0x00, 0x00,
    0x00, 0x00, 0x00, 0x00, 0x00, 0x00, 0x00, 0x00, 0x00, 0x00, 0x00, 0x00, 0x00, 0x00, 0x00, 0x00,
    0x00, 0x00, 0x00, 0x00, 0x00, 0x00, 0x00, 0x00, 0x00, 0x00, 0x00, 0x00, 0x00, 0x00, 0x00, 0x00,
    0x00, 0x00, 0x00, 0x00, 0x00, 0x00, 0x00, 0x00, 0x00, 0x00, 0x00, 0x00, 0x00, 0x00, 0x00, 0x00,
    0x00, 0x00, 0x00, 0x00, 0x00, 0x00, 0x00, 0x00, 0x00, 0x00, 0x00, 0x00, 0x00, 0x00, 0x00, 0x00,
    0x00, 0x00, 0x00, 0x00, 0x00, 0x00, 0x00, 0x00, 0x00, 0x00, 0x00, 0x00, 0x00, 0x00, 0x00, 0x00,
    0x00, 0x00, 0x00, 0x00, 0x00, 0x00, 0x00, 0x00, 0x00, 0x00, 0x00, 0x00, 0x00, 0x00, 0x00, 0x00,
    0x00, 0x00, 0x00, 0x00, 0x00, 0x00, 0x00, 0x00, 0x00, 0x00, 0x00, 0x00, 0x00, 0x00, 0x00, 0x00,
    0x00, 0x00, 0x00, 0x00, 0x00, 0x00, 0x00, 0x00, 0x00, 0x00, 0x00, 0x00, 0x00, 0x00, 0x00, 0x00,
    0x00, 0x00, 0x00, 0x00, 0x00, 0x00, 0x00, 0x00, 0x00, 0x00, 0x00, 0x00, 0x00, 0x00, 0x00, 0x00,
    0x00, 0x00, 0x00, 0x00, 0x00, 0x00, 0x00, 0x00, 0x00, 0x00, 0x00, 0x00, 0x00, 0x00, 0x00, 0x00,
    0x00, 0x00, 0x00, 0x00, 0x00, 0x00, 0x00, 0x00, 0x00, 0x00, 0x00, 0x00, 0x00, 0x00, 0x00, 0x00,
    0x00, 0x00, 0x00, 0x00, 0x00, 0x00, 0x00, 0x00, 0x00, 0x00, 0x00, 0x00, 0x00, 0x00, 0x00, 0x00,
    0x00, 0x00, 0x00, 0x00, 0x00, 0x00, 0x00, 0x00, 0x00, 0x00, 0x00, 0x00, 0x00, 0x00, 0x00, 0x00,
    0x00, 0x00, 0x00, 0x00, 0x00, 0x00, 0x00, 0x00, 0x00, 0x00, 0x00, 0x00, 0x00, 0x00, 0x00, 0x00,
    0x00, 0x00, 0x00, 0x00, 0x00, 0x00, 0x00, 0x00, 0x00, 0x00, 0x00, 0x00, 0x00, 0x00, 0x00, 0x00,
    0x00, 0x00, 0x00, 0x00, 0x00, 0x00, 0x00, 0x00, 0x00, 0x00, 0x00, 0x00, 0x00, 0x00, 0x00, 0x00,
    0x00, 0x00, 0x00, 0x00, 0x00, 0x00, 0x00, 0x00, 0x00, 0x00, 0x00, 0x00, 0x00, 0x00, 0x00, 0x00,
    0x00, 0x00, 0x00, 0x00, 0x00, 0x00, 0x00, 0x00, 0x00, 0x00, 0x00, 0x00, 0x00, 0x00, 0x00, 0x00,
    0x00, 0x00, 0x00, 0x00, 0x00, 0x00, 0x00, 0x00, 0x00, 0x00, 0x00, 0x00, 0x00, 0x00, 0x00, 0x00,
    0x00, 0x00, 0x00, 0x00, 0x00, 0x00, 0x00, 0x00, 0x00, 0x00, 0x00, 0x00, 0x00, 0x00, 0x00, 0x00,
    0x00, 0x00, 0x00, 0x00, 0x00, 0x00, 0x00, 0x00, 0x00, 0x00, 0x00, 0x00, 0x00, 0x00, 0x00, 0x00,
    0x00, 0x00, 0x00, 0x00, 0x00, 0x00, 0x00, 0x00, 0x00, 0x00, 0x00, 0x00, 0x00, 0x00, 0x00, 0x00,
    0x00, 0x00, 0x00, 0x00, 0x00, 0x00, 0x00, 0x00, 0x00, 0x00, 0x00, 0x00, 0x00, 0x00, 0x00, 0x00,
    0x00, 0x00, 0x00, 0x00, 0x00, 0x00, 0x00, 0x00, 0x00, 0x00, 0x00, 0x00, 0x00, 0x00, 0x00, 0x00,
    0x00, 0x00, 0x00, 0x00, 0x00, 0x00, 0x00, 0x00, 0x00, 0x00, 0x00, 0x00, 0x00, 0x00, 0x00, 0x00,
    0x00, 0x00, 0x00, 0x00, 0x00, 0x00, 0x00, 0x00, 0x00, 0x00, 0x00, 0x00, 0x00, 0x00, 0x00, 0x00,
    0x00, 0x00, 0x00, 0x00, 0x00, 0x00, 0x00, 0x00, 0x00, 0x00, 0x00, 0x00, 0x00, 0x00, 0x00, 0x00,
    0x00, 0x00, 0x00, 0x00, 0x00, 0x00, 0x00, 0x00, 0x00, 0x00, 0x00, 0x00, 0x00, 0x00, 0x00, 0x00,
    0x00, 0x00, 0x00, 0x00, 0x00, 0x00, 0x00, 0x00, 0x00, 0x00, 0x00, 0x00, 0x00, 0x00, 0x00, 0x00,
    0x00, 0x00, 0x00, 0x00, 0x00, 0x00, 0x00, 0x00, 0x00, 0x00, 0x00, 0x00, 0x00, 0x00, 0x00, 0x00,
    0x00, 0x00, 0x00, 0x00, 0x00, 0x00, 0x00, 0x00, 0x00, 0x00, 0x00, 0x00, 0x00, 0x00, 0x00, 0x00,
    0x00, 0x00, 0x00, 0x00, 0x00, 0x00, 0x00, 0x00, 0x00, 0x00, 0x00, 0x00, 0x00, 0x00, 0x00, 0x00,
    0x00, 0x00, 0x00, 0x00, 0x00, 0x00, 0x00, 0x00, 0x00, 0x00, 0x00, 0x00, 0x00, 0x00, 0x00, 0x00,
    0x00, 0x00, 0x00, 0x00, 0x00, 0x00, 0x00, 0x00, 0x00, 0x00, 0x00, 0x00, 0x00, 0x00, 0x00, 0x00,
    0x00, 0x00, 0x00, 0x00, 0x00, 0x00, 0x00, 0x00, 0x00, 0x00, 0x00, 0x00, 0x00, 0x00, 0x00, 0x00,
    0x00, 0x00, 0x00, 0x00, 0x00, 0x00, 0x00, 0x00, 0x00, 0x00, 0x00, 0x00, 0x00, 0x00, 0x00, 0x00,
    0x00, 0x00, 0x00, 0x00, 0x00, 0x00, 0x00, 0x00, 0x00, 0x00, 0x00, 0x00, 0x00, 0x00, 0x00, 0x00,
    0x00, 0x00, 0x00, 0x00, 0x00, 0x00, 0x00, 0x00, 0x00, 0x00, 0x00, 0x00, 0x00, 0x00, 0x00, 0x00,
    0x00, 0x00, 0x00, 0x00, 0x00, 0x00, 0x00, 0x00, 0x00, 0x00, 0x00, 0x00, 0x00, 0x00, 0x00, 0x00,
    0x00, 0x00, 0x00, 0x00, 0x00, 0x00, 0x00, 0x00, 0x00, 0x00, 0x00, 0x00, 0x00, 0x00, 0x00, 0x00,
    0x00, 0x00, 0x00, 0x00, 0x00, 0x00, 0x00, 0x00, 0x00, 0x00, 0x00, 0x00, 0x00, 0x00, 0x00, 0x00,
    0x00, 0x00, 0x00, 0x00, 0x00, 0x00, 0x00, 0x00, 0x00, 0x00, 0x00, 0x00, 0x00, 0x00, 0x00, 0x00,
    0x00, 0x00, 0x00, 0x00, 0x00, 0x00, 0x00, 0x00, 0x00, 0x00, 0x00, 0x00, 0x00, 0x00, 0x00, 0x00,
    0x00, 0x00, 0x00, 0x00, 0x00, 0x00, 0x00, 0x00, 0x00, 0x00, 0x00, 0x00, 0x00, 0x00, 0x00, 0x00,
    0x00, 0x00, 0x00, 0x00, 0x00, 0x00, 0x00, 0x00, 0x00, 0x00, 0x00, 0x00, 0x00, 0x00, 0x00, 0x00,
    0x00, 0x00, 0x00, 0x00, 0x00, 0x00, 0x00, 0x00, 0x00, 0x00, 0x00, 0x00, 0x00, 0x00, 0x00, 0x00,
    0x00, 0x00, 0x00, 0x00, 0x00, 0x00, 0x00, 0x00, 0x00, 0x00, 0x00, 0x00, 0x00, 0x00, 0x00, 0x00,
    0x00, 0x00, 0x00, 0x00, 0x00, 0x00, 0x00, 0x00, 0x00, 0x00, 0x00, 0x00, 0x00, 0x00, 0x00, 0x00,
    0x00, 0x00, 0x00, 0x00, 0x00, 0x00, 0x00, 0x00, 0x00, 0x00, 0x00, 0x00, 0x00, 0x00, 0x00, 0x00,
    0x00, 0x00, 0x00, 0x00, 0x00, 0x00, 0x00, 0x00, 0x00, 0x00, 0x00, 0x00, 0x00, 0x00, 0x00, 0x00,
    0x00, 0x00, 0x00, 0x00, 0x00, 0x00, 0x00, 0x00, 0x00, 0x00, 0x00, 0x00, 0x00, 0x00, 0x00, 0x00,
    0x00, 0x00, 0x00, 0x00, 0x00, 0x00, 0x00, 0x00, 0x00, 0x00, 0x00, 0x00, 0x00, 0x00, 0x00, 0x00,
    0x00, 0x00, 0x00, 0x00, 0x00, 0x00, 0x00, 0x00, 0x00, 0x00, 0x00, 0x00, 0x00, 0x00, 0x00, 0x00,
    0x00, 0x00, 0x00, 0x00, 0x00, 0x00, 0x00, 0x00, 0x00, 0x00, 0x00, 0x00, 0x00, 0x00, 0x00, 0x00,
    0x00, 0x00, 0x00, 0x00, 0x00, 0x00, 0x00, 0x00, 0x00, 0x00, 0x00, 0x00, 0x00, 0x00, 0x00, 0x00,
    0x00, 0x00, 0x00, 0x00, 0x00, 0x00, 0x00, 0x00, 0x00, 0x00, 0x00, 0x00, 0x00, 0x00, 0x00, 0x00,
    0x00, 0x00, 0x00, 0x00, 0x00, 0x00, 0x00, 0x00, 0x00, 0x00, 0x00, 0x00, 0x00, 0x00, 0x00, 0x00,
    0x00, 0x00, 0x00, 0x00, 0x00, 0x00, 0x00, 0x00, 0x00, 0x00, 0x00, 0x00, 0x00, 0x00, 0x00, 0x00,
    0x00, 0x00, 0x00, 0x00, 0x00, 0x00, 0x00, 0x00, 0x00, 0x00, 0x00, 0x00, 0x00, 0x00, 0x00, 0x00,
    0x00, 0x00, 0x00, 0x00, 0x00, 0x00, 0x00, 0x00, 0x00, 0x00, 0x00, 0x00, 0x00, 0x00, 0x00, 0x00,
    0x00, 0x00, 0x00, 0x00, 0x00, 0x00, 0x00, 0x00, 0x00, 0x00, 0x00, 0x00, 0x00, 0x00, 0x00, 0x00,
    0x00, 0x00, 0x00, 0x00, 0x00, 0x00, 0x00, 0x00, 0x00, 0x00, 0x00, 0x00, 0x00, 0x00, 0x00, 0x00,
    0x00, 0x00, 0x00, 0x00, 0x00, 0x00, 0x00, 0x00, 0x00, 0x00, 0x00, 0x00, 0x00, 0x00, 0x00, 0x00,
    0x00, 0x00, 0x00, 0x00, 0x00, 0x00, 0x00, 0x00, 0x00, 0x00, 0x00, 0x00, 0x00, 0x00, 0x00, 0x00,
    0x00, 0x00, 0x00, 0x00, 0x00, 0x00, 0x00, 0x00, 0x00, 0x00, 0x00, 0x00, 0x00, 0x00, 0x00, 0x00,
    0x00, 0x00, 0x00, 0x00, 0x00, 0x00, 0x00, 0x00, 0x00, 0x00, 0x00, 0x00, 0x00, 0x00, 0x00, 0x00,
    0x00, 0x00, 0x00, 0x00, 0x00, 0x00, 0x00, 0x00, 0x02, 0x00, 0x00, 0x00, 0x01, 0x00, 0x00, 0x00,
    0x00, 0x00, 0x00, 0x00, 0x01, 0x00, 0x00, 0x00, 0x01, 0x00, 0x00, 0x00, 0x00, 0x00, 0x00, 0x00,
    0x00, 0x00, 0x00, 0x00, 0x01, 0x00, 0x00, 0x00, 0x00, 0x00, 0x00, 0x00, 0x1C, 0x95, 0x11, 0x00,
    0x1C, 0x95, 0x11, 0x00, 0x1C, 0x95, 0x11, 0x00, 0x00, 0x00, 0x00, 0x00, 0x00, 0x00, 0x00, 0x00,
    0x00, 0x00, 0x00, 0x00, 0x00, 0x00, 0x00, 0x00, 0x00, 0x00, 0x00, 0x00, 0x00, 0x00, 0x00, 0x00,
    0x00, 0x00, 0x00, 0x00, 0x00, 0x00, 0x00, 0x00, 0x00, 0x00, 0x00, 0x00, 0x00, 0x00, 0x00, 0x00,
    0x00, 0x00, 0x00, 0x00, 0x00, 0x00, 0x00, 0x00, 0x00, 0x00, 0x00, 0x00, 0x00, 0x00, 0x00, 0x00,
    0x00, 0x00, 0x00, 0x00, 0x00, 0x00, 0x00, 0x00, 0x00, 0x00, 0x00, 0x00, 0x00, 0x00, 0x00, 0x00,
    0x00, 0x00, 0x00, 0x00, 0x00, 0x00, 0x00, 0x00, 0x00, 0x00, 0x00, 0x00, 0x00, 0x00, 0x00, 0x00,
    0x00, 0x00, 0x00, 0x00, 0x00, 0x00, 0x00, 0x00, 0x00, 0x00, 0x00, 0x00, 0x00, 0x00, 0x00, 0x00,
    0x00, 0x00, 0x00, 0x00, 0x00, 0x00, 0x00, 0x00, 0x00, 0x00, 0x00, 0x00, 0x00, 0x00, 0x00, 0x00,
    0x00, 0x00, 0x00, 0x00, 0x00, 0x00, 0x00, 0x00, 0xFF, 0xFF, 0xFF, 0xFF, 0x08, 0x00, 0x00, 0x00,
    0x0C, 0x08, 0x00, 0x00, 0x00, 0x00, 0x00, 0x00, 0x00, 0x00, 0x00, 0x00, 0x00, 0x00, 0x00, 0x00,
    0x2C, 0x09, 0x10, 0x00, 0xDC, 0x08, 0x10, 0x00, 0x41, 0x2E, 0x00, 0x00, 0x00, 0x61, 0x65, 0x61,
    0x62, 0x69, 0x00, 0x01, 0x24, 0x00, 0x00, 0x00, 0x05, 0x37, 0x2D, 0x41, 0x00, 0x06, 0x0A, 0x07,
    0x41, 0x08, 0x01, 0x09, 0x02, 0x0A, 0x02, 0x12, 0x04, 0x14, 0x01, 0x15, 0x01, 0x17, 0x03, 0x18,
    0x01, 0x1A, 0x01, 0x1C, 0x01, 0x22, 0x01, 0x00, 0x2E, 0x73, 0x68, 0x73, 0x74, 0x72, 0x74, 0x61,
    0x62, 0x00, 0x2E, 0x74, 0x65, 0x78, 0x74, 0x00, 0x2E, 0x72, 0x6F, 0x64, 0x61, 0x74, 0x61, 0x00,
    0x2E, 0x65, 0x68, 0x5F, 0x66, 0x72, 0x61, 0x6D, 0x65, 0x00, 0x2E, 0x64, 0x61, 0x74, 0x61, 0x00,
    0x2E, 0x67, 0x6F, 0x74, 0x00, 0x2E, 0x67, 0x6F, 0x74, 0x2E, 0x70, 0x6C, 0x74, 0x00, 0x2E, 0x74,
    0x64, 0x61, 0x74, 0x61, 0x00, 0x2E, 0x74, 0x62, 0x73, 0x73, 0x00, 0x2E, 0x69, 0x6E, 0x69, 0x74,
    0x5F, 0x61, 0x72, 0x72, 0x61, 0x79, 0x00, 0x2E, 0x66, 0x69, 0x6E, 0x69, 0x5F, 0x61, 0x72, 0x72,
    0x61, 0x79, 0x00, 0x2E, 0x62, 0x73, 0x73, 0x00, 0x2E, 0x41, 0x52, 0x4D, 0x2E, 0x61, 0x74, 0x74,
    0x72, 0x69, 0x62, 0x75, 0x74, 0x65, 0x73, 0x00, 0x00, 0x00, 0x00, 0x00, 0x00, 0x00, 0x00, 0x00,
    0x00, 0x00, 0x00, 0x00, 0x00, 0x00, 0x00, 0x00, 0x00, 0x00, 0x00, 0x00, 0x00, 0x00, 0x00, 0x00,
    0x00, 0x00, 0x00, 0x00, 0x00, 0x00, 0x00, 0x00, 0x00, 0x00, 0x00, 0x00, 0x00, 0x00, 0x00, 0x00,
    0x0B, 0x00, 0x00, 0x00, 0x01, 0x00, 0x00, 0x00, 0x06, 0x00, 0x00, 0x00, 0x00, 0x00, 0x10, 0x00,
    0x00, 0x10, 0x00, 0x00, 0x3C, 0x77, 0x01, 0x00, 0x00, 0x00, 0x00, 0x00, 0x00, 0x00, 0x00, 0x00,
    0x20, 0x00, 0x00, 0x00, 0x00, 0x00, 0x00, 0x00, 0x11, 0x00, 0x00, 0x00, 0x01, 0x00, 0x00, 0x00,
    0x02, 0x00, 0x00, 0x00, 0x00, 0x80, 0x11, 0x00, 0x00, 0x90, 0x01, 0x00, 0xA0, 0x15, 0x00, 0x00,
    0x00, 0x00, 0x00, 0x00, 0x00, 0x00, 0x00, 0x00, 0x08, 0x00, 0x00, 0x00, 0x00, 0x00, 0x00, 0x00,
    0x19, 0x00, 0x00, 0x00, 0x01, 0x00, 0x00, 0x00, 0x02, 0x00, 0x00, 0x00, 0xA0, 0x95, 0x11, 0x00,
    0xA0, 0xA5, 0x01, 0x00, 0x00, 0x00, 0x00, 0x00, 0x00, 0x00, 0x00, 0x00, 0x00, 0x00, 0x00, 0x00,
    0x04, 0x00, 0x00, 0x00, 0x00, 0x00, 0x00, 0x00, 0x23, 0x00, 0x00, 0x00, 0x01, 0x00, 0x00, 0x00,
    0x03, 0x00, 0x00, 0x00, 0x00, 0xA0, 0x11, 0x00, 0x00, 0xB0, 0x01, 0x00, 0x8C, 0x1D, 0x00, 0x00,
    0x00, 0x00, 0x00, 0x00, 0x00, 0x00, 0x00, 0x00, 0x08, 0x00, 0x00, 0x00, 0x00, 0x00, 0x00, 0x00,
    0x29, 0x00, 0x00, 0x00, 0x01, 0x00, 0x00, 0x00, 0x03, 0x00, 0x00, 0x00, 0x8C, 0xBD, 0x11, 0x00,
    0x8C, 0xCD, 0x01, 0x00, 0x08, 0x00, 0x00, 0x00, 0x00, 0x00, 0x00, 0x00, 0x00, 0x00, 0x00, 0x00,
    0x04, 0x00, 0x00, 0x00, 0x00, 0x00, 0x00, 0x00, 0x2E, 0x00, 0x00, 0x00, 0x01, 0x00, 0x00, 0x00,
    0x03, 0x00, 0x00, 0x00, 0x94, 0xBD, 0x11, 0x00, 0x94, 0xCD, 0x01, 0x00, 0x0C, 0x00, 0x00, 0x00,
    0x00, 0x00, 0x00, 0x00, 0x00, 0x00, 0x00, 0x00, 0x04, 0x00, 0x00, 0x00, 0x04, 0x00, 0x00, 0x00,
    0x37, 0x00, 0x00, 0x00, 0x01, 0x00, 0x00, 0x00, 0x03, 0x04, 0x00, 0x00, 0xA0, 0xBD, 0x11, 0x00,
    0xA0, 0xCD, 0x01, 0x00, 0x00, 0x00, 0x00, 0x00, 0x00, 0x00, 0x00, 0x00, 0x00, 0x00, 0x00, 0x00,
    0x04, 0x00, 0x00, 0x00, 0x00, 0x00, 0x00, 0x00, 0x3E, 0x00, 0x00, 0x00, 0x08, 0x00, 0x00, 0x00,
    0x03, 0x04, 0x00, 0x00, 0xA0, 0xBD, 0x11, 0x00, 0xA0, 0xCD, 0x01, 0x00, 0x08, 0x0C, 0x00, 0x00,
    0x00, 0x00, 0x00, 0x00, 0x00, 0x00, 0x00, 0x00, 0x04, 0x00, 0x00, 0x00, 0x00, 0x00, 0x00, 0x00,
    0x44, 0x00, 0x00, 0x00, 0x0E, 0x00, 0x00, 0x00, 0x03, 0x00, 0x00, 0x00, 0xA0, 0xBD, 0x11, 0x00,
    0xA0, 0xCD, 0x01, 0x00, 0x04, 0x00, 0x00, 0x00, 0x00, 0x00, 0x00, 0x00, 0x00, 0x00, 0x00, 0x00,
    0x04, 0x00, 0x00, 0x00, 0x04, 0x00, 0x00, 0x00, 0x50, 0x00, 0x00, 0x00, 0x0F, 0x00, 0x00, 0x00,
    0x03, 0x00, 0x00, 0x00, 0xA4, 0xBD, 0x11, 0x00, 0xA4, 0xCD, 0x01, 0x00, 0x04, 0x00, 0x00, 0x00,
    0x00, 0x00, 0x00, 0x00, 0x00, 0x00, 0x00, 0x00, 0x04, 0x00, 0x00, 0x00, 0x04, 0x00, 0x00, 0x00,
    0x5C, 0x00, 0x00, 0x00, 0x08, 0x00, 0x00, 0x00, 0x03, 0x00, 0x00, 0x00, 0xA8, 0xBD, 0x11, 0x00,
    0xA8, 0xCD, 0x01, 0x00, 0x28, 0x2E, 0x00, 0x00, 0x00, 0x00, 0x00, 0x00, 0x00, 0x00, 0x00, 0x00,
    0x08, 0x00, 0x00, 0x00, 0x00, 0x00, 0x00, 0x00, 0x61, 0x00, 0x00, 0x00, 0x03, 0x00, 0x00, 0x70,
    0x00, 0x00, 0x00, 0x00, 0x00, 0x00, 0x00, 0x00, 0xA8, 0xCD, 0x01, 0x00, 0x2F, 0x00, 0x00, 0x00,
    0x00, 0x00, 0x00, 0x00, 0x00, 0x00, 0x00, 0x00, 0x01, 0x00, 0x00, 0x00, 0x00, 0x00, 0x00, 0x00,
    0x01, 0x00, 0x00, 0x00, 0x03, 0x00, 0x00, 0x00, 0x00, 0x00, 0x00, 0x00, 0x00, 0x00, 0x00, 0x00,
    0xD7, 0xCD, 0x01, 0x00, 0x71, 0x00, 0x00, 0x00, 0x00, 0x00, 0x00, 0x00, 0x00, 0x00, 0x00, 0x00,
    0x01, 0x00, 0x00, 0x00, 0x00, 0x00, 0x00, 0x00,
};

constexpr std::size_t ds_forwarder_stub_elf_size = sizeof(ds_forwarder_stub_elf);

} // namespace HW
